{"type":"FeatureCollection","features":[{"type":"Feature","properties":{"id":"w27375743","name":"Interfaith Chapel","height":8,"riseDelay":0.728},"geometry":{"type":"Polygon","coordinates":[[[-123.317114,48.460783],[-123.317105,48.460735],[-123.317189,48.460728],[-123.317158,48.460553],[-123.317075,48.460559],[-123.317068,48.460518],[-123.316828,48.460537],[-123.316873,48.460793],[-123.317021,48.460782],[-123.317022,48.46079],[-123.317114,48.460783]]]}},{"type":"Feature","properties":{"id":"w30351475","name":"David Strong Building","height":12,"riseDelay":0.341},"geometry":{"type":"Polygon","coordinates":[[[-123.313682,48.464931],[-123.31369,48.464983],[-123.313687,48.464983],[-123.313568,48.464992],[-123.313295,48.465012],[-123.313294,48.465],[-123.313247,48.465004],[-123.313183,48.465008],[-123.313136,48.465012],[-123.313124,48.46495],[-123.313069,48.464953],[-123.313021,48.464957],[-123.312935,48.464911],[-123.312913,48.464771],[-123.31298,48.464714],[-123.313101,48.464706],[-123.313154,48.464703],[-123.313144,48.464639],[-123.313164,48.464638],[-123.313163,48.464624],[-123.313505,48.464598],[-123.313628,48.464589],[-123.313635,48.464644],[-123.313685,48.464641],[-123.313734,48.464927],[-123.313682,48.464931]]]}},{"type":"Feature","properties":{"id":"w30351509","name":"Cunningham Building","height":12,"riseDelay":0.381},"geometry":{"type":"Polygon","coordinates":[[[-123.31225,48.462362],[-123.31219,48.462],[-123.312211,48.461998],[-123.312193,48.461889],[-123.312171,48.46189],[-123.312153,48.461783],[-123.311974,48.461796],[-123.311969,48.461768],[-123.31191,48.461772],[-123.311918,48.461817],[-123.311392,48.461855],[-123.311396,48.461877],[-123.311445,48.461874],[-123.311451,48.461914],[-123.311455,48.461933],[-123.311385,48.461938],[-123.311394,48.461988],[-123.31147,48.461982],[-123.31148,48.462042],[-123.311425,48.462046],[-123.311428,48.462067],[-123.311955,48.462029],[-123.312014,48.462384],[-123.312056,48.462381],[-123.312185,48.462371],[-123.312178,48.46233],[-123.312212,48.462328],[-123.312218,48.462364],[-123.31225,48.462362]]]}},{"type":"Feature","properties":{"id":"w30351532","name":"Petch Building","height":12,"riseDelay":0.338},"geometry":{"type":"Polygon","coordinates":[[[-123.311182,48.461965],[-123.311116,48.461565],[-123.310756,48.461591],[-123.310765,48.461647],[-123.309638,48.461728],[-123.309678,48.46197],[-123.309722,48.461967],[-123.30973,48.462021],[-123.309741,48.462089],[-123.309889,48.462078],[-123.309883,48.46204],[-123.309831,48.462044],[-123.309822,48.461987],[-123.30986,48.461985],[-123.309856,48.461955],[-123.31038,48.461918],[-123.310385,48.461945],[-123.310424,48.461942],[-123.310419,48.461913],[-123.310804,48.461885],[-123.310807,48.4619],[-123.310848,48.461897],[-123.310856,48.461949],[-123.310815,48.461952],[-123.310824,48.462007],[-123.310844,48.462006],[-123.310842,48.461993],[-123.310944,48.461986],[-123.310946,48.461997],[-123.310986,48.461994],[-123.310983,48.461979],[-123.311182,48.461965]]]}},{"type":"Feature","properties":{"id":"w40544564","name":"McKinnon Building","height":18,"riseDelay":0.234},"geometry":{"type":"Polygon","coordinates":[[[-123.31038,48.467071],[-123.310038,48.466894],[-123.310142,48.466805],[-123.310003,48.466735],[-123.309972,48.466719],[-123.31016,48.466573],[-123.310198,48.46657],[-123.310252,48.466566],[-123.310226,48.466412],[-123.310366,48.466404],[-123.310388,48.466555],[-123.310502,48.466547],[-123.310514,48.466624],[-123.310558,48.466621],[-123.310606,48.466617],[-123.310583,48.466464],[-123.310817,48.46644],[-123.310899,48.466374],[-123.310884,48.466287],[-123.311223,48.466262],[-123.311216,48.466218],[-123.311199,48.466111],[-123.311332,48.466101],[-123.311342,48.466154],[-123.311348,48.466192],[-123.311566,48.466308],[-123.311436,48.466418],[-123.311596,48.466506],[-123.311392,48.466679],[-123.311131,48.466894],[-123.311001,48.466827],[-123.310989,48.466834],[-123.310821,48.466971],[-123.310803,48.466962],[-123.310624,48.466866],[-123.31038,48.467071]]]}},{"type":"Feature","properties":{"id":"w40544565","name":"Campus Services Building","height":12,"riseDelay":0.16},"geometry":{"type":"Polygon","coordinates":[[[-123.309894,48.466272],[-123.309868,48.466294],[-123.309827,48.466272],[-123.309624,48.466442],[-123.309479,48.466366],[-123.309352,48.466298],[-123.309528,48.466151],[-123.309563,48.466122],[-123.30948,48.466078],[-123.309756,48.465847],[-123.309851,48.465897],[-123.309964,48.465802],[-123.309917,48.465778],[-123.310065,48.465655],[-123.310503,48.465885],[-123.310354,48.46601],[-123.310169,48.465913],[-123.310054,48.466009],[-123.31015,48.466059],[-123.310123,48.466081],[-123.310071,48.466125],[-123.310171,48.466177],[-123.309994,48.466325],[-123.309894,48.466272]]]}},{"type":"Feature","properties":{"id":"w40545420","name":"Sedgewick Building - Vanderkerkhove B Wing","height":8,"riseDelay":0.482},"geometry":{"type":"Polygon","coordinates":[[[-123.314836,48.464419],[-123.315297,48.464384],[-123.315435,48.464373],[-123.315426,48.464326],[-123.315693,48.464306],[-123.315684,48.464258],[-123.315675,48.464202],[-123.315348,48.464227],[-123.315337,48.464167],[-123.315728,48.464138],[-123.315716,48.464071],[-123.315709,48.464028],[-123.315337,48.464056],[-123.315325,48.463989],[-123.315165,48.464001],[-123.315171,48.464038],[-123.31518,48.464037],[-123.315196,48.464127],[-123.315234,48.464124],[-123.315253,48.46423],[-123.31526,48.464274],[-123.31507,48.464289],[-123.314817,48.464308],[-123.314836,48.464419]]]}},{"type":"Feature","properties":{"id":"w40545421","name":"Sedgewick Building - C Wing","height":12,"riseDelay":0.421},"geometry":{"type":"Polygon","coordinates":[[[-123.31424,48.464393],[-123.313944,48.464416],[-123.31394,48.464393],[-123.313916,48.464395],[-123.313905,48.464331],[-123.313927,48.46433],[-123.313925,48.464323],[-123.313923,48.464307],[-123.314112,48.464293],[-123.314103,48.464244],[-123.314515,48.464213],[-123.314505,48.464153],[-123.314117,48.464182],[-123.3141,48.464083],[-123.314103,48.464083],[-123.314104,48.464085],[-123.314464,48.464058],[-123.314463,48.464056],[-123.314451,48.46398],[-123.314828,48.463952],[-123.314844,48.464045],[-123.31458,48.464064],[-123.314591,48.464125],[-123.314999,48.464094],[-123.315002,48.464112],[-123.315021,48.46411],[-123.315028,48.464151],[-123.315009,48.464152],[-123.315016,48.464198],[-123.314606,48.464229],[-123.314629,48.464364],[-123.314584,48.464367],[-123.314554,48.46437],[-123.314545,48.464316],[-123.314231,48.464339],[-123.31424,48.464393]]]}},{"type":"Feature","properties":{"id":"w40545423","name":"Hickman Building","height":8,"riseDelay":0.412},"geometry":{"type":"Polygon","coordinates":[[[-123.314076,48.464031],[-123.313908,48.464043],[-123.313868,48.463801],[-123.313884,48.463772],[-123.313901,48.463776],[-123.313921,48.463743],[-123.313998,48.463764],[-123.314006,48.463751],[-123.314017,48.463733],[-123.314003,48.463652],[-123.314472,48.46362],[-123.314487,48.463705],[-123.314385,48.463711],[-123.314389,48.463726],[-123.314353,48.463733],[-123.314417,48.463845],[-123.314317,48.463929],[-123.314101,48.463908],[-123.314087,48.463933],[-123.314059,48.463933],[-123.314076,48.464031]]]}},{"type":"Feature","properties":{"id":"w40545425","name":"Sedgewick Building - A Wing","height":8,"riseDelay":0.458},"geometry":{"type":"Polygon","coordinates":[[[-123.315222,48.463934],[-123.315048,48.463947],[-123.315046,48.463936],[-123.314973,48.463941],[-123.314967,48.46391],[-123.314867,48.463917],[-123.314864,48.4639],[-123.314744,48.463909],[-123.314742,48.463894],[-123.314598,48.463905],[-123.314594,48.463884],[-123.314621,48.463882],[-123.314607,48.4638],[-123.315072,48.463764],[-123.315074,48.463777],[-123.315193,48.463768],[-123.315222,48.463934]]]}},{"type":"Feature","properties":{"id":"w40545426","name":"Human and Social Development Building","height":12,"riseDelay":0.467},"geometry":{"type":"Polygon","coordinates":[[[-123.3148,48.462938],[-123.314812,48.46293],[-123.314809,48.462902],[-123.315027,48.462885],[-123.315067,48.462851],[-123.315116,48.46285],[-123.315121,48.462884],[-123.315105,48.462897],[-123.315087,48.462913],[-123.315132,48.463183],[-123.314972,48.463195],[-123.31498,48.463244],[-123.314943,48.463277],[-123.314909,48.463307],[-123.314833,48.463312],[-123.314852,48.463419],[-123.314273,48.463466],[-123.314234,48.463496],[-123.314179,48.4635],[-123.314172,48.463459],[-123.314138,48.463442],[-123.314009,48.463378],[-123.313997,48.463295],[-123.314035,48.463263],[-123.3142,48.46325],[-123.314566,48.463223],[-123.314759,48.463208],[-123.314755,48.463176],[-123.314805,48.463172],[-123.314766,48.462941],[-123.3148,48.462938]]]}},{"type":"Feature","properties":{"id":"w40545427","name":"Music Wing","height":12,"riseDelay":0.513},"geometry":{"type":"Polygon","coordinates":[[[-123.314741,48.462781],[-123.314711,48.462729],[-123.314676,48.462528],[-123.314672,48.462507],[-123.31467,48.462492],[-123.314691,48.462484],[-123.314703,48.462483],[-123.314682,48.462349],[-123.314733,48.462345],[-123.31473,48.462325],[-123.314836,48.462316],[-123.314944,48.462308],[-123.314946,48.462315],[-123.314998,48.46231],[-123.31499,48.462261],[-123.315181,48.462247],[-123.315185,48.462267],[-123.315307,48.462257],[-123.315338,48.462434],[-123.31539,48.46243],[-123.315432,48.462687],[-123.315311,48.462695],[-123.315313,48.46271],[-123.315112,48.462726],[-123.315118,48.462764],[-123.314864,48.462784],[-123.314861,48.462773],[-123.314803,48.462777],[-123.314741,48.462781]]]}},{"type":"Feature","properties":{"id":"w40545428","name":"MacLaurin Building","height":20,"riseDelay":0.436},"geometry":{"type":"Polygon","coordinates":[[[-123.313469,48.462522],[-123.313447,48.462523],[-123.313457,48.46259],[-123.313486,48.462589],[-123.313493,48.46264],[-123.313497,48.462675],[-123.313309,48.462688],[-123.313312,48.462715],[-123.313251,48.46272],[-123.313255,48.462749],[-123.313273,48.462748],[-123.313279,48.462785],[-123.313483,48.462769],[-123.31349,48.462805],[-123.313508,48.46282],[-123.313522,48.462905],[-123.313534,48.462979],[-123.313547,48.46306],[-123.313527,48.463061],[-123.313537,48.463117],[-123.313513,48.463118],[-123.313544,48.463298],[-123.313621,48.463292],[-123.313686,48.463287],[-123.313692,48.463332],[-123.313754,48.463326],[-123.313747,48.463281],[-123.313801,48.463277],[-123.313786,48.463175],[-123.314171,48.463145],[-123.314168,48.46312],[-123.314214,48.463117],[-123.314211,48.463086],[-123.314206,48.463064],[-123.314183,48.463067],[-123.314179,48.463037],[-123.314141,48.463039],[-123.314131,48.46296],[-123.313797,48.462984],[-123.313794,48.462976],[-123.313692,48.462983],[-123.313678,48.462896],[-123.313647,48.46272],[-123.313697,48.462715],[-123.313688,48.462669],[-123.313702,48.462663],[-123.313735,48.462662],[-123.313732,48.462632],[-123.313695,48.462634],[-123.313693,48.462611],[-123.314079,48.462584],[-123.314079,48.462588],[-123.314097,48.462686],[-123.314075,48.462688],[-123.314092,48.46278],[-123.314473,48.462751],[-123.314458,48.462662],[-123.314474,48.462651],[-123.314456,48.46255],[-123.314471,48.462549],[-123.31447,48.462543],[-123.314466,48.462523],[-123.314463,48.462505],[-123.314436,48.462345],[-123.314413,48.462347],[-123.3144,48.462268],[-123.314033,48.462295],[-123.314044,48.462375],[-123.314026,48.462376],[-123.314044,48.462483],[-123.313936,48.462492],[-123.3138,48.462503],[-123.313793,48.462448],[-123.313775,48.462444],[-123.313758,48.462336],[-123.313759,48.462333],[-123.31375,48.462276],[-123.313461,48.462298],[-123.31347,48.462355],[-123.313503,48.462361],[-123.313505,48.462373],[-123.313518,48.46245],[-123.313462,48.462473],[-123.313469,48.462522]]]}},{"type":"Feature","properties":{"id":"w40545439","name":"Mearns Centre for Learning","height":22,"riseDelay":0.167},"geometry":{"type":"Polygon","coordinates":[[[-123.309535,48.463106],[-123.309534,48.463097],[-123.309637,48.46309],[-123.309638,48.463097],[-123.309909,48.463078],[-123.309954,48.463345],[-123.30996,48.463386],[-123.309968,48.463427],[-123.309986,48.463541],[-123.310011,48.463694],[-123.309742,48.463712],[-123.309743,48.46372],[-123.30964,48.463728],[-123.309639,48.463721],[-123.309418,48.463737],[-123.309422,48.463757],[-123.309313,48.463765],[-123.30931,48.463747],[-123.309144,48.463759],[-123.309132,48.463682],[-123.309107,48.463684],[-123.309109,48.463695],[-123.30877,48.46372],[-123.308773,48.463738],[-123.308692,48.463744],[-123.308683,48.463692],[-123.308736,48.463688],[-123.308731,48.46366],[-123.308714,48.46356],[-123.308706,48.463509],[-123.308762,48.463505],[-123.308752,48.463444],[-123.309031,48.463423],[-123.309027,48.463403],[-123.309082,48.463399],[-123.309056,48.463244],[-123.309039,48.463143],[-123.309046,48.463143],[-123.309202,48.463131],[-123.309199,48.463112],[-123.309312,48.463104],[-123.309315,48.463122],[-123.30934,48.463121],[-123.30942,48.463115],[-123.309535,48.463106]]]}},{"type":"Feature","properties":{"id":"w40545440","name":"Elliott Lecture Theatre","height":8,"riseDelay":0.275},"geometry":{"type":"Polygon","coordinates":[[[-123.310785,48.462739],[-123.310251,48.46278],[-123.310234,48.462679],[-123.310254,48.462677],[-123.310253,48.462668],[-123.310244,48.462615],[-123.310242,48.462604],[-123.310221,48.462605],[-123.310196,48.462461],[-123.31073,48.46242],[-123.310785,48.462739]]]}},{"type":"Feature","properties":{"id":"w40545441","name":"Elliott Building","height":14,"riseDelay":0.262},"geometry":{"type":"Polygon","coordinates":[[[-123.310016,48.462827],[-123.309479,48.462867],[-123.30946,48.46276],[-123.309773,48.462736],[-123.309767,48.462704],[-123.309754,48.462623],[-123.309727,48.462625],[-123.309719,48.462577],[-123.309716,48.462556],[-123.309704,48.462491],[-123.309637,48.462097],[-123.309701,48.462092],[-123.310013,48.462069],[-123.310103,48.462598],[-123.309956,48.46261],[-123.309957,48.462617],[-123.309974,48.462711],[-123.309975,48.462721],[-123.309998,48.46272],[-123.310016,48.462827]]]}},{"type":"Feature","properties":{"id":"w40545566","name":"Engineering Laboratory Wing","height":18,"riseDelay":0.417},"geometry":{"type":"Polygon","coordinates":[[[-123.311201,48.461395],[-123.311108,48.461402],[-123.31111,48.461411],[-123.310902,48.461427],[-123.310755,48.461467],[-123.310736,48.461439],[-123.310716,48.46144],[-123.310689,48.461296],[-123.310647,48.461299],[-123.310586,48.461303],[-123.310591,48.461339],[-123.310336,48.46136],[-123.310339,48.46138],[-123.310295,48.461383],[-123.310292,48.461364],[-123.310044,48.461385],[-123.310038,48.461337],[-123.310006,48.461158],[-123.309993,48.461088],[-123.310099,48.461078],[-123.310073,48.46104],[-123.310377,48.460953],[-123.310447,48.461067],[-123.310647,48.461052],[-123.310631,48.460942],[-123.310601,48.460945],[-123.310598,48.460919],[-123.310629,48.460917],[-123.310605,48.460789],[-123.310754,48.460778],[-123.310727,48.46073],[-123.310923,48.460678],[-123.310995,48.460798],[-123.310972,48.460803],[-123.310986,48.46089],[-123.311016,48.460888],[-123.31102,48.460914],[-123.310993,48.460916],[-123.311033,48.461157],[-123.311064,48.461155],[-123.311067,48.461182],[-123.311037,48.461184],[-123.311048,48.461255],[-123.31105,48.461268],[-123.311178,48.46126],[-123.311201,48.461395]]]}},{"type":"Feature","properties":{"id":"w40545568","name":"Engineering/Computer Science Building","height":22,"riseDelay":0.449},"geometry":{"type":"Polygon","coordinates":[[[-123.311776,48.461242],[-123.31161,48.461253],[-123.311605,48.461226],[-123.311588,48.461227],[-123.311481,48.461236],[-123.311496,48.461328],[-123.311444,48.461332],[-123.311438,48.461295],[-123.311332,48.461303],[-123.311322,48.461235],[-123.31132,48.461219],[-123.311193,48.461227],[-123.31119,48.461203],[-123.311114,48.461196],[-123.31118,48.460986],[-123.311121,48.460885],[-123.31111,48.460866],[-123.311176,48.460849],[-123.311179,48.460852],[-123.311217,48.460842],[-123.311252,48.460839],[-123.311248,48.460814],[-123.311404,48.460803],[-123.311414,48.460846],[-123.311476,48.460842],[-123.311539,48.460838],[-123.311521,48.46074],[-123.311574,48.460735],[-123.311589,48.46083],[-123.311617,48.460829],[-123.311615,48.460815],[-123.311698,48.460807],[-123.311776,48.461242]]]}},{"type":"Feature","properties":{"id":"w40545570","name":"Medical Sciences Building","height":8,"riseDelay":0.439},"geometry":{"type":"Polygon","coordinates":[[[-123.312783,48.461838],[-123.312766,48.461839],[-123.312767,48.461848],[-123.312732,48.461855],[-123.312683,48.46186],[-123.312631,48.461864],[-123.312585,48.461865],[-123.312556,48.461863],[-123.312554,48.461855],[-123.312297,48.461873],[-123.312293,48.461833],[-123.312318,48.461833],[-123.312317,48.461824],[-123.3123,48.461824],[-123.312298,48.461794],[-123.312265,48.461796],[-123.312261,48.461766],[-123.312321,48.461761],[-123.31232,48.461754],[-123.312318,48.461744],[-123.312295,48.461746],[-123.312285,48.461676],[-123.312278,48.461668],[-123.312273,48.461638],[-123.312264,48.461638],[-123.312224,48.46157],[-123.312252,48.46156],[-123.312249,48.461537],[-123.312347,48.461511],[-123.312427,48.461506],[-123.312473,48.461583],[-123.31247,48.461585],[-123.312487,48.461592],[-123.312502,48.461596],[-123.312521,48.461599],[-123.312539,48.461599],[-123.312554,48.461598],[-123.312573,48.461595],[-123.312589,48.461589],[-123.312608,48.46158],[-123.312627,48.461572],[-123.312651,48.461567],[-123.312673,48.461562],[-123.312706,48.46156],[-123.312701,48.461547],[-123.312727,48.461533],[-123.312725,48.461512],[-123.312822,48.461486],[-123.312843,48.461503],[-123.312875,48.461501],[-123.312911,48.461561],[-123.312924,48.461621],[-123.312807,48.461651],[-123.312808,48.461661],[-123.312812,48.461695],[-123.312861,48.461691],[-123.312903,48.461756],[-123.312879,48.461763],[-123.312876,48.461758],[-123.312851,48.461764],[-123.312828,48.461726],[-123.312761,48.46173],[-123.312783,48.461838]]]}},{"type":"Feature","properties":{"id":"w40545573","name":"David Turpin Building - A Wing","height":17.5,"riseDelay":0.409},"geometry":{"type":"Polygon","coordinates":[[[-123.314706,48.46502],[-123.314794,48.465014],[-123.314791,48.464995],[-123.314922,48.464888],[-123.314781,48.464814],[-123.314665,48.464913],[-123.314387,48.464937],[-123.314311,48.464944],[-123.314272,48.464727],[-123.314271,48.464717],[-123.314183,48.464726],[-123.314155,48.464728],[-123.314076,48.464736],[-123.314084,48.464784],[-123.314049,48.464787],[-123.314064,48.464873],[-123.31408,48.46497],[-123.313956,48.46498],[-123.313962,48.465026],[-123.313972,48.465103],[-123.31471,48.465045],[-123.314706,48.46502]]]}},{"type":"Feature","properties":{"id":"w40545574","name":"David Turpin Building - B Wing","height":10.5,"riseDelay":0.431},"geometry":{"type":"Polygon","coordinates":[[[-123.314198,48.464673],[-123.314191,48.464636],[-123.314168,48.464638],[-123.314088,48.464644],[-123.314031,48.464648],[-123.314029,48.46464],[-123.314014,48.464551],[-123.314522,48.464512],[-123.314526,48.46453],[-123.31471,48.464518],[-123.315078,48.464494],[-123.315086,48.464551],[-123.315023,48.464554],[-123.314987,48.464586],[-123.315149,48.464672],[-123.315225,48.464713],[-123.315122,48.4648],[-123.315098,48.464787],[-123.314805,48.464632],[-123.314754,48.464674],[-123.314739,48.464666],[-123.314681,48.464635],[-123.314198,48.464673]]]}},{"type":"Feature","properties":{"id":"w40547628","name":"Business and Economics Building","height":12,"riseDelay":0.329},"geometry":{"type":"Polygon","coordinates":[[[-123.313644,48.465403],[-123.313637,48.465403],[-123.313289,48.465428],[-123.313284,48.465398],[-123.313107,48.46541],[-123.313096,48.465338],[-123.31267,48.465368],[-123.312667,48.465352],[-123.312653,48.465353],[-123.312655,48.465362],[-123.312557,48.465368],[-123.312556,48.465361],[-123.312552,48.465335],[-123.31262,48.46533],[-123.312618,48.465316],[-123.312577,48.465319],[-123.312558,48.465202],[-123.312554,48.465175],[-123.313172,48.465132],[-123.313305,48.465122],[-123.313314,48.465177],[-123.313383,48.465173],[-123.313391,48.465219],[-123.313741,48.465194],[-123.313747,48.465236],[-123.313764,48.465338],[-123.31369,48.465343],[-123.313692,48.465358],[-123.313638,48.465362],[-123.313644,48.465403]]]}},{"type":"Feature","properties":{"id":"w40547629","name":"First Peoples House","height":8,"riseDelay":0.255},"geometry":{"type":"Polygon","coordinates":[[[-123.312129,48.463988],[-123.312081,48.463991],[-123.312095,48.46408],[-123.311629,48.464115],[-123.311619,48.464066],[-123.311461,48.464077],[-123.311453,48.464039],[-123.311338,48.464031],[-123.311264,48.464026],[-123.311262,48.463958],[-123.311264,48.463887],[-123.3114,48.463876],[-123.311492,48.463875],[-123.311583,48.463874],[-123.311653,48.463878],[-123.311765,48.463885],[-123.31182,48.46389],[-123.31182,48.463864],[-123.311991,48.463861],[-123.311992,48.463901],[-123.31213,48.463911],[-123.312129,48.463979],[-123.312129,48.463988]]]}},{"type":"Feature","properties":{"id":"w40547630","name":"Bob Wright Centre","height":24,"riseDelay":0.287},"geometry":{"type":"Polygon","coordinates":[[[-123.309488,48.462307],[-123.309249,48.462325],[-123.309203,48.462243],[-123.309166,48.462246],[-123.309114,48.462155],[-123.308984,48.462164],[-123.308961,48.462212],[-123.308858,48.462195],[-123.308827,48.46227],[-123.308868,48.462289],[-123.308824,48.46239],[-123.30873,48.462393],[-123.308701,48.462462],[-123.308583,48.462441],[-123.308487,48.462446],[-123.308483,48.462421],[-123.30845,48.462416],[-123.308573,48.462133],[-123.308619,48.462142],[-123.308645,48.462081],[-123.308631,48.462078],[-123.308586,48.462021],[-123.308635,48.462001],[-123.308692,48.462012],[-123.308719,48.461953],[-123.308789,48.461949],[-123.308775,48.461858],[-123.309388,48.46181],[-123.309403,48.461903],[-123.309589,48.46189],[-123.309611,48.46203],[-123.309458,48.462041],[-123.309444,48.461953],[-123.309411,48.461955],[-123.309429,48.462066],[-123.30952,48.462059],[-123.309529,48.462122],[-123.309488,48.462307]]]}},{"type":"Feature","properties":{"id":"w40547631","name":"Engineering Office Wing","height":8,"riseDelay":0.373},"geometry":{"type":"Polygon","coordinates":[[[-123.309819,48.461471],[-123.309535,48.461493],[-123.309492,48.46147],[-123.30948,48.46139],[-123.30946,48.461391],[-123.309458,48.461379],[-123.309455,48.46136],[-123.309473,48.461358],[-123.309462,48.461283],[-123.309492,48.461254],[-123.309776,48.461231],[-123.309822,48.461254],[-123.309829,48.461308],[-123.30987,48.461305],[-123.309878,48.461345],[-123.309885,48.461385],[-123.309842,48.461388],[-123.309851,48.461442],[-123.309819,48.461471]]]}},{"type":"Feature","properties":{"id":"w40547632","name":"Outdoor Aquatic Unit","height":8,"riseDelay":0.411},"geometry":{"type":"Polygon","coordinates":[[[-123.311867,48.461636],[-123.311541,48.461663],[-123.311529,48.461601],[-123.311524,48.461572],[-123.311519,48.461545],[-123.311512,48.461508],[-123.311809,48.461483],[-123.311838,48.461481],[-123.311867,48.461636]]]}},{"type":"Feature","properties":{"id":"w40547633","name":"Michael Williams Building","height":12,"riseDelay":0.404},"geometry":{"type":"Polygon","coordinates":[[[-123.314578,48.466301],[-123.314479,48.466327],[-123.314459,48.466292],[-123.314339,48.466323],[-123.31424,48.466158],[-123.314246,48.466157],[-123.314231,48.466131],[-123.314225,48.466133],[-123.314103,48.466142],[-123.314105,48.466157],[-123.31398,48.466166],[-123.313981,48.46617],[-123.313574,48.466202],[-123.313556,48.466091],[-123.313576,48.466089],[-123.313572,48.466066],[-123.313569,48.466045],[-123.313548,48.466045],[-123.31353,48.465933],[-123.313938,48.465902],[-123.313933,48.465873],[-123.313991,48.465869],[-123.314055,48.465863],[-123.314073,48.465974],[-123.31413,48.46597],[-123.314075,48.465883],[-123.314299,48.465826],[-123.314312,48.465848],[-123.314393,48.46598],[-123.314578,48.466301]]]}},{"type":"Feature","properties":{"id":"w40547634","name":"Continuing Studies Building","height":10.5,"riseDelay":0.322},"geometry":{"type":"Polygon","coordinates":[[[-123.312409,48.466534],[-123.312406,48.466514],[-123.312392,48.466514],[-123.312383,48.466455],[-123.312353,48.466457],[-123.312346,48.466408],[-123.31233,48.466409],[-123.312323,48.46636],[-123.31234,48.466359],[-123.312333,48.466312],[-123.312364,48.46631],[-123.312343,48.466173],[-123.312377,48.466171],[-123.312369,48.466124],[-123.312439,48.466119],[-123.312434,48.466088],[-123.312635,48.466074],[-123.312633,48.466059],[-123.312847,48.466044],[-123.31285,48.466065],[-123.312984,48.466055],[-123.312995,48.466128],[-123.31301,48.466127],[-123.313013,48.466146],[-123.313061,48.466106],[-123.313098,48.466125],[-123.313218,48.466188],[-123.312648,48.466664],[-123.312487,48.466579],[-123.312541,48.466533],[-123.312522,48.466535],[-123.312521,48.466526],[-123.312409,48.466534]]]}},{"type":"Feature","properties":{"id":"w40547635","name":"Hut E","height":8,"riseDelay":0.238},"geometry":{"type":"Polygon","coordinates":[[[-123.308818,48.467545],[-123.308597,48.467422],[-123.30869,48.467349],[-123.308645,48.467324],[-123.308755,48.467237],[-123.308793,48.467258],[-123.308814,48.46727],[-123.308797,48.467283],[-123.308847,48.467311],[-123.308869,48.467293],[-123.308846,48.46728],[-123.308955,48.467194],[-123.309135,48.467293],[-123.308818,48.467545]]]}},{"type":"Feature","properties":{"id":"w40547637","name":"Campus Security","height":3.5,"riseDelay":0.178},"geometry":{"type":"Polygon","coordinates":[[[-123.308746,48.466854],[-123.308705,48.466832],[-123.308671,48.46686],[-123.308549,48.466795],[-123.308582,48.466768],[-123.308478,48.466713],[-123.308511,48.466685],[-123.308499,48.466679],[-123.308565,48.466624],[-123.308678,48.466684],[-123.308769,48.466608],[-123.308804,48.466626],[-123.308833,48.466601],[-123.308876,48.466623],[-123.308922,48.466647],[-123.308891,48.466673],[-123.308926,48.466692],[-123.308852,48.466754],[-123.30886,48.466759],[-123.308746,48.466854]]]}},{"type":"Feature","properties":{"id":"w40547639","name":"Student Union Building","height":16,"riseDelay":0.018},"geometry":{"type":"Polygon","coordinates":[[[-123.308222,48.465679],[-123.308022,48.465572],[-123.307945,48.465637],[-123.30778,48.465549],[-123.307942,48.465412],[-123.307913,48.465396],[-123.308026,48.465303],[-123.308065,48.465324],[-123.308098,48.465296],[-123.308114,48.465283],[-123.308106,48.465275],[-123.308088,48.465275],[-123.307954,48.465204],[-123.30793,48.465068],[-123.30791,48.46507],[-123.30769,48.464953],[-123.307616,48.464958],[-123.307566,48.46465],[-123.307738,48.464637],[-123.307723,48.464542],[-123.307818,48.464537],[-123.307812,48.464495],[-123.307991,48.464483],[-123.307999,48.464541],[-123.308088,48.464534],[-123.308113,48.464688],[-123.308119,48.464726],[-123.308226,48.464719],[-123.308229,48.464741],[-123.308431,48.464726],[-123.308485,48.465038],[-123.308493,48.465086],[-123.308477,48.465087],[-123.308419,48.465091],[-123.308438,48.465204],[-123.308445,48.465244],[-123.308497,48.465272],[-123.308582,48.465266],[-123.308778,48.465251],[-123.308781,48.465269],[-123.308788,48.46531],[-123.308807,48.465431],[-123.308555,48.465449],[-123.308552,48.465414],[-123.308384,48.465427],[-123.308382,48.465415],[-123.30834,48.465451],[-123.308288,48.465494],[-123.308376,48.46554],[-123.308383,48.465544],[-123.308314,48.465601],[-123.308222,48.465679]]]}},{"type":"Feature","properties":{"id":"w40547644","name":"Health and Wellness Building","height":7,"riseDelay":0.4},"geometry":{"type":"Polygon","coordinates":[[[-123.309245,48.469106],[-123.309178,48.469069],[-123.309166,48.469076],[-123.309105,48.469042],[-123.309115,48.469034],[-123.309007,48.468974],[-123.309274,48.468765],[-123.309255,48.468754],[-123.30952,48.468545],[-123.309756,48.468678],[-123.309546,48.468844],[-123.309583,48.468865],[-123.309462,48.468935],[-123.309245,48.469106]]]}},{"type":"Feature","properties":{"id":"w40547645","name":"Saunders Annex","height":8,"riseDelay":0.359},"geometry":{"type":"Polygon","coordinates":[[[-123.309182,48.468367],[-123.308903,48.468212],[-123.308774,48.468314],[-123.308752,48.468302],[-123.308493,48.468507],[-123.308566,48.468548],[-123.308565,48.468549],[-123.308569,48.468551],[-123.3085,48.468606],[-123.308566,48.468643],[-123.308568,48.468642],[-123.308601,48.46866],[-123.308587,48.468671],[-123.308666,48.468716],[-123.308709,48.468682],[-123.308702,48.468678],[-123.308792,48.468606],[-123.308866,48.468648],[-123.309118,48.468448],[-123.309095,48.468436],[-123.309182,48.468367]]]}},{"type":"Feature","properties":{"id":"w40547646","name":null,"height":8,"riseDelay":0.338},"geometry":{"type":"Polygon","coordinates":[[[-123.308476,48.468342],[-123.308422,48.468385],[-123.3084,48.468373],[-123.308345,48.468417],[-123.30836,48.468426],[-123.308307,48.468468],[-123.308305,48.468467],[-123.308289,48.468458],[-123.308202,48.468528],[-123.307998,48.468415],[-123.308065,48.468362],[-123.307752,48.46819],[-123.307765,48.46818],[-123.307723,48.468156],[-123.307893,48.468021],[-123.308476,48.468342]]]}},{"type":"Feature","properties":{"id":"w40547650","name":"Saunders Building","height":8,"riseDelay":0.288},"geometry":{"type":"Polygon","coordinates":[[[-123.307773,48.467908],[-123.307613,48.468037],[-123.307489,48.467969],[-123.307649,48.467839],[-123.307427,48.467718],[-123.307528,48.467636],[-123.307753,48.467759],[-123.307848,48.467683],[-123.307971,48.46775],[-123.307876,48.467827],[-123.308038,48.467915],[-123.307937,48.467997],[-123.307773,48.467908]]]}},{"type":"Feature","properties":{"id":"w40547651","name":null,"height":8,"riseDelay":0.332},"geometry":{"type":"Polygon","coordinates":[[[-123.30768,48.468116],[-123.307564,48.468053],[-123.307145,48.468393],[-123.30726,48.468456],[-123.30768,48.468116]]]}},{"type":"Feature","properties":{"id":"w40547652","name":null,"height":8,"riseDelay":0.356},"geometry":{"type":"Polygon","coordinates":[[[-123.306922,48.468373],[-123.306749,48.468278],[-123.306558,48.468431],[-123.306731,48.468526],[-123.306922,48.468373]]]}},{"type":"Feature","properties":{"id":"w40547653","name":"Hut B","height":8,"riseDelay":0.44},"geometry":{"type":"Polygon","coordinates":[[[-123.308844,48.469532],[-123.308405,48.469284],[-123.308463,48.469239],[-123.308596,48.469313],[-123.30863,48.469287],[-123.308742,48.46935],[-123.308708,48.469377],[-123.308902,48.469486],[-123.308844,48.469532]]]}},{"type":"Feature","properties":{"id":"w40547654","name":"Hut A","height":8,"riseDelay":0.415},"geometry":{"type":"Polygon","coordinates":[[[-123.308653,48.46908],[-123.308569,48.469034],[-123.308429,48.469144],[-123.308513,48.469191],[-123.308653,48.46908]]]}},{"type":"Feature","properties":{"id":"w40547660","name":"Arthur Currie","height":8,"riseDelay":0.114},"geometry":{"type":"Polygon","coordinates":[[[-123.306578,48.465111],[-123.306514,48.465116],[-123.30652,48.465149],[-123.306415,48.465156],[-123.30641,48.465123],[-123.306345,48.465128],[-123.306311,48.464927],[-123.306374,48.464922],[-123.306372,48.464908],[-123.30637,48.464896],[-123.306474,48.464888],[-123.306479,48.464915],[-123.306544,48.46491],[-123.306578,48.465111]]]}},{"type":"Feature","properties":{"id":"w40547666","name":"Thompson","height":8,"riseDelay":0.142},"geometry":{"type":"Polygon","coordinates":[[[-123.306244,48.46466],[-123.306237,48.464616],[-123.306305,48.464611],[-123.306295,48.464556],[-123.306292,48.464539],[-123.306224,48.464544],[-123.306216,48.4645],[-123.305912,48.464523],[-123.305919,48.464568],[-123.305872,48.464571],[-123.305884,48.464643],[-123.305933,48.464639],[-123.30594,48.464683],[-123.306244,48.46466]]]}},{"type":"Feature","properties":{"id":"w40547671","name":"Craigdarroch Office Building","height":8,"riseDelay":0.131},"geometry":{"type":"Polygon","coordinates":[[[-123.306617,48.464628],[-123.306459,48.464639],[-123.306417,48.464388],[-123.306297,48.464397],[-123.306278,48.464281],[-123.306306,48.464279],[-123.30634,48.464277],[-123.306337,48.464261],[-123.306408,48.464255],[-123.306413,48.464286],[-123.306559,48.464275],[-123.306617,48.464628]]]}},{"type":"Feature","properties":{"id":"w40548173","name":"University Club","height":12,"riseDelay":0.634},"geometry":{"type":"Polygon","coordinates":[[[-123.317822,48.464048],[-123.31784,48.46416],[-123.317723,48.464168],[-123.317726,48.464185],[-123.317664,48.46419],[-123.317643,48.464056],[-123.317308,48.464079],[-123.317297,48.464008],[-123.317257,48.463752],[-123.317591,48.463729],[-123.317603,48.463807],[-123.317826,48.463792],[-123.317865,48.464045],[-123.317822,48.464048]]]}},{"type":"Feature","properties":{"id":"w40548177","name":"Phoenix Building","height":12,"riseDelay":0.643},"geometry":{"type":"Polygon","coordinates":[[[-123.31769,48.462654],[-123.317702,48.462737],[-123.317582,48.462745],[-123.317569,48.462766],[-123.317576,48.462816],[-123.317334,48.462832],[-123.317332,48.46282],[-123.317243,48.462826],[-123.31695,48.462853],[-123.316722,48.462869],[-123.316721,48.462858],[-123.316622,48.462864],[-123.316611,48.462795],[-123.316647,48.462793],[-123.316619,48.462606],[-123.316658,48.462603],[-123.316656,48.46259],[-123.316694,48.462588],[-123.316692,48.462573],[-123.316731,48.462571],[-123.316729,48.462558],[-123.31677,48.462555],[-123.316768,48.462541],[-123.316808,48.462539],[-123.316796,48.462457],[-123.316894,48.46245],[-123.316892,48.462436],[-123.316952,48.462432],[-123.31695,48.462418],[-123.317032,48.462413],[-123.317027,48.462386],[-123.317075,48.462383],[-123.317077,48.462398],[-123.317149,48.462393],[-123.317125,48.462343],[-123.317265,48.462333],[-123.317264,48.462323],[-123.317309,48.46232],[-123.31731,48.46233],[-123.317371,48.462326],[-123.317373,48.46234],[-123.317452,48.462334],[-123.317456,48.462361],[-123.317619,48.46235],[-123.31763,48.462421],[-123.317473,48.462431],[-123.31748,48.462481],[-123.317499,48.46248],[-123.317507,48.462534],[-123.317542,48.462531],[-123.31754,48.462517],[-123.317689,48.462507],[-123.317704,48.462607],[-123.317584,48.462622],[-123.31759,48.462661],[-123.31769,48.462654]]]}},{"type":"Feature","properties":{"id":"w40548183","name":"Visual Arts Building","height":12,"riseDelay":0.714},"geometry":{"type":"Polygon","coordinates":[[[-123.318477,48.461972],[-123.318471,48.461939],[-123.318337,48.461948],[-123.318331,48.461912],[-123.318153,48.461924],[-123.318151,48.461914],[-123.318071,48.461919],[-123.318082,48.46198],[-123.318022,48.461983],[-123.318034,48.46205],[-123.317863,48.462063],[-123.317856,48.46203],[-123.317784,48.462034],[-123.317776,48.461983],[-123.317685,48.461988],[-123.317682,48.461969],[-123.317539,48.46198],[-123.317547,48.462034],[-123.317437,48.462065],[-123.31746,48.46209],[-123.317476,48.462114],[-123.317494,48.462147],[-123.317502,48.462174],[-123.317691,48.462161],[-123.317697,48.462248],[-123.31772,48.462248],[-123.317731,48.46231],[-123.317781,48.462305],[-123.317803,48.462423],[-123.317993,48.462407],[-123.318006,48.462482],[-123.318148,48.462478],[-123.318159,48.462549],[-123.318275,48.46254],[-123.31825,48.462384],[-123.318292,48.462349],[-123.318376,48.462343],[-123.318362,48.462254],[-123.318637,48.462233],[-123.318624,48.462151],[-123.318659,48.462151],[-123.318658,48.462125],[-123.318657,48.462094],[-123.318695,48.462091],[-123.318692,48.462076],[-123.318672,48.461957],[-123.318477,48.461972]]]}},{"type":"Feature","properties":{"id":"w40548184","name":"Fine Arts Building","height":12,"riseDelay":0.642},"geometry":{"type":"Polygon","coordinates":[[[-123.316468,48.462207],[-123.316448,48.462088],[-123.316461,48.462087],[-123.316452,48.462031],[-123.316467,48.46203],[-123.316429,48.4618],[-123.316545,48.461792],[-123.316553,48.461845],[-123.316813,48.461826],[-123.316814,48.461833],[-123.316898,48.461827],[-123.316907,48.461883],[-123.316944,48.46188],[-123.316957,48.461959],[-123.317074,48.461951],[-123.317095,48.462076],[-123.316996,48.462091],[-123.316985,48.462124],[-123.316851,48.462134],[-123.316858,48.462178],[-123.316468,48.462207]]]}},{"type":"Feature","properties":{"id":"w40548918","name":"Child Care Complex","height":8,"riseDelay":0.419},"geometry":{"type":"Polygon","coordinates":[[[-123.304995,48.468787],[-123.304822,48.468693],[-123.304772,48.468733],[-123.304671,48.468678],[-123.304838,48.468543],[-123.304797,48.468521],[-123.304875,48.468458],[-123.304918,48.468481],[-123.304946,48.468459],[-123.305052,48.468516],[-123.305073,48.468499],[-123.30515,48.468541],[-123.305131,48.468556],[-123.305264,48.468628],[-123.305189,48.468689],[-123.305146,48.468665],[-123.304995,48.468787]]]}},{"type":"Feature","properties":{"id":"w40548924","name":null,"height":8,"riseDelay":0.468},"geometry":{"type":"Polygon","coordinates":[[[-123.304471,48.468878],[-123.304419,48.468849],[-123.304452,48.468823],[-123.304364,48.468774],[-123.304329,48.468801],[-123.304278,48.468773],[-123.304208,48.468828],[-123.304187,48.468816],[-123.304162,48.468836],[-123.304184,48.468848],[-123.304118,48.468899],[-123.304169,48.468927],[-123.304135,48.468954],[-123.304226,48.469004],[-123.304259,48.468979],[-123.304309,48.469007],[-123.304347,48.468977],[-123.304412,48.469013],[-123.3045,48.468943],[-123.304434,48.468907],[-123.304471,48.468878]]]}},{"type":"Feature","properties":{"id":"w40548954","name":"Bev Glover Greenhouse Facility","height":8,"riseDelay":0.334},"geometry":{"type":"Polygon","coordinates":[[[-123.308162,48.461579],[-123.307916,48.461442],[-123.307635,48.461664],[-123.307881,48.461801],[-123.308162,48.461579]]]}},{"type":"Feature","properties":{"id":"w114368107","name":null,"height":8,"riseDelay":0.398},"geometry":{"type":"Polygon","coordinates":[[[-123.311748,48.461713],[-123.31174,48.461666],[-123.3117,48.461669],[-123.311699,48.461664],[-123.311619,48.46167],[-123.31162,48.461675],[-123.31151,48.461684],[-123.311512,48.461696],[-123.311481,48.461698],[-123.311484,48.461716],[-123.311487,48.461733],[-123.311627,48.461723],[-123.311628,48.461729],[-123.311711,48.461722],[-123.311709,48.461716],[-123.311748,48.461713]]]}},{"type":"Feature","properties":{"id":"w114368832","name":"Halpern Centre for Graduate Students","height":8,"riseDelay":0.119},"geometry":{"type":"Polygon","coordinates":[[[-123.307465,48.46624],[-123.30724,48.466121],[-123.30723,48.466043],[-123.307404,48.465896],[-123.30763,48.466014],[-123.307636,48.466054],[-123.307642,48.46609],[-123.307465,48.46624]]]}},{"type":"Feature","properties":{"id":"w114434823","name":null,"height":8,"riseDelay":0.384},"geometry":{"type":"Polygon","coordinates":[[[-123.30767,48.468897],[-123.307558,48.468835],[-123.307637,48.468772],[-123.307593,48.468748],[-123.307625,48.468722],[-123.307721,48.468775],[-123.30771,48.468784],[-123.30777,48.468817],[-123.30767,48.468897]]]}},{"type":"Feature","properties":{"id":"w114434824","name":"Hut Q","height":8,"riseDelay":0.481},"geometry":{"type":"Polygon","coordinates":[[[-123.311239,48.469422],[-123.311102,48.469347],[-123.311266,48.469216],[-123.311402,48.469292],[-123.311239,48.469422]]]}},{"type":"Feature","properties":{"id":"w114434827","name":null,"height":8,"riseDelay":0.421},"geometry":{"type":"Polygon","coordinates":[[[-123.307452,48.469143],[-123.307318,48.469251],[-123.307248,48.469212],[-123.3073,48.469171],[-123.307106,48.469064],[-123.307189,48.468998],[-123.307452,48.469143]]]}},{"type":"Feature","properties":{"id":"w114434831","name":"Hut R","height":8,"riseDelay":0.515},"geometry":{"type":"Polygon","coordinates":[[[-123.311009,48.469928],[-123.310905,48.46987],[-123.311061,48.469746],[-123.311001,48.469712],[-123.310736,48.469922],[-123.310652,48.469876],[-123.310852,48.469718],[-123.310838,48.46971],[-123.310993,48.469587],[-123.311097,48.469645],[-123.311071,48.469666],[-123.311125,48.469696],[-123.311203,48.469634],[-123.311306,48.469692],[-123.311211,48.469767],[-123.311231,48.469778],[-123.3112,48.469803],[-123.311181,48.469792],[-123.311009,48.469928]]]}},{"type":"Feature","properties":{"id":"w114434834","name":null,"height":8,"riseDelay":0.4},"geometry":{"type":"Polygon","coordinates":[[[-123.307488,48.469026],[-123.307285,48.468914],[-123.307369,48.468847],[-123.307572,48.468959],[-123.307488,48.469026]]]}},{"type":"Feature","properties":{"id":"w114434836","name":"Hut Y","height":8,"riseDelay":0.574},"geometry":{"type":"Polygon","coordinates":[[[-123.313843,48.469394],[-123.31371,48.469327],[-123.313708,48.469321],[-123.313763,48.469272],[-123.313773,48.469272],[-123.31382,48.469294],[-123.313824,48.469291],[-123.313864,48.46931],[-123.31386,48.469314],[-123.313908,48.469337],[-123.313908,48.469343],[-123.313851,48.469392],[-123.313843,48.469394]]]}},{"type":"Feature","properties":{"id":"w114434838","name":"Hut V","height":8,"riseDelay":0.527},"geometry":{"type":"Polygon","coordinates":[[[-123.312391,48.469476],[-123.312339,48.469449],[-123.312395,48.469401],[-123.312447,48.469428],[-123.312391,48.469476]]]}},{"type":"Feature","properties":{"id":"w114438132","name":"Block 39","height":8,"riseDelay":0.376},"geometry":{"type":"Polygon","coordinates":[[[-123.305255,48.468046],[-123.305178,48.46805],[-123.305182,48.46808],[-123.305131,48.468083],[-123.305132,48.468095],[-123.305022,48.468101],[-123.305021,48.46809],[-123.305005,48.468091],[-123.305007,48.468102],[-123.304869,48.46811],[-123.304868,48.468098],[-123.304849,48.468099],[-123.30485,48.468111],[-123.304741,48.468116],[-123.30474,48.468105],[-123.304696,48.468107],[-123.304697,48.468119],[-123.304587,48.468124],[-123.304585,48.468114],[-123.304538,48.468116],[-123.304534,48.468085],[-123.304472,48.468089],[-123.304458,48.467969],[-123.304501,48.467967],[-123.3045,48.467959],[-123.304593,48.467954],[-123.304591,48.467939],[-123.304716,48.467933],[-123.304718,48.467948],[-123.304765,48.467946],[-123.304764,48.467938],[-123.304791,48.467937],[-123.304789,48.467924],[-123.304885,48.467919],[-123.304887,48.467932],[-123.304908,48.467931],[-123.304909,48.467937],[-123.304962,48.467935],[-123.304961,48.46792],[-123.305084,48.467914],[-123.305086,48.467928],[-123.305179,48.467923],[-123.30518,48.467931],[-123.305241,48.467928],[-123.305255,48.468046]]]}},{"type":"Feature","properties":{"id":"w114438141","name":"Block 36","height":8,"riseDelay":0.469},"geometry":{"type":"Polygon","coordinates":[[[-123.302872,48.468168],[-123.302819,48.468181],[-123.302811,48.468166],[-123.302786,48.468172],[-123.302758,48.468121],[-123.302726,48.468129],[-123.302699,48.468082],[-123.302686,48.468085],[-123.302643,48.46801],[-123.302657,48.468006],[-123.302652,48.467998],[-123.302639,48.468001],[-123.302596,48.467925],[-123.302613,48.467921],[-123.302588,48.467876],[-123.302598,48.467874],[-123.302592,48.467864],[-123.302629,48.467855],[-123.302614,48.467827],[-123.302628,48.467824],[-123.302623,48.467815],[-123.302647,48.467809],[-123.302653,48.46782],[-123.302695,48.46781],[-123.302733,48.467876],[-123.302785,48.467863],[-123.302798,48.467887],[-123.302786,48.46789],[-123.302817,48.467945],[-123.302859,48.467935],[-123.302877,48.467967],[-123.302832,48.467978],[-123.302862,48.46803],[-123.302873,48.468028],[-123.302888,48.468054],[-123.30284,48.468066],[-123.302886,48.468147],[-123.302863,48.468152],[-123.302872,48.468168]]]}},{"type":"Feature","properties":{"id":"w114438148","name":"Block 32","height":8,"riseDelay":0.39},"geometry":{"type":"Polygon","coordinates":[[[-123.303793,48.467608],[-123.303738,48.467621],[-123.303723,48.467594],[-123.303716,48.467595],[-123.30371,48.467584],[-123.303689,48.467589],[-123.303676,48.467567],[-123.303657,48.467572],[-123.303612,48.467492],[-123.303632,48.467487],[-123.303612,48.467451],[-123.303638,48.467445],[-123.303624,48.467421],[-123.303679,48.467407],[-123.303692,48.46743],[-123.303701,48.467428],[-123.303714,48.467451],[-123.303743,48.467443],[-123.303757,48.467467],[-123.303747,48.46747],[-123.303785,48.467537],[-123.303793,48.467535],[-123.303804,48.467554],[-123.303778,48.467561],[-123.30379,48.467582],[-123.30378,48.467584],[-123.303793,48.467608]]]}},{"type":"Feature","properties":{"id":"w114438149","name":"Block 37","height":8,"riseDelay":0.461},"geometry":{"type":"Polygon","coordinates":[[[-123.303094,48.468279],[-123.303088,48.468268],[-123.30302,48.468285],[-123.303012,48.468272],[-123.302948,48.468288],[-123.302928,48.468251],[-123.302944,48.468247],[-123.30293,48.46822],[-123.30298,48.468208],[-123.302976,48.468201],[-123.303023,48.468189],[-123.303008,48.468163],[-123.303045,48.468154],[-123.30305,48.468163],[-123.303134,48.468143],[-123.303117,48.468113],[-123.303161,48.468102],[-123.303178,48.468132],[-123.303261,48.468112],[-123.303256,48.468102],[-123.303292,48.468093],[-123.303303,48.468113],[-123.303352,48.468101],[-123.30336,48.468116],[-123.30341,48.468104],[-123.303425,48.468131],[-123.303445,48.468127],[-123.303464,48.468162],[-123.303412,48.468175],[-123.30342,48.46819],[-123.303329,48.468212],[-123.303334,48.468221],[-123.303218,48.468249],[-123.303212,48.468238],[-123.303198,48.468241],[-123.303204,48.468252],[-123.303094,48.468279]]]}},{"type":"Feature","properties":{"id":"w114438157","name":"Block 33","height":8,"riseDelay":0.397},"geometry":{"type":"Polygon","coordinates":[[[-123.303465,48.467438],[-123.303417,48.46745],[-123.3034,48.467418],[-123.30332,48.467438],[-123.303325,48.467448],[-123.303286,48.467457],[-123.303271,48.467429],[-123.303224,48.467441],[-123.30322,48.467433],[-123.30317,48.467446],[-123.303156,48.46742],[-123.303137,48.467424],[-123.303116,48.467387],[-123.303168,48.467375],[-123.303159,48.467359],[-123.303237,48.46734],[-123.303229,48.467327],[-123.303345,48.467298],[-123.303351,48.46731],[-123.303365,48.467307],[-123.303358,48.467295],[-123.303491,48.467263],[-123.303498,48.467275],[-123.30357,48.467257],[-123.30358,48.467274],[-123.303634,48.467261],[-123.303654,48.467297],[-123.303636,48.467302],[-123.303651,48.467328],[-123.303589,48.467343],[-123.303593,48.467352],[-123.303559,48.46736],[-123.303574,48.467387],[-123.303535,48.467397],[-123.30353,48.467387],[-123.303447,48.467407],[-123.303465,48.467438]]]}},{"type":"Feature","properties":{"id":"w114438162","name":"Block 38","height":8,"riseDelay":0.428},"geometry":{"type":"Polygon","coordinates":[[[-123.304294,48.468098],[-123.304229,48.468126],[-123.304252,48.468149],[-123.30421,48.468167],[-123.304219,48.468177],[-123.304128,48.468216],[-123.304117,48.468206],[-123.304102,48.468212],[-123.304112,48.468222],[-123.303999,48.468271],[-123.303989,48.468261],[-123.30397,48.46827],[-123.30398,48.46828],[-123.303891,48.468318],[-123.303881,48.468308],[-123.303845,48.468324],[-123.303854,48.468333],[-123.303764,48.468373],[-123.303753,48.468361],[-123.303712,48.468379],[-123.303689,48.468355],[-123.303639,48.468376],[-123.303542,48.468278],[-123.303577,48.468262],[-123.30357,48.468255],[-123.303646,48.468222],[-123.303635,48.468211],[-123.30374,48.468166],[-123.303752,48.468179],[-123.303792,48.468162],[-123.303785,48.468155],[-123.303808,48.468145],[-123.303798,48.468135],[-123.30387,48.468104],[-123.303879,48.468114],[-123.303904,48.468103],[-123.303911,48.46811],[-123.303955,48.468091],[-123.303943,48.468079],[-123.30405,48.468032],[-123.304061,48.468043],[-123.304136,48.468011],[-123.304146,48.468021],[-123.304196,48.467999],[-123.304294,48.468098]]]}},{"type":"Feature","properties":{"id":"w114438167","name":null,"height":8,"riseDelay":0.415},"geometry":{"type":"Polygon","coordinates":[[[-123.303509,48.467731],[-123.303411,48.467754],[-123.303356,48.467653],[-123.303454,48.46763],[-123.303509,48.467731]]]}},{"type":"Feature","properties":{"id":"w114438168","name":"Block 34","height":8,"riseDelay":0.435},"geometry":{"type":"Polygon","coordinates":[[[-123.302946,48.467797],[-123.302925,48.467776],[-123.302886,48.467794],[-123.302877,48.467785],[-123.302832,48.467806],[-123.302807,48.467782],[-123.302791,48.467789],[-123.30276,48.467759],[-123.302805,48.467739],[-123.302789,48.467723],[-123.302857,48.467693],[-123.302845,48.467682],[-123.302945,48.467636],[-123.302954,48.467645],[-123.302967,48.467639],[-123.302957,48.46763],[-123.303072,48.467578],[-123.303083,48.467589],[-123.303146,48.46756],[-123.303162,48.467575],[-123.303214,48.467552],[-123.303231,48.467567],[-123.30325,48.467559],[-123.303281,48.467588],[-123.303242,48.467606],[-123.303253,48.467616],[-123.303198,48.467641],[-123.303203,48.467646],[-123.303171,48.467661],[-123.303197,48.467686],[-123.303164,48.467701],[-123.303156,48.467693],[-123.303086,48.467725],[-123.303112,48.467751],[-123.303071,48.46777],[-123.303043,48.467743],[-123.302976,48.467774],[-123.302982,48.46778],[-123.302946,48.467797]]]}},{"type":"Feature","properties":{"id":"w114439413","name":"Block 27","height":8,"riseDelay":0.293},"geometry":{"type":"Polygon","coordinates":[[[-123.305607,48.467163],[-123.305563,48.467179],[-123.30559,48.467211],[-123.30555,48.467226],[-123.305558,48.467236],[-123.3055,48.467257],[-123.305491,48.467247],[-123.305458,48.46726],[-123.305468,48.467272],[-123.305428,48.467286],[-123.305437,48.467297],[-123.305376,48.46732],[-123.305367,48.467309],[-123.305333,48.467322],[-123.305344,48.467334],[-123.305307,48.467348],[-123.305316,48.467359],[-123.305253,48.467382],[-123.305244,48.467373],[-123.305194,48.467391],[-123.305117,48.467299],[-123.30516,48.467283],[-123.305155,48.467277],[-123.305201,48.46726],[-123.30522,48.467253],[-123.305226,48.46726],[-123.305253,48.467249],[-123.305242,48.467237],[-123.305285,48.467221],[-123.30528,48.467216],[-123.305343,48.467192],[-123.305349,48.467199],[-123.305377,48.467188],[-123.305366,48.467175],[-123.305408,48.46716],[-123.305404,48.467156],[-123.305436,48.467144],[-123.30547,48.467131],[-123.305475,48.467138],[-123.305516,48.467122],[-123.305526,48.467135],[-123.305569,48.467119],[-123.305607,48.467163]]]}},{"type":"Feature","properties":{"id":"w114439414","name":"Block 29","height":8,"riseDelay":0.32},"geometry":{"type":"Polygon","coordinates":[[[-123.304513,48.467264],[-123.304439,48.467174],[-123.304481,48.467158],[-123.304476,48.467152],[-123.304538,48.46713],[-123.304543,48.467137],[-123.304569,48.467127],[-123.30456,48.467117],[-123.304609,48.467099],[-123.304602,48.467091],[-123.304659,48.46707],[-123.304665,48.467078],[-123.304706,48.467063],[-123.304733,48.467095],[-123.304779,48.467078],[-123.304815,48.467122],[-123.304771,48.467138],[-123.304783,48.467152],[-123.304747,48.467165],[-123.304752,48.467171],[-123.304739,48.467176],[-123.304682,48.467197],[-123.304676,48.467189],[-123.304648,48.4672],[-123.304658,48.467211],[-123.304624,48.467224],[-123.30463,48.467231],[-123.304559,48.467257],[-123.304553,48.46725],[-123.304513,48.467264]]]}},{"type":"Feature","properties":{"id":"w114439415","name":null,"height":8,"riseDelay":0.299},"geometry":{"type":"Polygon","coordinates":[[[-123.305073,48.467107],[-123.304969,48.467146],[-123.304906,48.467073],[-123.305011,48.467034],[-123.305073,48.467107]]]}},{"type":"Feature","properties":{"id":"w114439416","name":"Block 30","height":8,"riseDelay":0.289},"geometry":{"type":"Polygon","coordinates":[[[-123.304801,48.467017],[-123.304795,48.46701],[-123.304755,48.467025],[-123.30468,48.466933],[-123.304729,48.466915],[-123.304724,48.466909],[-123.304783,48.466888],[-123.304788,48.466894],[-123.304811,48.466886],[-123.304801,48.466873],[-123.304848,48.466856],[-123.304841,48.466848],[-123.304905,48.466825],[-123.304911,48.466832],[-123.304935,48.466823],[-123.304924,48.46681],[-123.304973,48.466792],[-123.304967,48.466786],[-123.305029,48.466764],[-123.305034,48.46677],[-123.305076,48.466755],[-123.305153,48.466848],[-123.305114,48.466862],[-123.305119,48.466867],[-123.305048,48.466893],[-123.305044,48.466887],[-123.305017,48.466897],[-123.305027,48.466909],[-123.30499,48.466923],[-123.304995,48.46693],[-123.304923,48.466956],[-123.304918,48.466949],[-123.304893,48.466958],[-123.304904,48.466971],[-123.304866,48.466985],[-123.304871,48.466991],[-123.304801,48.467017]]]}},{"type":"Feature","properties":{"id":"w114439417","name":"Block 26","height":8,"riseDelay":0.267},"geometry":{"type":"Polygon","coordinates":[[[-123.305544,48.46697],[-123.305406,48.467021],[-123.305381,48.466992],[-123.305369,48.466996],[-123.305332,48.466952],[-123.305343,48.466948],[-123.305307,48.466906],[-123.305295,48.466911],[-123.305255,48.466862],[-123.305265,48.466859],[-123.305245,48.466834],[-123.305382,48.466783],[-123.305409,48.466815],[-123.305426,48.466809],[-123.305459,48.466849],[-123.305446,48.466854],[-123.305489,48.466905],[-123.305506,48.466898],[-123.305538,48.466937],[-123.305521,48.466943],[-123.305544,48.46697]]]}},{"type":"Feature","properties":{"id":"w114439418","name":"Block 28","height":8,"riseDelay":0.323},"geometry":{"type":"Polygon","coordinates":[[[-123.305054,48.467354],[-123.305011,48.46737],[-123.30502,48.46738],[-123.304962,48.467401],[-123.304953,48.46739],[-123.304905,48.467408],[-123.304895,48.467397],[-123.304871,48.467406],[-123.304881,48.467417],[-123.304817,48.467442],[-123.304807,48.46743],[-123.304762,48.467447],[-123.304683,48.467355],[-123.304723,48.46734],[-123.304719,48.467334],[-123.304785,48.467309],[-123.304791,48.467316],[-123.304833,48.4673],[-123.304842,48.46731],[-123.304867,48.467301],[-123.304859,48.467292],[-123.304918,48.46727],[-123.304927,48.467266],[-123.304935,48.467276],[-123.304974,48.467262],[-123.305054,48.467354]]]}},{"type":"Feature","properties":{"id":"w114440273","name":"Block 2","height":8,"riseDelay":0.314},"geometry":{"type":"Polygon","coordinates":[[[-123.30624,48.467881],[-123.306127,48.467908],[-123.306107,48.467871],[-123.30609,48.467875],[-123.306052,48.467805],[-123.306064,48.467802],[-123.306051,48.467778],[-123.306034,48.467782],[-123.306025,48.467766],[-123.305997,48.467773],[-123.305969,48.467721],[-123.30599,48.467716],[-123.305987,48.467709],[-123.306104,48.467681],[-123.306141,48.467747],[-123.306163,48.467741],[-123.30624,48.467881]]]}},{"type":"Feature","properties":{"id":"w114440274","name":null,"height":8,"riseDelay":0.21},"geometry":{"type":"Polygon","coordinates":[[[-123.306764,48.466929],[-123.306574,48.466853],[-123.30664,48.46678],[-123.306687,48.466799],[-123.306693,48.466792],[-123.306789,48.46683],[-123.306781,48.466838],[-123.306829,48.466857],[-123.306764,48.466929]]]}},{"type":"Feature","properties":{"id":"w114440277","name":"Block 3","height":8,"riseDelay":0.291},"geometry":{"type":"Polygon","coordinates":[[[-123.306337,48.467765],[-123.306238,48.467711],[-123.306248,48.467703],[-123.306232,48.467694],[-123.306284,48.467652],[-123.306302,48.467662],[-123.306319,48.467649],[-123.306338,48.46766],[-123.306361,48.467641],[-123.306353,48.467636],[-123.306422,48.46758],[-123.306433,48.467586],[-123.306457,48.467566],[-123.306431,48.467551],[-123.306462,48.467526],[-123.306475,48.467533],[-123.306518,48.467498],[-123.30661,48.467548],[-123.306545,48.467602],[-123.306562,48.467611],[-123.306424,48.467723],[-123.306403,48.467711],[-123.306337,48.467765]]]}},{"type":"Feature","properties":{"id":"w114440280","name":"Block 7","height":8,"riseDelay":0.254},"geometry":{"type":"Polygon","coordinates":[[[-123.306756,48.46743],[-123.306621,48.467307],[-123.306723,48.467257],[-123.306763,48.467294],[-123.306774,48.467289],[-123.306833,48.467344],[-123.306823,48.467349],[-123.306858,48.467381],[-123.306756,48.46743]]]}},{"type":"Feature","properties":{"id":"w114440281","name":"Block 8","height":8,"riseDelay":0.226},"geometry":{"type":"Polygon","coordinates":[[[-123.307064,48.467174],[-123.306939,48.467157],[-123.306961,48.467083],[-123.306923,48.467077],[-123.306932,48.467048],[-123.306901,48.467044],[-123.306899,48.467052],[-123.306843,48.467044],[-123.306836,48.467066],[-123.306799,48.467061],[-123.306775,48.467137],[-123.306652,48.46712],[-123.306677,48.467039],[-123.306722,48.467045],[-123.306744,48.466975],[-123.306848,48.46699],[-123.306855,48.466967],[-123.306967,48.466982],[-123.306961,48.467002],[-123.30707,48.467017],[-123.307048,48.46709],[-123.307088,48.467095],[-123.307064,48.467174]]]}},{"type":"Feature","properties":{"id":"w114440282","name":"Block 5","height":8,"riseDelay":0.261},"geometry":{"type":"Polygon","coordinates":[[[-123.306194,48.467401],[-123.306125,48.467384],[-123.306128,48.467379],[-123.306087,48.467369],[-123.306125,48.467304],[-123.306102,48.467298],[-123.306228,48.467086],[-123.306281,48.467099],[-123.306285,48.467093],[-123.306353,48.46711],[-123.306349,48.467118],[-123.306389,48.467128],[-123.306386,48.467132],[-123.306407,48.467137],[-123.306361,48.467215],[-123.306299,48.467199],[-123.306284,48.467225],[-123.306294,48.467228],[-123.306252,48.467299],[-123.306241,48.467296],[-123.306228,48.46732],[-123.30626,48.467328],[-123.306233,48.467373],[-123.306213,48.467368],[-123.306194,48.467401]]]}},{"type":"Feature","properties":{"id":"w114440283","name":null,"height":8,"riseDelay":0.234},"geometry":{"type":"Polygon","coordinates":[[[-123.306521,48.467091],[-123.30644,48.46706],[-123.306457,48.46704],[-123.306387,48.467013],[-123.306413,48.466982],[-123.306485,48.467009],[-123.306502,48.46699],[-123.306582,48.467021],[-123.306521,48.467091]]]}},{"type":"Feature","properties":{"id":"w114440284","name":"Block 6","height":8,"riseDelay":0.256},"geometry":{"type":"Polygon","coordinates":[[[-123.306384,48.467402],[-123.306292,48.467343],[-123.306332,48.467316],[-123.306323,48.46731],[-123.306402,48.467256],[-123.30641,48.467261],[-123.30644,48.46724],[-123.306427,48.467232],[-123.306445,48.46722],[-123.306423,48.467207],[-123.306478,48.467169],[-123.306497,48.467181],[-123.306506,48.467175],[-123.306595,48.467232],[-123.306518,48.467285],[-123.306537,48.467297],[-123.306384,48.467402]]]}},{"type":"Feature","properties":{"id":"w114440285","name":"Block 1","height":8,"riseDelay":0.325},"geometry":{"type":"Polygon","coordinates":[[[-123.306038,48.46801],[-123.306008,48.467984],[-123.306004,48.467987],[-123.305939,48.467932],[-123.305919,48.467943],[-123.30584,48.467876],[-123.305843,48.467874],[-123.305814,48.46785],[-123.30583,48.467842],[-123.305793,48.46781],[-123.305796,48.467809],[-123.305769,48.467786],[-123.305869,48.467734],[-123.305875,48.467739],[-123.305893,48.467729],[-123.305946,48.467774],[-123.305928,48.467783],[-123.305942,48.467794],[-123.305921,48.467805],[-123.305946,48.467826],[-123.305957,48.467821],[-123.306028,48.467881],[-123.30601,48.467891],[-123.306027,48.467905],[-123.306063,48.467887],[-123.306099,48.467917],[-123.306091,48.467921],[-123.306136,48.467959],[-123.306038,48.46801]]]}},{"type":"Feature","properties":{"id":"w114440287","name":"Block 4","height":8,"riseDelay":0.287},"geometry":{"type":"Polygon","coordinates":[[[-123.3062,48.46763],[-123.306189,48.467619],[-123.306175,48.467624],[-123.306108,48.467553],[-123.306196,48.467516],[-123.306182,48.467501],[-123.306364,48.467426],[-123.306431,48.467496],[-123.306389,48.467513],[-123.306396,48.46752],[-123.306303,48.467558],[-123.306297,48.467552],[-123.306267,48.467564],[-123.306282,48.46758],[-123.306258,48.46759],[-123.306269,48.467601],[-123.3062,48.46763]]]}},{"type":"Feature","properties":{"id":"w114440288","name":"Block 11","height":8,"riseDelay":0.2},"geometry":{"type":"Polygon","coordinates":[[[-123.306981,48.466809],[-123.306884,48.466866],[-123.306799,48.466804],[-123.306819,48.466792],[-123.306782,48.466765],[-123.306771,48.466772],[-123.306757,48.466762],[-123.306742,48.466771],[-123.306674,48.46672],[-123.306644,48.466737],[-123.306657,48.466747],[-123.306585,48.46679],[-123.30654,48.466756],[-123.306553,48.466748],[-123.306498,48.466707],[-123.306664,48.466608],[-123.306688,48.466626],[-123.306695,48.466622],[-123.306744,48.466658],[-123.306761,48.466647],[-123.30683,48.466698],[-123.30685,48.466686],[-123.306931,48.466746],[-123.306911,48.466758],[-123.306981,48.466809]]]}},{"type":"Feature","properties":{"id":"w114441223","name":"Block 20","height":8,"riseDelay":0.248},"geometry":{"type":"Polygon","coordinates":[[[-123.305315,48.466321],[-123.30522,48.466258],[-123.305197,48.466273],[-123.305183,48.466264],[-123.30515,48.466286],[-123.305128,48.466271],[-123.305071,48.46631],[-123.30505,48.466296],[-123.304994,48.466333],[-123.304968,48.466316],[-123.304924,48.466346],[-123.304934,48.466352],[-123.304892,48.46638],[-123.304909,48.466391],[-123.304885,48.466408],[-123.304931,48.466438],[-123.304954,48.466423],[-123.304967,48.466431],[-123.305004,48.466407],[-123.305035,48.466427],[-123.305077,48.466399],[-123.305094,48.46641],[-123.305149,48.466374],[-123.305172,48.466389],[-123.305228,48.466352],[-123.305249,48.466365],[-123.305315,48.466321]]]}},{"type":"Feature","properties":{"id":"w114441224","name":"Block 13","height":8,"riseDelay":0.206},"geometry":{"type":"Polygon","coordinates":[[[-123.306043,48.466578],[-123.30601,48.466557],[-123.305987,48.466572],[-123.305878,48.466501],[-123.305905,48.466483],[-123.305892,48.466475],[-123.305879,48.466484],[-123.30583,48.466451],[-123.305841,48.466444],[-123.30582,48.46643],[-123.305913,48.466368],[-123.305889,48.466352],[-123.305946,48.466314],[-123.305973,48.466331],[-123.306006,48.466309],[-123.306018,48.466316],[-123.306042,48.4663],[-123.306089,48.466331],[-123.306066,48.466346],[-123.306079,48.466355],[-123.306033,48.466385],[-123.306043,48.466392],[-123.305999,48.466421],[-123.305986,48.466413],[-123.305962,48.466429],[-123.305983,48.466443],[-123.305979,48.466445],[-123.305995,48.466456],[-123.306007,48.466447],[-123.306022,48.466457],[-123.306032,48.466451],[-123.306056,48.466467],[-123.306051,48.46647],[-123.306086,48.466493],[-123.306078,48.466498],[-123.306121,48.466526],[-123.306043,48.466578]]]}},{"type":"Feature","properties":{"id":"w114441226","name":"Block 18","height":8,"riseDelay":0.254},"geometry":{"type":"Polygon","coordinates":[[[-123.304787,48.466322],[-123.304691,48.466295],[-123.3047,48.46628],[-123.304687,48.466276],[-123.304697,48.466261],[-123.304669,48.466253],[-123.304784,48.466072],[-123.304826,48.466084],[-123.304846,48.466052],[-123.304943,48.46608],[-123.304917,48.466121],[-123.304927,48.466124],[-123.304903,48.466161],[-123.304868,48.466151],[-123.30486,48.466165],[-123.304888,48.466173],[-123.304849,48.466236],[-123.304817,48.466227],[-123.304808,48.466241],[-123.304847,48.466252],[-123.304823,48.46629],[-123.30481,48.466286],[-123.304787,48.466322]]]}},{"type":"Feature","properties":{"id":"w114441227","name":"Block 12","height":8,"riseDelay":0.188},"geometry":{"type":"Polygon","coordinates":[[[-123.306311,48.466611],[-123.306284,48.466594],[-123.306251,48.466617],[-123.306177,48.466568],[-123.306218,48.46654],[-123.306207,48.466533],[-123.306338,48.466444],[-123.306348,48.466451],[-123.306378,48.466431],[-123.306347,48.46641],[-123.306361,48.466401],[-123.306346,48.466392],[-123.306322,48.466408],[-123.306246,48.466359],[-123.306258,48.466352],[-123.306215,48.466324],[-123.306287,48.466275],[-123.306303,48.466286],[-123.306328,48.466269],[-123.306347,48.466282],[-123.306353,48.466278],[-123.306424,48.466325],[-123.306417,48.46633],[-123.306452,48.466353],[-123.306412,48.46638],[-123.306436,48.466395],[-123.306453,48.466383],[-123.306528,48.466432],[-123.306511,48.466443],[-123.306524,48.466452],[-123.306474,48.466486],[-123.30646,48.466477],[-123.306447,48.466486],[-123.306471,48.466502],[-123.306311,48.466611]]]}},{"type":"Feature","properties":{"id":"w114441228","name":"Block 17","height":8,"riseDelay":0.218},"geometry":{"type":"Polygon","coordinates":[[[-123.305386,48.465751],[-123.305339,48.465782],[-123.305349,48.465788],[-123.305304,48.465818],[-123.305276,48.465799],[-123.305261,48.465809],[-123.305283,48.465823],[-123.305256,48.465841],[-123.305272,48.465852],[-123.305227,48.465882],[-123.305207,48.465869],[-123.305169,48.465893],[-123.30519,48.465907],[-123.305145,48.465937],[-123.305129,48.465926],[-123.305097,48.465947],[-123.305076,48.465933],[-123.30506,48.465943],[-123.305089,48.465962],[-123.305047,48.46599],[-123.305035,48.465982],[-123.304992,48.466011],[-123.304919,48.465963],[-123.304952,48.465941],[-123.304922,48.465921],[-123.305032,48.465848],[-123.305051,48.465861],[-123.305154,48.465793],[-123.305134,48.46578],[-123.305239,48.465711],[-123.305266,48.465729],[-123.30531,48.4657],[-123.305386,48.465751]]]}},{"type":"Feature","properties":{"id":"w114441229","name":null,"height":8,"riseDelay":0.206},"geometry":{"type":"Polygon","coordinates":[[[-123.305469,48.466057],[-123.305408,48.466017],[-123.305486,48.465964],[-123.305547,48.466003],[-123.305469,48.466057]]]}},{"type":"Feature","properties":{"id":"w114441230","name":"Block 14","height":8,"riseDelay":0.182},"geometry":{"type":"Polygon","coordinates":[[[-123.306134,48.46624],[-123.306088,48.46621],[-123.306076,48.466219],[-123.306029,48.466189],[-123.306055,48.466171],[-123.306041,48.466162],[-123.306022,48.466175],[-123.305993,48.466156],[-123.305986,48.46616],[-123.305941,48.466131],[-123.305954,48.466122],[-123.305909,48.466094],[-123.305981,48.466044],[-123.306019,48.466068],[-123.306048,48.466048],[-123.306119,48.466094],[-123.306112,48.466099],[-123.30614,48.466117],[-123.306148,48.466111],[-123.306203,48.466147],[-123.306172,48.466168],[-123.306207,48.46619],[-123.306134,48.46624]]]}},{"type":"Feature","properties":{"id":"w114441231","name":"Block 15","height":8,"riseDelay":0.189},"geometry":{"type":"Polygon","coordinates":[[[-123.305904,48.46597],[-123.305831,48.466019],[-123.305785,48.465989],[-123.305772,48.465998],[-123.305726,48.465968],[-123.305752,48.46595],[-123.305738,48.465941],[-123.305717,48.465956],[-123.305686,48.465936],[-123.305667,48.465948],[-123.305541,48.465867],[-123.305562,48.465853],[-123.30553,48.465833],[-123.305551,48.465819],[-123.305537,48.46581],[-123.305512,48.465827],[-123.305469,48.465799],[-123.305481,48.46579],[-123.305436,48.465761],[-123.305449,48.465752],[-123.305423,48.465735],[-123.30547,48.465704],[-123.305498,48.465722],[-123.305512,48.465713],[-123.305546,48.465735],[-123.305575,48.465715],[-123.305629,48.46575],[-123.305622,48.465755],[-123.305678,48.465791],[-123.30566,48.465804],[-123.305764,48.465871],[-123.305784,48.465858],[-123.305897,48.465931],[-123.305871,48.465948],[-123.305904,48.46597]]]}},{"type":"Feature","properties":{"id":"w114441232","name":"Block 19","height":8,"riseDelay":0.23},"geometry":{"type":"Polygon","coordinates":[[[-123.305286,48.466299],[-123.305117,48.466187],[-123.305142,48.46617],[-123.30513,48.466162],[-123.305105,48.466178],[-123.305059,48.466148],[-123.305072,48.46614],[-123.30503,48.466113],[-123.305103,48.466064],[-123.305138,48.466087],[-123.305171,48.466065],[-123.305224,48.4661],[-123.305214,48.466107],[-123.305241,48.466125],[-123.305252,48.466118],[-123.30528,48.466136],[-123.305266,48.466145],[-123.305308,48.466173],[-123.305285,48.466188],[-123.305384,48.466253],[-123.305332,48.466288],[-123.305317,48.466278],[-123.305286,48.466299]]]}},{"type":"Feature","properties":{"id":"w114441233","name":"Lou-Poy Child Care Centre","height":8,"riseDelay":0.301},"geometry":{"type":"Polygon","coordinates":[[[-123.304339,48.46679],[-123.304315,48.466772],[-123.304265,48.466799],[-123.30418,48.466731],[-123.304234,48.466702],[-123.304221,48.466689],[-123.304299,48.46665],[-123.304254,48.466613],[-123.304344,48.466565],[-123.304298,48.466491],[-123.304319,48.466485],[-123.304298,48.466454],[-123.304429,48.466414],[-123.30445,48.466445],[-123.304469,48.466439],[-123.30452,48.466519],[-123.304497,48.466526],[-123.304559,48.46662],[-123.304548,48.466655],[-123.304423,48.466721],[-123.304439,48.466735],[-123.304339,48.46679]]]}},{"type":"Feature","properties":{"id":"w114451765","name":null,"height":8,"riseDelay":0.243},"geometry":{"type":"Polygon","coordinates":[[[-123.30692,48.462772],[-123.306814,48.46278],[-123.30681,48.462754],[-123.3068,48.462754],[-123.306802,48.462768],[-123.306597,48.462782],[-123.306578,48.462667],[-123.306782,48.462652],[-123.306784,48.462665],[-123.306794,48.462664],[-123.306792,48.462651],[-123.306899,48.462643],[-123.30692,48.462772]]]}},{"type":"Feature","properties":{"id":"w114451766","name":"Wallace","height":8,"riseDelay":0.251},"geometry":{"type":"Polygon","coordinates":[[[-123.30628,48.463091],[-123.306062,48.463104],[-123.306057,48.463075],[-123.305812,48.463092],[-123.305814,48.463104],[-123.305747,48.463107],[-123.305739,48.46307],[-123.305707,48.463072],[-123.305697,48.46303],[-123.30574,48.463027],[-123.305752,48.463033],[-123.305781,48.463032],[-123.305782,48.46304],[-123.3058,48.463039],[-123.305795,48.463011],[-123.306044,48.462994],[-123.306035,48.462933],[-123.306027,48.462934],[-123.306019,48.462891],[-123.306054,48.462861],[-123.30612,48.462856],[-123.306121,48.462865],[-123.306179,48.462861],[-123.306178,48.462855],[-123.306213,48.462853],[-123.306183,48.462691],[-123.306223,48.462688],[-123.306222,48.462681],[-123.306222,48.462678],[-123.30621,48.462679],[-123.306206,48.462659],[-123.306197,48.462653],[-123.306191,48.462623],[-123.306202,48.462613],[-123.30623,48.462611],[-123.306247,48.462621],[-123.306256,48.462621],[-123.306263,48.462626],[-123.306264,48.462629],[-123.306285,48.462627],[-123.306288,48.462648],[-123.306344,48.462644],[-123.306349,48.462679],[-123.306351,48.462689],[-123.306335,48.46269],[-123.306361,48.462842],[-123.306376,48.462841],[-123.306395,48.46284],[-123.306417,48.462974],[-123.306333,48.462981],[-123.306301,48.463007],[-123.30627,48.463033],[-123.30628,48.463091]]]}},{"type":"Feature","properties":{"id":"w114451775","name":"Roderick Haig-Brown","height":8,"riseDelay":0.282},"geometry":{"type":"Polygon","coordinates":[[[-123.306805,48.462481],[-123.306744,48.462486],[-123.30675,48.462515],[-123.306505,48.462532],[-123.30651,48.462554],[-123.306323,48.46257],[-123.306317,48.462539],[-123.306307,48.462534],[-123.306284,48.462552],[-123.306182,48.4625],[-123.306207,48.462481],[-123.3062,48.462477],[-123.306193,48.462474],[-123.306147,48.462478],[-123.306126,48.462356],[-123.306158,48.462354],[-123.306129,48.46219],[-123.306171,48.462187],[-123.306165,48.462147],[-123.306202,48.462144],[-123.306203,48.462152],[-123.306209,48.462183],[-123.306253,48.462181],[-123.306281,48.462342],[-123.306315,48.462339],[-123.306332,48.462431],[-123.306356,48.462428],[-123.306357,48.462441],[-123.306492,48.46243],[-123.306496,48.462452],[-123.306737,48.462434],[-123.306742,48.462464],[-123.306751,48.462463],[-123.306801,48.462458],[-123.306805,48.462481]]]}},{"type":"Feature","properties":{"id":"w114451779","name":"Lansdowne - Residence #1","height":8,"riseDelay":0.2},"geometry":{"type":"Polygon","coordinates":[[[-123.306708,48.463295],[-123.306691,48.463296],[-123.306691,48.463292],[-123.30667,48.463294],[-123.306664,48.463255],[-123.306648,48.463256],[-123.306643,48.463228],[-123.306653,48.463227],[-123.306651,48.463216],[-123.306657,48.463215],[-123.306653,48.463191],[-123.306647,48.463192],[-123.306645,48.463181],[-123.306634,48.463182],[-123.30663,48.463154],[-123.306647,48.463152],[-123.306643,48.463127],[-123.306659,48.463126],[-123.30666,48.46313],[-123.306756,48.463123],[-123.306754,48.46311],[-123.30677,48.463108],[-123.306768,48.463098],[-123.306788,48.463096],[-123.30681,48.463095],[-123.306814,48.463117],[-123.306817,48.463136],[-123.306835,48.463134],[-123.306838,48.463157],[-123.306875,48.463154],[-123.306886,48.463221],[-123.306856,48.463223],[-123.306862,48.463257],[-123.306826,48.46326],[-123.306828,48.463275],[-123.306811,48.463276],[-123.30681,48.463271],[-123.306722,48.463277],[-123.306723,48.463282],[-123.306706,48.463284],[-123.306708,48.463295]]]}},{"type":"Feature","properties":{"id":"w114451781","name":"Stephen","height":8,"riseDelay":0.139},"geometry":{"type":"Polygon","coordinates":[[[-123.306265,48.465381],[-123.306229,48.465384],[-123.306233,48.46541],[-123.306185,48.465413],[-123.306179,48.465377],[-123.30608,48.465384],[-123.306086,48.465419],[-123.306036,48.465423],[-123.306032,48.465398],[-123.305995,48.4654],[-123.305965,48.465218],[-123.306001,48.465216],[-123.305997,48.46519],[-123.306047,48.465187],[-123.306052,48.465221],[-123.306168,48.465213],[-123.306162,48.465178],[-123.306257,48.465171],[-123.306266,48.465228],[-123.30624,48.46523],[-123.306265,48.465381]]]}},{"type":"Feature","properties":{"id":"w114451783","name":"Helmcken","height":8,"riseDelay":0.211},"geometry":{"type":"Polygon","coordinates":[[[-123.307054,48.463084],[-123.306994,48.463088],[-123.306995,48.463099],[-123.306962,48.463101],[-123.306966,48.463128],[-123.306868,48.463134],[-123.306865,48.463114],[-123.306814,48.463117],[-123.30681,48.463095],[-123.306788,48.463096],[-123.306786,48.463084],[-123.306791,48.463083],[-123.306782,48.463024],[-123.306776,48.463025],[-123.306774,48.463014],[-123.306756,48.463016],[-123.306754,48.463004],[-123.30676,48.463003],[-123.306758,48.46299],[-123.306818,48.462986],[-123.306816,48.462975],[-123.306859,48.462972],[-123.30686,48.462979],[-123.306875,48.462978],[-123.306876,48.462982],[-123.306914,48.462979],[-123.306913,48.462975],[-123.306929,48.462974],[-123.306928,48.462966],[-123.30697,48.462963],[-123.306972,48.462974],[-123.307009,48.462972],[-123.307011,48.462984],[-123.307005,48.462985],[-123.307015,48.463048],[-123.307031,48.463047],[-123.307033,48.463058],[-123.30705,48.463057],[-123.307054,48.463084]]]}},{"type":"Feature","properties":{"id":"w114451784","name":"Hodges","height":8,"riseDelay":0.171},"geometry":{"type":"Polygon","coordinates":[[[-123.307604,48.463381],[-123.307586,48.463382],[-123.307585,48.463378],[-123.30749,48.463384],[-123.307492,48.463396],[-123.307475,48.463397],[-123.307477,48.463409],[-123.307457,48.46341],[-123.307434,48.463412],[-123.30743,48.463389],[-123.307427,48.463371],[-123.307413,48.463372],[-123.30741,48.463349],[-123.307371,48.463352],[-123.307361,48.463285],[-123.307389,48.463284],[-123.307384,48.463251],[-123.30742,48.463249],[-123.307418,48.463231],[-123.307435,48.46323],[-123.307436,48.463235],[-123.307512,48.46323],[-123.307511,48.463224],[-123.307538,48.463223],[-123.307537,48.463214],[-123.307576,48.463211],[-123.307582,48.463253],[-123.307599,48.463252],[-123.307604,48.46328],[-123.307593,48.463281],[-123.307594,48.463291],[-123.307588,48.463292],[-123.307592,48.463317],[-123.307599,48.463317],[-123.3076,48.463327],[-123.307612,48.463326],[-123.307617,48.463357],[-123.3076,48.463358],[-123.307604,48.463381]]]}},{"type":"Feature","properties":{"id":"w114451785","name":"Alice Ravenhill Hall","height":8,"riseDelay":0.158},"geometry":{"type":"Polygon","coordinates":[[[-123.307487,48.463515],[-123.307428,48.463519],[-123.30743,48.463532],[-123.307387,48.463535],[-123.307386,48.463527],[-123.307371,48.463528],[-123.30737,48.463524],[-123.307331,48.463527],[-123.307332,48.463531],[-123.307318,48.463532],[-123.307319,48.463539],[-123.307275,48.463542],[-123.307273,48.463531],[-123.307236,48.463534],[-123.307235,48.463523],[-123.307241,48.463523],[-123.307231,48.463458],[-123.307213,48.463459],[-123.307212,48.463449],[-123.307196,48.46345],[-123.307191,48.463422],[-123.307251,48.463418],[-123.30725,48.463408],[-123.307283,48.463406],[-123.307279,48.463379],[-123.307378,48.463372],[-123.307381,48.463392],[-123.30743,48.463389],[-123.307434,48.463412],[-123.307457,48.46341],[-123.307459,48.463423],[-123.307454,48.463423],[-123.307463,48.463482],[-123.30747,48.463482],[-123.307472,48.463492],[-123.307489,48.46349],[-123.307491,48.463502],[-123.307485,48.463502],[-123.307487,48.463515]]]}},{"type":"Feature","properties":{"id":"w114451786","name":"Sanderson","height":8,"riseDelay":0.194},"geometry":{"type":"Polygon","coordinates":[[[-123.307322,48.463231],[-123.307224,48.463238],[-123.30722,48.463218],[-123.307172,48.463221],[-123.307169,48.463199],[-123.307143,48.463201],[-123.307141,48.463189],[-123.307148,48.463189],[-123.307138,48.463129],[-123.307131,48.46313],[-123.30713,48.463119],[-123.307112,48.46312],[-123.30711,48.463109],[-123.307117,48.463108],[-123.307116,48.463098],[-123.307094,48.4631],[-123.307081,48.463017],[-123.30714,48.463013],[-123.307152,48.463092],[-123.307175,48.46309],[-123.307173,48.463079],[-123.307214,48.463076],[-123.307215,48.463084],[-123.307232,48.463082],[-123.307232,48.463086],[-123.307271,48.463083],[-123.30727,48.463079],[-123.307285,48.463078],[-123.307284,48.463071],[-123.307326,48.463069],[-123.307328,48.463079],[-123.307365,48.463076],[-123.307367,48.463088],[-123.307362,48.463088],[-123.307372,48.463152],[-123.307388,48.463151],[-123.30739,48.463162],[-123.307406,48.463161],[-123.307411,48.46319],[-123.307351,48.463194],[-123.307352,48.463204],[-123.307318,48.463207],[-123.307322,48.463231]]]}},{"type":"Feature","properties":{"id":"w114451787","name":"Carroll","height":8,"riseDelay":0.178},"geometry":{"type":"Polygon","coordinates":[[[-123.307037,48.463561],[-123.306884,48.463572],[-123.30687,48.463483],[-123.306857,48.463484],[-123.306846,48.46342],[-123.306861,48.463419],[-123.306858,48.463405],[-123.306865,48.463405],[-123.306855,48.463341],[-123.306839,48.463343],[-123.306837,48.46333],[-123.306821,48.463332],[-123.306816,48.463305],[-123.306875,48.463301],[-123.306873,48.463292],[-123.306909,48.463289],[-123.306904,48.463262],[-123.307005,48.463255],[-123.307008,48.463275],[-123.307056,48.463272],[-123.307059,48.463296],[-123.307084,48.463294],[-123.307086,48.463306],[-123.307078,48.463306],[-123.307088,48.463366],[-123.307096,48.463365],[-123.307097,48.463376],[-123.307114,48.463375],[-123.307116,48.463386],[-123.30711,48.463386],[-123.307112,48.463399],[-123.307052,48.463404],[-123.307053,48.463415],[-123.307014,48.463418],[-123.307037,48.463561]]]}},{"type":"Feature","properties":{"id":"w114451788","name":"Poole","height":8,"riseDelay":0.29},"geometry":{"type":"Polygon","coordinates":[[[-123.305958,48.46251],[-123.305918,48.462514],[-123.305925,48.462549],[-123.305677,48.462565],[-123.305681,48.462588],[-123.305546,48.462598],[-123.305549,48.462613],[-123.305523,48.462615],[-123.305538,48.462708],[-123.305502,48.46271],[-123.305533,48.46287],[-123.305478,48.462874],[-123.305484,48.462897],[-123.305419,48.462901],[-123.305415,48.462879],[-123.305408,48.46288],[-123.305381,48.46272],[-123.305348,48.462722],[-123.305329,48.462599],[-123.305377,48.462597],[-123.305389,48.462588],[-123.30536,48.462573],[-123.30544,48.462505],[-123.305465,48.462521],[-123.305477,48.462512],[-123.305473,48.462479],[-123.305659,48.462466],[-123.305662,48.462488],[-123.305952,48.462465],[-123.305957,48.462501],[-123.305958,48.46251]]]}},{"type":"Feature","properties":{"id":"w114451789","name":"Cunliffe","height":8,"riseDelay":0.064},"geometry":{"type":"Polygon","coordinates":[[[-123.307373,48.465197],[-123.307337,48.4652],[-123.307341,48.465226],[-123.307293,48.465229],[-123.307287,48.465194],[-123.307188,48.465201],[-123.307194,48.465235],[-123.307144,48.465239],[-123.30714,48.465214],[-123.307103,48.465216],[-123.307073,48.465035],[-123.307109,48.465032],[-123.307105,48.465006],[-123.307155,48.465003],[-123.30716,48.465037],[-123.307276,48.465029],[-123.30727,48.464994],[-123.307365,48.464987],[-123.307374,48.465045],[-123.307348,48.465046],[-123.307373,48.465197]]]}},{"type":"Feature","properties":{"id":"w114451791","name":"Ring Road","height":12,"riseDelay":0.259},"geometry":{"type":"Polygon","coordinates":[[[-123.307287,48.462877],[-123.30718,48.462884],[-123.307178,48.462874],[-123.307141,48.462876],[-123.307138,48.462856],[-123.307103,48.462859],[-123.307099,48.462833],[-123.307093,48.462799],[-123.3071,48.462799],[-123.307058,48.462543],[-123.307019,48.462545],[-123.30702,48.462552],[-123.306951,48.462557],[-123.306946,48.462524],[-123.306923,48.462525],[-123.306918,48.462492],[-123.306904,48.46241],[-123.306991,48.462404],[-123.306996,48.462432],[-123.307051,48.462427],[-123.307046,48.462394],[-123.307181,48.462384],[-123.307187,48.462418],[-123.307317,48.462409],[-123.307451,48.462399],[-123.307448,48.462383],[-123.307432,48.462384],[-123.307394,48.462155],[-123.307332,48.46216],[-123.30732,48.462087],[-123.307333,48.462086],[-123.307329,48.462062],[-123.307362,48.462059],[-123.307359,48.462037],[-123.307392,48.462035],[-123.307389,48.46202],[-123.30741,48.462018],[-123.307434,48.462017],[-123.307436,48.46203],[-123.30745,48.462029],[-123.307451,48.462036],[-123.307873,48.462005],[-123.307871,48.46199],[-123.307959,48.461984],[-123.307976,48.462087],[-123.307952,48.462088],[-123.307957,48.462119],[-123.307889,48.462124],[-123.307888,48.462118],[-123.307562,48.462142],[-123.3076,48.462369],[-123.307639,48.462366],[-123.307691,48.462362],[-123.307716,48.462514],[-123.307666,48.462517],[-123.307625,48.46252],[-123.30762,48.462494],[-123.307604,48.462495],[-123.307605,48.462502],[-123.307227,48.46253],[-123.30726,48.462726],[-123.307635,48.462699],[-123.307634,48.462692],[-123.307721,48.462685],[-123.307738,48.462787],[-123.307715,48.462789],[-123.307719,48.462812],[-123.307649,48.462817],[-123.307648,48.46281],[-123.30728,48.462837],[-123.307287,48.462877]]]}},{"type":"Feature","properties":{"id":"w114451793","name":"Baker","height":8,"riseDelay":0.1},"geometry":{"type":"Polygon","coordinates":[[[-123.30691,48.465414],[-123.306874,48.465417],[-123.306878,48.465442],[-123.30683,48.465446],[-123.306824,48.46541],[-123.306726,48.465417],[-123.306732,48.465452],[-123.306682,48.465456],[-123.306677,48.46543],[-123.30664,48.465433],[-123.306611,48.465251],[-123.306647,48.465249],[-123.306643,48.465223],[-123.306692,48.465219],[-123.306698,48.465254],[-123.306814,48.465245],[-123.306808,48.465211],[-123.306902,48.465204],[-123.306912,48.465261],[-123.306886,48.465263],[-123.30691,48.465414]]]}},{"type":"Feature","properties":{"id":"w114451795","name":"Tower","height":8,"riseDelay":0.187},"geometry":{"type":"Polygon","coordinates":[[[-123.305825,48.463911],[-123.305815,48.463852],[-123.305725,48.463859],[-123.305735,48.46392],[-123.305557,48.463934],[-123.305563,48.463965],[-123.305576,48.463964],[-123.305579,48.463978],[-123.305614,48.463975],[-123.305639,48.464119],[-123.305604,48.464122],[-123.305606,48.464135],[-123.305595,48.464136],[-123.305601,48.464166],[-123.305816,48.464149],[-123.305811,48.464125],[-123.305843,48.464123],[-123.305846,48.464135],[-123.30592,48.46413],[-123.305909,48.464069],[-123.305825,48.464075],[-123.305796,48.463913],[-123.305825,48.463911]]]}},{"type":"Feature","properties":{"id":"w114451797","name":"Park Residence","height":8,"riseDelay":0.153},"geometry":{"type":"Polygon","coordinates":[[[-123.306029,48.46513],[-123.305762,48.465149],[-123.305756,48.465114],[-123.305783,48.465112],[-123.305781,48.465101],[-123.305809,48.465099],[-123.305786,48.464957],[-123.305776,48.464957],[-123.305772,48.46493],[-123.305724,48.464933],[-123.305716,48.464886],[-123.305805,48.464879],[-123.305801,48.464857],[-123.305833,48.464855],[-123.305831,48.464841],[-123.305881,48.464837],[-123.30588,48.464827],[-123.30596,48.464821],[-123.305964,48.464848],[-123.305948,48.464849],[-123.305954,48.464882],[-123.305939,48.464883],[-123.305973,48.465088],[-123.306022,48.465084],[-123.306029,48.46513]]]}},{"type":"Feature","properties":{"id":"w114454284","name":"Block 53","height":8,"riseDelay":0.322},"geometry":{"type":"Polygon","coordinates":[[[-123.304493,48.463085],[-123.304375,48.46309],[-123.304372,48.463069],[-123.304325,48.463072],[-123.304315,48.462998],[-123.304279,48.462999],[-123.30427,48.462942],[-123.304245,48.462942],[-123.304238,48.462898],[-123.304267,48.462897],[-123.304264,48.462859],[-123.304303,48.462829],[-123.304279,48.462816],[-123.304304,48.462797],[-123.304322,48.462783],[-123.304341,48.462793],[-123.304408,48.462739],[-123.304432,48.462752],[-123.304502,48.462697],[-123.304544,48.462719],[-123.304564,48.462704],[-123.30465,48.462754],[-123.304631,48.46277],[-123.304665,48.462792],[-123.304597,48.462846],[-123.304622,48.462862],[-123.304568,48.462908],[-123.304506,48.462873],[-123.304481,48.462891],[-123.304473,48.462897],[-123.304476,48.462932],[-123.304557,48.462928],[-123.304563,48.462987],[-123.304529,48.462989],[-123.304539,48.463062],[-123.304491,48.463064],[-123.304493,48.463085]]]}},{"type":"Feature","properties":{"id":"w114454285","name":"Block 54","height":8,"riseDelay":0.361},"geometry":{"type":"Polygon","coordinates":[[[-123.304007,48.462899],[-123.303836,48.462801],[-123.303826,48.462809],[-123.303696,48.462734],[-123.30371,48.462723],[-123.303564,48.46264],[-123.30363,48.462589],[-123.303651,48.462601],[-123.303696,48.462566],[-123.303719,48.46258],[-123.303733,48.462569],[-123.303744,48.462576],[-123.303815,48.462617],[-123.303803,48.462626],[-123.303828,48.46264],[-123.303815,48.46265],[-123.303829,48.462658],[-123.303843,48.462648],[-123.303926,48.462695],[-123.303913,48.462704],[-123.303931,48.462715],[-123.303944,48.462705],[-123.303966,48.462718],[-123.303979,48.462708],[-123.30406,48.462755],[-123.304048,48.462763],[-123.304057,48.462768],[-123.304071,48.462777],[-123.304038,48.462802],[-123.304049,48.462809],[-123.304073,48.462791],[-123.304113,48.462814],[-123.304089,48.462833],[-123.304098,48.462838],[-123.30403,48.462891],[-123.304023,48.462887],[-123.304007,48.462899]]]}},{"type":"Feature","properties":{"id":"w114454287","name":"Block 61","height":8,"riseDelay":0.333},"geometry":{"type":"Polygon","coordinates":[[[-123.305711,48.462195],[-123.305672,48.462173],[-123.305653,48.462188],[-123.305564,48.462139],[-123.305584,48.462123],[-123.305546,48.462102],[-123.30562,48.462043],[-123.305595,48.462029],[-123.30565,48.461985],[-123.30571,48.462019],[-123.305729,48.462004],[-123.305759,48.46198],[-123.305701,48.461948],[-123.305757,48.461904],[-123.305783,48.461918],[-123.305857,48.46186],[-123.305895,48.461881],[-123.305916,48.461864],[-123.306003,48.461913],[-123.305985,48.461928],[-123.306022,48.461948],[-123.305947,48.462007],[-123.305976,48.462023],[-123.305918,48.462068],[-123.305856,48.462034],[-123.305826,48.462057],[-123.305809,48.462071],[-123.30587,48.462105],[-123.305812,48.462151],[-123.305786,48.462136],[-123.305711,48.462195]]]}},{"type":"Feature","properties":{"id":"w114454288","name":"Block 58","height":8,"riseDelay":0.36},"geometry":{"type":"Polygon","coordinates":[[[-123.304765,48.462323],[-123.304723,48.4623],[-123.304747,48.46228],[-123.304738,48.462275],[-123.304707,48.462301],[-123.304678,48.462285],[-123.304665,48.462295],[-123.304584,48.462251],[-123.304596,48.462242],[-123.304582,48.462234],[-123.30457,48.462244],[-123.304543,48.462229],[-123.304531,48.462239],[-123.304449,48.462194],[-123.304461,48.462185],[-123.304437,48.462171],[-123.304494,48.462125],[-123.304472,48.462113],[-123.30452,48.462074],[-123.304541,48.462085],[-123.304551,48.462076],[-123.304676,48.462144],[-123.304688,48.462134],[-123.304875,48.462237],[-123.30486,48.462249],[-123.304868,48.462254],[-123.304801,48.462309],[-123.30479,48.462303],[-123.304765,48.462323]]]}},{"type":"Feature","properties":{"id":"w114454290","name":"Petersen Health Centre","height":8,"riseDelay":0.308},"geometry":{"type":"Polygon","coordinates":[[[-123.30436,48.463506],[-123.304311,48.46351],[-123.304313,48.463525],[-123.304162,48.463536],[-123.30416,48.463521],[-123.304057,48.463528],[-123.30406,48.463543],[-123.303884,48.463555],[-123.303876,48.463504],[-123.303821,48.463508],[-123.303802,48.46339],[-123.303961,48.463379],[-123.303966,48.463411],[-123.30434,48.463384],[-123.30436,48.463506]]]}},{"type":"Feature","properties":{"id":"w114454291","name":"Block 52","height":8,"riseDelay":0.325},"geometry":{"type":"Polygon","coordinates":[[[-123.304159,48.463343],[-123.304044,48.463348],[-123.304042,48.463327],[-123.303993,48.46333],[-123.303985,48.463252],[-123.303948,48.463254],[-123.303941,48.463193],[-123.30402,48.463189],[-123.304017,48.463165],[-123.304015,48.46314],[-123.303934,48.463143],[-123.303928,48.463086],[-123.303962,48.463084],[-123.303954,48.46301],[-123.304003,48.463008],[-123.304001,48.462987],[-123.304114,48.462981],[-123.304116,48.463002],[-123.304167,48.462999],[-123.304175,48.463072],[-123.304209,48.463071],[-123.304216,48.463129],[-123.30414,48.463133],[-123.304143,48.463164],[-123.304145,48.463183],[-123.304224,48.463179],[-123.30423,48.463239],[-123.304196,48.463241],[-123.304205,48.463318],[-123.304157,48.463321],[-123.304159,48.463343]]]}},{"type":"Feature","properties":{"id":"w114454292","name":"Block 56","height":8,"riseDelay":0.406},"geometry":{"type":"Polygon","coordinates":[[[-123.303561,48.462288],[-123.303472,48.462237],[-123.303576,48.462158],[-123.303559,48.462148],[-123.303676,48.462059],[-123.30369,48.462067],[-123.303794,48.461988],[-123.303804,48.461995],[-123.303827,48.461977],[-123.303904,48.462022],[-123.303885,48.462036],[-123.303937,48.462066],[-123.303915,48.462082],[-123.303932,48.462092],[-123.30386,48.462147],[-123.303845,48.462138],[-123.303823,48.462154],[-123.303808,48.462146],[-123.303797,48.462154],[-123.303813,48.462163],[-123.303739,48.462219],[-123.303726,48.462211],[-123.303712,48.462221],[-123.303728,48.46223],[-123.30371,48.462244],[-123.303726,48.462253],[-123.303656,48.462306],[-123.303588,48.462267],[-123.303561,48.462288]]]}},{"type":"Feature","properties":{"id":"w114454294","name":"Block 51","height":8,"riseDelay":0.287},"geometry":{"type":"Polygon","coordinates":[[[-123.304697,48.463493],[-123.304581,48.463499],[-123.304578,48.463478],[-123.30453,48.46348],[-123.304521,48.463407],[-123.304484,48.463409],[-123.304477,48.463351],[-123.304564,48.463346],[-123.304558,48.463296],[-123.304481,48.4633],[-123.304473,48.463239],[-123.304507,48.463237],[-123.304498,48.463159],[-123.304547,48.463157],[-123.304545,48.463138],[-123.304663,48.463132],[-123.304665,48.463152],[-123.304712,48.463149],[-123.304721,48.463224],[-123.304756,48.463223],[-123.304764,48.463285],[-123.304688,48.463289],[-123.304694,48.463339],[-123.304761,48.463336],[-123.304768,48.463393],[-123.304735,48.463394],[-123.304744,48.463469],[-123.304694,48.463471],[-123.304697,48.463493]]]}},{"type":"Feature","properties":{"id":"w114454295","name":"Block 57","height":8,"riseDelay":0.39},"geometry":{"type":"Polygon","coordinates":[[[-123.304474,48.462072],[-123.304425,48.462111],[-123.304402,48.462099],[-123.304348,48.462143],[-123.304321,48.462128],[-123.304309,48.462138],[-123.304226,48.462094],[-123.304239,48.462083],[-123.304225,48.462075],[-123.304213,48.462085],[-123.304186,48.462071],[-123.304173,48.462081],[-123.30409,48.462036],[-123.304103,48.462026],[-123.304077,48.462012],[-123.304133,48.461966],[-123.304112,48.461955],[-123.30416,48.461916],[-123.304185,48.46193],[-123.304197,48.461921],[-123.304316,48.461985],[-123.304328,48.461975],[-123.304464,48.462049],[-123.304451,48.462059],[-123.304474,48.462072]]]}},{"type":"Feature","properties":{"id":"w114454296","name":"Block 59","height":8,"riseDelay":0.325},"geometry":{"type":"Polygon","coordinates":[[[-123.304793,48.462691],[-123.304757,48.46267],[-123.304733,48.462686],[-123.304645,48.462636],[-123.304666,48.462621],[-123.30463,48.4626],[-123.304703,48.462541],[-123.304677,48.462527],[-123.304733,48.462481],[-123.304795,48.462516],[-123.304814,48.462499],[-123.304835,48.462482],[-123.304791,48.462456],[-123.304838,48.462419],[-123.304899,48.462416],[-123.304904,48.462461],[-123.304931,48.46246],[-123.304967,48.462459],[-123.30496,48.462404],[-123.305048,48.4624],[-123.30505,48.462423],[-123.305164,48.462418],[-123.305167,48.46245],[-123.305201,48.462449],[-123.30521,48.462524],[-123.305179,48.462526],[-123.305183,48.46256],[-123.305068,48.462567],[-123.305072,48.46259],[-123.304979,48.462595],[-123.304973,48.46254],[-123.30494,48.462542],[-123.304924,48.462542],[-123.304912,48.462551],[-123.304889,48.462569],[-123.304951,48.462605],[-123.304894,48.46265],[-123.304867,48.462635],[-123.304793,48.462691]]]}},{"type":"Feature","properties":{"id":"w114454298","name":"Wilson","height":8,"riseDelay":0.254},"geometry":{"type":"Polygon","coordinates":[[[-123.305653,48.463417],[-123.305607,48.46342],[-123.305613,48.463457],[-123.305585,48.463459],[-123.305579,48.463423],[-123.305531,48.463426],[-123.305504,48.463265],[-123.305472,48.463267],[-123.305456,48.463174],[-123.305437,48.463176],[-123.305435,48.46316],[-123.305293,48.46317],[-123.30529,48.463148],[-123.305041,48.463166],[-123.305036,48.463138],[-123.304979,48.463142],[-123.304976,48.463121],[-123.305033,48.463117],[-123.305031,48.463101],[-123.305029,48.463089],[-123.305275,48.463071],[-123.305271,48.46305],[-123.305486,48.463035],[-123.305599,48.463097],[-123.305588,48.463106],[-123.305638,48.463133],[-123.305659,48.463256],[-123.305627,48.463258],[-123.305653,48.463417]]]}},{"type":"Feature","properties":{"id":"w114454300","name":"Block 60","height":8,"riseDelay":0.334},"geometry":{"type":"Polygon","coordinates":[[[-123.305381,48.462327],[-123.305292,48.462332],[-123.305285,48.462277],[-123.305241,48.46228],[-123.305213,48.462281],[-123.305219,48.462335],[-123.305128,48.46234],[-123.305126,48.462317],[-123.305012,48.462323],[-123.305008,48.462289],[-123.304977,48.46229],[-123.304968,48.462214],[-123.304997,48.462213],[-123.304993,48.46218],[-123.305108,48.462174],[-123.305105,48.46215],[-123.305195,48.462145],[-123.305202,48.462198],[-123.305231,48.462197],[-123.305277,48.462194],[-123.30527,48.462141],[-123.305358,48.462136],[-123.305361,48.462159],[-123.305475,48.462153],[-123.305479,48.462188],[-123.305511,48.462186],[-123.305521,48.462262],[-123.305489,48.462264],[-123.305493,48.462297],[-123.305378,48.462303],[-123.305381,48.462327]]]}},{"type":"Feature","properties":{"id":"w114454301","name":"Block 55","height":8,"riseDelay":0.399},"geometry":{"type":"Polygon","coordinates":[[[-123.303418,48.462559],[-123.303354,48.462523],[-123.303335,48.462538],[-123.303266,48.462498],[-123.303394,48.462399],[-123.303376,48.462389],[-123.303486,48.462303],[-123.303573,48.462352],[-123.303565,48.462359],[-123.303618,48.462388],[-123.3036,48.462402],[-123.303612,48.462408],[-123.303544,48.462462],[-123.303531,48.462454],[-123.303516,48.462466],[-123.303533,48.462475],[-123.303514,48.462489],[-123.303528,48.462497],[-123.303455,48.462554],[-123.303437,48.462544],[-123.303418,48.462559]]]}},{"type":"Feature","properties":{"id":"w114455575","name":"Block 50","height":8,"riseDelay":0.399},"geometry":{"type":"Polygon","coordinates":[[[-123.302965,48.462946],[-123.302909,48.462915],[-123.302894,48.462927],[-123.302816,48.462884],[-123.303,48.462737],[-123.303016,48.462746],[-123.303135,48.462651],[-123.303224,48.4627],[-123.303204,48.462717],[-123.303254,48.462744],[-123.303238,48.462757],[-123.303253,48.462765],[-123.303178,48.462825],[-123.303162,48.462816],[-123.30311,48.462857],[-123.303091,48.462846],[-123.303081,48.462855],[-123.303067,48.462866],[-123.303085,48.462875],[-123.303006,48.462938],[-123.302988,48.462928],[-123.302965,48.462946]]]}},{"type":"Feature","properties":{"id":"w114455576","name":"Block 48","height":8,"riseDelay":0.378},"geometry":{"type":"Polygon","coordinates":[[[-123.303186,48.463173],[-123.303114,48.463133],[-123.303135,48.463117],[-123.303078,48.463086],[-123.303099,48.463069],[-123.303081,48.463059],[-123.303149,48.463004],[-123.303169,48.463015],[-123.30322,48.462974],[-123.30324,48.462985],[-123.303257,48.46297],[-123.303273,48.462958],[-123.303254,48.462948],[-123.303322,48.462893],[-123.303341,48.462903],[-123.303363,48.462886],[-123.30342,48.462917],[-123.303439,48.462901],[-123.303514,48.462942],[-123.303496,48.462956],[-123.303506,48.462962],[-123.303345,48.463092],[-123.303323,48.463079],[-123.303221,48.463162],[-123.303209,48.463155],[-123.303186,48.463173]]]}},{"type":"Feature","properties":{"id":"w114455577","name":"Block 49","height":8,"riseDelay":0.384},"geometry":{"type":"Polygon","coordinates":[[[-123.303021,48.463318],[-123.303008,48.463311],[-123.302986,48.463329],[-123.30293,48.463298],[-123.302951,48.463281],[-123.302874,48.463239],[-123.302895,48.463222],[-123.302878,48.463213],[-123.302948,48.463155],[-123.302965,48.463165],[-123.302986,48.463147],[-123.303062,48.463188],[-123.303077,48.463175],[-123.303136,48.463207],[-123.303121,48.46322],[-123.303134,48.463227],[-123.303021,48.463318]]]}},{"type":"Feature","properties":{"id":"w114455578","name":"University House 3","height":8,"riseDelay":0.471},"geometry":{"type":"Polygon","coordinates":[[[-123.303441,48.461618],[-123.303195,48.46146],[-123.303267,48.46141],[-123.303302,48.461433],[-123.3034,48.461367],[-123.303502,48.461433],[-123.303427,48.461484],[-123.303535,48.461554],[-123.303441,48.461618]]]}},{"type":"Feature","properties":{"id":"w114455579","name":null,"height":8,"riseDelay":0.462},"geometry":{"type":"Polygon","coordinates":[[[-123.302817,48.462064],[-123.302724,48.462013],[-123.302837,48.461924],[-123.302929,48.461975],[-123.302817,48.462064]]]}},{"type":"Feature","properties":{"id":"w114455580","name":"Block 46","height":8,"riseDelay":0.335},"geometry":{"type":"Polygon","coordinates":[[[-123.303503,48.463975],[-123.303288,48.463854],[-123.303306,48.46384],[-123.30316,48.463757],[-123.303226,48.463706],[-123.303249,48.46372],[-123.303299,48.463681],[-123.303322,48.463694],[-123.303337,48.463682],[-123.30342,48.463729],[-123.303403,48.463742],[-123.303464,48.463777],[-123.303447,48.46379],[-123.303466,48.463801],[-123.303487,48.463812],[-123.303501,48.463802],[-123.303582,48.463847],[-123.303569,48.463856],[-123.303597,48.463872],[-123.303547,48.463911],[-123.303569,48.463923],[-123.303503,48.463975]]]}},{"type":"Feature","properties":{"id":"w114455581","name":"University House 2","height":8,"riseDelay":0.434},"geometry":{"type":"Polygon","coordinates":[[[-123.303369,48.462163],[-123.303261,48.462102],[-123.303227,48.462129],[-123.303184,48.462105],[-123.303215,48.462081],[-123.30311,48.462022],[-123.302955,48.462144],[-123.303116,48.462234],[-123.303089,48.462256],[-123.303184,48.462309],[-123.303369,48.462163]]]}},{"type":"Feature","properties":{"id":"w114455582","name":"University House 4","height":8,"riseDelay":0.526},"geometry":{"type":"Polygon","coordinates":[[[-123.30222,48.461587],[-123.302052,48.461493],[-123.301949,48.461573],[-123.302117,48.461668],[-123.30222,48.461587]]]}},{"type":"Feature","properties":{"id":"w114455583","name":"Block 47","height":8,"riseDelay":0.352},"geometry":{"type":"Polygon","coordinates":[[[-123.303298,48.463623],[-123.303262,48.463603],[-123.30324,48.463619],[-123.303149,48.463568],[-123.30317,48.463551],[-123.303132,48.46353],[-123.303205,48.463472],[-123.303181,48.463459],[-123.303239,48.463413],[-123.303296,48.463445],[-123.303319,48.463426],[-123.303342,48.463409],[-123.303283,48.463376],[-123.30334,48.463331],[-123.303364,48.463345],[-123.303444,48.463282],[-123.303481,48.463303],[-123.303497,48.463291],[-123.303587,48.463341],[-123.303565,48.463359],[-123.303603,48.46338],[-123.30353,48.463437],[-123.303556,48.463452],[-123.3035,48.463496],[-123.303439,48.463462],[-123.303417,48.463479],[-123.303393,48.463498],[-123.303455,48.463533],[-123.303398,48.463578],[-123.303373,48.463564],[-123.303298,48.463623]]]}},{"type":"Feature","properties":{"id":"w114455584","name":"University House 1","height":8,"riseDelay":0.434},"geometry":{"type":"Polygon","coordinates":[[[-123.302311,48.4629],[-123.302193,48.462846],[-123.302347,48.462698],[-123.302363,48.462705],[-123.302381,48.462688],[-123.302523,48.462753],[-123.30251,48.462766],[-123.302521,48.462771],[-123.302539,48.462779],[-123.302498,48.462818],[-123.302518,48.462827],[-123.302543,48.462802],[-123.302639,48.462846],[-123.302553,48.462928],[-123.302533,48.462919],[-123.302519,48.462933],[-123.30246,48.462906],[-123.302466,48.4629],[-123.3024,48.46287],[-123.302363,48.462905],[-123.302324,48.462888],[-123.302311,48.4629]]]}},{"type":"Feature","properties":{"id":"w133246551","name":"Saanich Fire Station No. 3","height":8,"riseDelay":0.745},"geometry":{"type":"Polygon","coordinates":[[[-123.317792,48.469082],[-123.317521,48.469089],[-123.317515,48.468997],[-123.317501,48.468997],[-123.317499,48.46896],[-123.317534,48.468959],[-123.317531,48.468906],[-123.317541,48.468905],[-123.317538,48.468864],[-123.317782,48.468857],[-123.317785,48.468899],[-123.317803,48.468898],[-123.317806,48.468951],[-123.317848,48.46895],[-123.31785,48.468978],[-123.317785,48.46898],[-123.317792,48.469082]]]}},{"type":"Feature","properties":{"id":"w137448651","name":"Town Pantry","height":8,"riseDelay":0.805},"geometry":{"type":"Polygon","coordinates":[[[-123.318773,48.468953],[-123.31868,48.468907],[-123.318818,48.468785],[-123.318911,48.468832],[-123.318773,48.468953]]]}},{"type":"Feature","properties":{"id":"w419367673","name":"Centre for Athletics, Recreation and Special Abilities","height":20,"riseDelay":0.358},"geometry":{"type":"Polygon","coordinates":[[[-123.31174,48.467661],[-123.311902,48.467615],[-123.311974,48.467743],[-123.312009,48.467734],[-123.312312,48.468246],[-123.312277,48.468255],[-123.31235,48.468379],[-123.311871,48.468504],[-123.3115,48.467877],[-123.311431,48.467895],[-123.31137,48.467862],[-123.310917,48.468235],[-123.31091,48.468246],[-123.310859,48.468288],[-123.310486,48.468088],[-123.310461,48.468109],[-123.310398,48.468075],[-123.310189,48.468246],[-123.310034,48.468165],[-123.310503,48.467775],[-123.310455,48.467748],[-123.31083,48.467442],[-123.310882,48.46747],[-123.311079,48.467308],[-123.311084,48.467303],[-123.311746,48.467656],[-123.31174,48.467661]]]}},{"type":"Feature","properties":{"id":"w580283736","name":"University Park Terrace","height":10.5,"riseDelay":0.923},"geometry":{"type":"Polygon","coordinates":[[[-123.321482,48.468909],[-123.321461,48.468923],[-123.321461,48.468938],[-123.321482,48.468952],[-123.321481,48.468997],[-123.32146,48.469011],[-123.32146,48.469046],[-123.321481,48.469061],[-123.32148,48.469117],[-123.321459,48.469131],[-123.321459,48.469144],[-123.32148,48.469158],[-123.321479,48.469301],[-123.321221,48.4693],[-123.321199,48.469285],[-123.321187,48.469285],[-123.321187,48.469256],[-123.320476,48.469254],[-123.320476,48.469239],[-123.320398,48.469238],[-123.320261,48.469147],[-123.320261,48.469127],[-123.320247,48.469117],[-123.320217,48.469117],[-123.320161,48.46908],[-123.320161,48.46906],[-123.320128,48.469038],[-123.320098,48.469038],[-123.320042,48.469],[-123.320042,48.46898],[-123.320032,48.468973],[-123.320002,48.468973],[-123.31994,48.468932],[-123.31994,48.468918],[-123.319917,48.468903],[-123.319995,48.468852],[-123.320034,48.468878],[-123.320101,48.468834],[-123.320127,48.468852],[-123.320158,48.468832],[-123.320175,48.468843],[-123.320211,48.468843],[-123.320267,48.468881],[-123.320267,48.468901],[-123.320282,48.468912],[-123.320313,48.468912],[-123.320364,48.468945],[-123.320364,48.468966],[-123.320393,48.468986],[-123.320425,48.468986],[-123.320487,48.469028],[-123.320487,48.469049],[-123.320526,48.469049],[-123.320543,48.469061],[-123.321189,48.469063],[-123.32119,48.46887],[-123.321268,48.46887],[-123.321268,48.468847],[-123.321347,48.468847],[-123.321347,48.468818],[-123.321462,48.468818],[-123.321461,48.468839],[-123.321482,48.468853],[-123.321482,48.468909]]]}},{"type":"Feature","properties":{"id":"w723830534","name":"Campus Storage Facility","height":8,"riseDelay":0.792},"geometry":{"type":"Polygon","coordinates":[[[-123.317664,48.469878],[-123.317374,48.469736],[-123.31756,48.469568],[-123.317851,48.46971],[-123.317742,48.469808],[-123.31775,48.469812],[-123.317714,48.469844],[-123.317706,48.46984],[-123.317664,48.469878]]]}},{"type":"Feature","properties":{"id":"w738089027","name":"McCoy Mansion","height":8,"riseDelay":0.705},"geometry":{"type":"Polygon","coordinates":[[[-123.315629,48.470082],[-123.315555,48.470147],[-123.315537,48.470138],[-123.315495,48.470175],[-123.315412,48.470133],[-123.315467,48.470084],[-123.315388,48.470044],[-123.315461,48.46998],[-123.31553,48.470014],[-123.315518,48.470025],[-123.315629,48.470082]]]}},{"type":"Feature","properties":{"id":"w759523291","name":null,"height":8,"riseDelay":0.789},"geometry":{"type":"Polygon","coordinates":[[[-123.319823,48.463264],[-123.319742,48.463264],[-123.319743,48.463211],[-123.319823,48.463212],[-123.319823,48.463264]]]}},{"type":"Feature","properties":{"id":"w795334519","name":null,"height":8,"riseDelay":0.671},"geometry":{"type":"Polygon","coordinates":[[[-123.315688,48.469653],[-123.315613,48.469615],[-123.315623,48.469606],[-123.315553,48.469571],[-123.315543,48.46958],[-123.31547,48.469544],[-123.315462,48.469551],[-123.315387,48.469514],[-123.315488,48.469425],[-123.315531,48.469447],[-123.315509,48.469466],[-123.315539,48.469481],[-123.31557,48.469454],[-123.315613,48.469476],[-123.315592,48.469494],[-123.315623,48.469509],[-123.315655,48.469481],[-123.315696,48.469501],[-123.315674,48.469521],[-123.315705,48.469537],[-123.315716,48.469527],[-123.315757,48.469547],[-123.315735,48.469566],[-123.315768,48.469583],[-123.315688,48.469653]]]}},{"type":"Feature","properties":{"id":"w795334520","name":null,"height":8,"riseDelay":0.675},"geometry":{"type":"Polygon","coordinates":[[[-123.315928,48.469234],[-123.315875,48.469281],[-123.315863,48.469274],[-123.315805,48.469326],[-123.31591,48.469378],[-123.315933,48.469358],[-123.315962,48.469372],[-123.315993,48.469344],[-123.315979,48.469337],[-123.316003,48.469316],[-123.316031,48.46933],[-123.316061,48.469303],[-123.316046,48.469296],[-123.31607,48.469274],[-123.3161,48.469289],[-123.316131,48.469262],[-123.316114,48.469253],[-123.316137,48.469233],[-123.316166,48.469247],[-123.316198,48.469218],[-123.316066,48.469153],[-123.316014,48.4692],[-123.315998,48.469193],[-123.315944,48.469242],[-123.315928,48.469234]]]}},{"type":"Feature","properties":{"id":"w795334521","name":null,"height":8,"riseDelay":0.668},"geometry":{"type":"Polygon","coordinates":[[[-123.31599,48.468983],[-123.316065,48.469021],[-123.316076,48.469012],[-123.316148,48.469048],[-123.316158,48.469039],[-123.316231,48.469076],[-123.316241,48.469067],[-123.316312,48.469103],[-123.316391,48.469035],[-123.316359,48.469019],[-123.316382,48.468999],[-123.316342,48.468978],[-123.31631,48.469007],[-123.316279,48.468991],[-123.3163,48.468972],[-123.316258,48.468951],[-123.316225,48.468979],[-123.316194,48.468964],[-123.316217,48.468944],[-123.316177,48.468924],[-123.316144,48.468952],[-123.316112,48.468936],[-123.316134,48.468917],[-123.316091,48.468895],[-123.31599,48.468983]]]}},{"type":"Feature","properties":{"id":"w854808757","name":null,"height":8,"riseDelay":0.414},"geometry":{"type":"Polygon","coordinates":[[[-123.301796,48.46535],[-123.301933,48.465241],[-123.301995,48.465275],[-123.301961,48.465302],[-123.301988,48.465317],[-123.301964,48.465337],[-123.302031,48.465374],[-123.301948,48.465441],[-123.301863,48.465394],[-123.301868,48.46539],[-123.301796,48.46535]]]}},{"type":"Feature","properties":{"id":"w854808758","name":null,"height":8,"riseDelay":0.319},"geometry":{"type":"Polygon","coordinates":[[[-123.303557,48.466],[-123.303614,48.465951],[-123.303652,48.46597],[-123.303595,48.46602],[-123.303557,48.466]]]}},{"type":"Feature","properties":{"id":"w854808760","name":null,"height":8,"riseDelay":0.318},"geometry":{"type":"Polygon","coordinates":[[[-123.303338,48.464922],[-123.303481,48.465005],[-123.303394,48.465071],[-123.303252,48.464988],[-123.303338,48.464922]]]}},{"type":"Feature","properties":{"id":"w854808761","name":null,"height":8,"riseDelay":0.433},"geometry":{"type":"Polygon","coordinates":[[[-123.302331,48.467112],[-123.302419,48.467039],[-123.302333,48.466993],[-123.3024,48.466937],[-123.302595,48.46704],[-123.302526,48.467098],[-123.302503,48.467086],[-123.302417,48.467158],[-123.302331,48.467112]]]}},{"type":"Feature","properties":{"id":"w854808762","name":null,"height":8,"riseDelay":0.301},"geometry":{"type":"Polygon","coordinates":[[[-123.303507,48.465153],[-123.303597,48.465084],[-123.303696,48.465142],[-123.30367,48.465162],[-123.30378,48.465225],[-123.3037,48.465287],[-123.303572,48.465213],[-123.303589,48.4652],[-123.303507,48.465153]]]}},{"type":"Feature","properties":{"id":"w854808764","name":null,"height":8,"riseDelay":0.376},"geometry":{"type":"Polygon","coordinates":[[[-123.302371,48.46499],[-123.30241,48.46492],[-123.302435,48.46492],[-123.302475,48.464848],[-123.302547,48.464865],[-123.302536,48.464887],[-123.302589,48.464899],[-123.302558,48.464955],[-123.302569,48.464958],[-123.302515,48.465056],[-123.302381,48.465023],[-123.302396,48.464996],[-123.302371,48.46499]]]}},{"type":"Feature","properties":{"id":"w854808765","name":null,"height":8,"riseDelay":0.386},"geometry":{"type":"Polygon","coordinates":[[[-123.302414,48.464297],[-123.302493,48.46434],[-123.302466,48.464363],[-123.302495,48.464379],[-123.302326,48.464513],[-123.302218,48.464454],[-123.302414,48.464297]]]}},{"type":"Feature","properties":{"id":"w854808766","name":null,"height":8,"riseDelay":0.293},"geometry":{"type":"Polygon","coordinates":[[[-123.303799,48.464809],[-123.303743,48.464778],[-123.303727,48.464791],[-123.303634,48.464739],[-123.30373,48.464663],[-123.303875,48.464749],[-123.303799,48.464809]]]}},{"type":"Feature","properties":{"id":"w854808767","name":null,"height":8,"riseDelay":0.375},"geometry":{"type":"Polygon","coordinates":[[[-123.302946,48.466614],[-123.303028,48.46655],[-123.303106,48.466594],[-123.303112,48.466589],[-123.30318,48.466627],[-123.303093,48.466696],[-123.302946,48.466614]]]}},{"type":"Feature","properties":{"id":"w854808769","name":null,"height":8,"riseDelay":0.299},"geometry":{"type":"Polygon","coordinates":[[[-123.303943,48.465937],[-123.303805,48.465866],[-123.303811,48.465861],[-123.303752,48.46583],[-123.303831,48.465765],[-123.304025,48.465869],[-123.303943,48.465937]]]}},{"type":"Feature","properties":{"id":"w854808770","name":null,"height":8,"riseDelay":0.237},"geometry":{"type":"Polygon","coordinates":[[[-123.304546,48.465551],[-123.30465,48.465467],[-123.304664,48.465475],[-123.304696,48.465449],[-123.304767,48.465488],[-123.304737,48.465512],[-123.30475,48.465519],[-123.304705,48.465556],[-123.30472,48.465564],[-123.30466,48.465613],[-123.304546,48.465551]]]}},{"type":"Feature","properties":{"id":"w854808771","name":null,"height":8,"riseDelay":0.321},"geometry":{"type":"Polygon","coordinates":[[[-123.30347,48.46566],[-123.303439,48.465643],[-123.303421,48.465656],[-123.303372,48.465629],[-123.30339,48.465614],[-123.30333,48.465581],[-123.303294,48.465609],[-123.303252,48.465585],[-123.303379,48.465484],[-123.303423,48.465508],[-123.303415,48.465515],[-123.303491,48.465557],[-123.303485,48.465562],[-123.303548,48.465597],[-123.30347,48.46566]]]}},{"type":"Feature","properties":{"id":"w854808772","name":null,"height":8,"riseDelay":0.309},"geometry":{"type":"Polygon","coordinates":[[[-123.30359,48.465618],[-123.303784,48.465728],[-123.303688,48.465802],[-123.303495,48.465692],[-123.30359,48.465618]]]}},{"type":"Feature","properties":{"id":"w854808773","name":null,"height":8,"riseDelay":0.282},"geometry":{"type":"Polygon","coordinates":[[[-123.303897,48.464709],[-123.303919,48.464691],[-123.303957,48.464711],[-123.303935,48.464729],[-123.303897,48.464709]]]}},{"type":"Feature","properties":{"id":"w854808775","name":null,"height":8,"riseDelay":0.364},"geometry":{"type":"Polygon","coordinates":[[[-123.302897,48.466013],[-123.302831,48.465977],[-123.302825,48.465982],[-123.30274,48.465936],[-123.302824,48.465868],[-123.30291,48.465915],[-123.302944,48.465888],[-123.303008,48.465923],[-123.302897,48.466013]]]}},{"type":"Feature","properties":{"id":"w854808777","name":null,"height":8,"riseDelay":0.344},"geometry":{"type":"Polygon","coordinates":[[[-123.303032,48.464447],[-123.302862,48.464354],[-123.30297,48.464266],[-123.303031,48.4643],[-123.303043,48.46429],[-123.303105,48.464325],[-123.303094,48.464335],[-123.303146,48.464365],[-123.303102,48.464401],[-123.303096,48.464399],[-123.303032,48.464447]]]}},{"type":"Feature","properties":{"id":"w854808778","name":null,"height":8,"riseDelay":0.499},"geometry":{"type":"Polygon","coordinates":[[[-123.301963,48.467747],[-123.302017,48.467776],[-123.301974,48.467812],[-123.301944,48.467838],[-123.30189,48.46781],[-123.301963,48.467747]]]}},{"type":"Feature","properties":{"id":"w854808779","name":null,"height":8,"riseDelay":0.418},"geometry":{"type":"Polygon","coordinates":[[[-123.302064,48.466113],[-123.302043,48.466102],[-123.302025,48.466116],[-123.301982,48.466093],[-123.302078,48.466015],[-123.302133,48.466045],[-123.302153,48.466029],[-123.302224,48.466068],[-123.302113,48.466158],[-123.302051,48.466124],[-123.302064,48.466113]]]}},{"type":"Feature","properties":{"id":"w854808780","name":null,"height":8,"riseDelay":0.39},"geometry":{"type":"Polygon","coordinates":[[[-123.302816,48.466688],[-123.302885,48.466632],[-123.302944,48.466665],[-123.302875,48.46672],[-123.302816,48.466688]]]}},{"type":"Feature","properties":{"id":"w854808783","name":null,"height":8,"riseDelay":0.395},"geometry":{"type":"Polygon","coordinates":[[[-123.302637,48.466525],[-123.302556,48.466481],[-123.302569,48.46647],[-123.302556,48.466463],[-123.302544,48.466473],[-123.302481,48.466439],[-123.302644,48.466307],[-123.302735,48.466356],[-123.302692,48.46639],[-123.302762,48.466428],[-123.302684,48.466493],[-123.302679,48.46649],[-123.302637,48.466525]]]}},{"type":"Feature","properties":{"id":"w854808784","name":null,"height":8,"riseDelay":0.248},"geometry":{"type":"Polygon","coordinates":[[[-123.304427,48.465327],[-123.304461,48.4653],[-123.304502,48.465323],[-123.304468,48.46535],[-123.304427,48.465327]]]}},{"type":"Feature","properties":{"id":"w854808786","name":null,"height":8,"riseDelay":0.392},"geometry":{"type":"Polygon","coordinates":[[[-123.302264,48.46454],[-123.302341,48.464587],[-123.302273,48.464637],[-123.302195,48.46459],[-123.302264,48.46454]]]}},{"type":"Feature","properties":{"id":"w854808788","name":null,"height":8,"riseDelay":0.254},"geometry":{"type":"Polygon","coordinates":[[[-123.304355,48.465695],[-123.304394,48.465661],[-123.304419,48.465674],[-123.304518,48.465591],[-123.304629,48.465649],[-123.304562,48.465706],[-123.30453,48.465689],[-123.304505,48.46571],[-123.304533,48.465725],[-123.304487,48.465764],[-123.304355,48.465695]]]}},{"type":"Feature","properties":{"id":"w854808789","name":null,"height":8,"riseDelay":0.303},"geometry":{"type":"Polygon","coordinates":[[[-123.303565,48.464703],[-123.303616,48.464662],[-123.303644,48.464678],[-123.303594,48.464719],[-123.303565,48.464703]]]}},{"type":"Feature","properties":{"id":"w854808790","name":null,"height":8,"riseDelay":0.39},"geometry":{"type":"Polygon","coordinates":[[[-123.302248,48.464895],[-123.302276,48.464872],[-123.302306,48.464888],[-123.302277,48.464911],[-123.302248,48.464895]]]}},{"type":"Feature","properties":{"id":"w854808791","name":null,"height":8,"riseDelay":0.424},"geometry":{"type":"Polygon","coordinates":[[[-123.301811,48.465957],[-123.301891,48.465893],[-123.301957,48.46593],[-123.301963,48.465925],[-123.302047,48.465972],[-123.301962,48.46604],[-123.301811,48.465957]]]}},{"type":"Feature","properties":{"id":"w854808792","name":null,"height":8,"riseDelay":0.331},"geometry":{"type":"Polygon","coordinates":[[[-123.303189,48.465383],[-123.303327,48.465462],[-123.30325,48.465526],[-123.303108,48.465451],[-123.303189,48.465383]]]}},{"type":"Feature","properties":{"id":"w854808794","name":null,"height":8,"riseDelay":0.368},"geometry":{"type":"Polygon","coordinates":[[[-123.302763,48.464046],[-123.302809,48.464072],[-123.30278,48.464094],[-123.302734,48.464069],[-123.302763,48.464046]]]}},{"type":"Feature","properties":{"id":"w854808795","name":null,"height":8,"riseDelay":0.359},"geometry":{"type":"Polygon","coordinates":[[[-123.302671,48.464557],[-123.302623,48.464534],[-123.302762,48.46441],[-123.302779,48.464419],[-123.302783,48.464415],[-123.30289,48.464471],[-123.302863,48.464495],[-123.302875,48.4645],[-123.302865,48.46451],[-123.302873,48.464514],[-123.302846,48.464538],[-123.30284,48.464535],[-123.302822,48.464551],[-123.302808,48.464544],[-123.302794,48.464557],[-123.302813,48.464567],[-123.302744,48.464628],[-123.302646,48.46458],[-123.302671,48.464557]]]}},{"type":"Feature","properties":{"id":"w854808797","name":null,"height":8,"riseDelay":0.345},"geometry":{"type":"Polygon","coordinates":[[[-123.302939,48.465262],[-123.303023,48.465307],[-123.303016,48.465312],[-123.30308,48.465346],[-123.302996,48.465416],[-123.302849,48.465337],[-123.302939,48.465262]]]}},{"type":"Feature","properties":{"id":"w854808798","name":null,"height":8,"riseDelay":0.354},"geometry":{"type":"Polygon","coordinates":[[[-123.303126,48.466094],[-123.303051,48.466053],[-123.303045,48.466058],[-123.302963,48.466013],[-123.303046,48.465947],[-123.303202,48.466032],[-123.303126,48.466094]]]}},{"type":"Feature","properties":{"id":"w854808800","name":null,"height":8,"riseDelay":0.375},"geometry":{"type":"Polygon","coordinates":[[[-123.302641,48.465866],[-123.302631,48.465874],[-123.302567,48.465838],[-123.302576,48.465831],[-123.302539,48.465811],[-123.302617,48.465749],[-123.302685,48.465787],[-123.302726,48.465753],[-123.302817,48.465802],[-123.302699,48.465897],[-123.302641,48.465866]]]}},{"type":"Feature","properties":{"id":"w854808802","name":null,"height":8,"riseDelay":0.444},"geometry":{"type":"Polygon","coordinates":[[[-123.302039,48.466935],[-123.302126,48.466865],[-123.302286,48.466954],[-123.3022,48.467023],[-123.302039,48.466935]]]}},{"type":"Feature","properties":{"id":"w854808803","name":null,"height":8,"riseDelay":0.406},"geometry":{"type":"Polygon","coordinates":[[[-123.301972,48.465491],[-123.30206,48.46542],[-123.30219,48.465491],[-123.302103,48.465562],[-123.301972,48.465491]]]}},{"type":"Feature","properties":{"id":"w854808804","name":null,"height":8,"riseDelay":0.241},"geometry":{"type":"Polygon","coordinates":[[[-123.304398,48.46517],[-123.304487,48.4651],[-123.30455,48.465132],[-123.304558,48.465125],[-123.304651,48.465174],[-123.304555,48.465256],[-123.304398,48.46517]]]}},{"type":"Feature","properties":{"id":"w854808805","name":null,"height":8,"riseDelay":0.401},"geometry":{"type":"Polygon","coordinates":[[[-123.302144,48.464804],[-123.302115,48.464788],[-123.302097,48.464803],[-123.302003,48.46475],[-123.302046,48.464717],[-123.302063,48.464726],[-123.302113,48.464686],[-123.302128,48.464694],[-123.302194,48.464642],[-123.302285,48.464693],[-123.302144,48.464804]]]}},{"type":"Feature","properties":{"id":"w854808806","name":null,"height":8,"riseDelay":0.42},"geometry":{"type":"Polygon","coordinates":[[[-123.30254,48.467109],[-123.302609,48.467054],[-123.302637,48.467069],[-123.302707,48.467013],[-123.302753,48.467039],[-123.302807,48.466995],[-123.302894,48.467043],[-123.302697,48.467202],[-123.302611,48.467154],[-123.302616,48.467151],[-123.30254,48.467109]]]}},{"type":"Feature","properties":{"id":"w854808808","name":null,"height":8,"riseDelay":0.255},"geometry":{"type":"Polygon","coordinates":[[[-123.304263,48.464963],[-123.30435,48.465012],[-123.304347,48.465017],[-123.304403,48.465049],[-123.304319,48.465114],[-123.304175,48.465031],[-123.304263,48.464963]]]}},{"type":"Feature","properties":{"id":"w854808810","name":null,"height":8,"riseDelay":0.383},"geometry":{"type":"Polygon","coordinates":[[[-123.30235,48.465708],[-123.302427,48.465647],[-123.302486,48.46568],[-123.302516,48.465656],[-123.302532,48.465664],[-123.30256,48.465642],[-123.302639,48.465685],[-123.302496,48.465799],[-123.30242,48.465757],[-123.302427,48.465751],[-123.30235,48.465708]]]}},{"type":"Feature","properties":{"id":"w854808811","name":null,"height":8,"riseDelay":0.369},"geometry":{"type":"Polygon","coordinates":[[[-123.302425,48.464724],[-123.302491,48.464669],[-123.302511,48.46468],[-123.302546,48.46465],[-123.302532,48.464642],[-123.30259,48.464593],[-123.302642,48.464621],[-123.302647,48.464616],[-123.302713,48.464657],[-123.302673,48.464688],[-123.302686,48.464688],[-123.302678,48.464732],[-123.302663,48.464732],[-123.302662,48.464764],[-123.30271,48.464798],[-123.302624,48.464845],[-123.302425,48.464724]]]}},{"type":"Feature","properties":{"id":"w854808812","name":null,"height":8,"riseDelay":0.276},"geometry":{"type":"Polygon","coordinates":[[[-123.30391,48.464859],[-123.303972,48.464806],[-123.304163,48.464906],[-123.304081,48.464975],[-123.303936,48.464899],[-123.303955,48.464883],[-123.30391,48.464859]]]}},{"type":"Feature","properties":{"id":"w854808813","name":null,"height":8,"riseDelay":0.493},"geometry":{"type":"Polygon","coordinates":[[[-123.301697,48.467579],[-123.30172,48.467561],[-123.301729,48.467542],[-123.301772,48.467515],[-123.301789,48.467508],[-123.301824,48.4675],[-123.301848,48.4675],[-123.301922,48.467509],[-123.302017,48.467444],[-123.302041,48.46745],[-123.302055,48.467472],[-123.30192,48.467573],[-123.301881,48.467577],[-123.301837,48.467588],[-123.301834,48.467592],[-123.301842,48.467609],[-123.301815,48.467622],[-123.301781,48.467627],[-123.301741,48.467621],[-123.30172,48.467612],[-123.301707,48.467602],[-123.301697,48.467579]]]}},{"type":"Feature","properties":{"id":"w854808816","name":null,"height":8,"riseDelay":0.328},"geometry":{"type":"Polygon","coordinates":[[[-123.303701,48.46647],[-123.303661,48.466448],[-123.303641,48.466464],[-123.303548,48.466412],[-123.303568,48.466396],[-123.303536,48.466378],[-123.303738,48.466219],[-123.30383,48.466271],[-123.303758,48.466328],[-123.303744,48.46632],[-123.30372,48.466342],[-123.303702,48.466332],[-123.303677,48.466354],[-123.303776,48.466404],[-123.303701,48.46647]]]}},{"type":"Feature","properties":{"id":"w854808817","name":null,"height":8,"riseDelay":0.397},"geometry":{"type":"Polygon","coordinates":[[[-123.302233,48.465646],[-123.302227,48.46565],[-123.302141,48.465603],[-123.302227,48.465533],[-123.302379,48.465617],[-123.302298,48.465682],[-123.302233,48.465646]]]}},{"type":"Feature","properties":{"id":"w854808819","name":null,"height":8,"riseDelay":0.258},"geometry":{"type":"Polygon","coordinates":[[[-123.304316,48.465512],[-123.304367,48.465472],[-123.304405,48.465493],[-123.304353,48.465533],[-123.304316,48.465512]]]}},{"type":"Feature","properties":{"id":"w854808820","name":null,"height":8,"riseDelay":0.423},"geometry":{"type":"Polygon","coordinates":[[[-123.302197,48.46641],[-123.302282,48.466457],[-123.302197,48.466525],[-123.302111,48.466478],[-123.302197,48.46641]]]}},{"type":"Feature","properties":{"id":"w854808821","name":null,"height":8,"riseDelay":0.24},"geometry":{"type":"Polygon","coordinates":[[[-123.304543,48.465267],[-123.304564,48.46525],[-123.304592,48.465266],[-123.30457,48.465283],[-123.304543,48.465267]]]}},{"type":"Feature","properties":{"id":"w854808823","name":null,"height":8,"riseDelay":0.344},"geometry":{"type":"Polygon","coordinates":[[[-123.303213,48.466192],[-123.303141,48.466154],[-123.303199,48.466106],[-123.303215,48.466115],[-123.303233,48.4661],[-123.303229,48.466097],[-123.303274,48.466061],[-123.303334,48.466094],[-123.303386,48.466051],[-123.303462,48.466093],[-123.303362,48.466174],[-123.303371,48.466179],[-123.303354,48.466192],[-123.30334,48.466184],[-123.303336,48.466188],[-123.303345,48.466193],[-123.303272,48.466253],[-123.303192,48.466209],[-123.303213,48.466192]]]}},{"type":"Feature","properties":{"id":"w854808824","name":null,"height":8,"riseDelay":0.453},"geometry":{"type":"Polygon","coordinates":[[[-123.301756,48.466773],[-123.301835,48.466709],[-123.30189,48.466738],[-123.301907,48.466725],[-123.301958,48.466753],[-123.30194,48.466767],[-123.301998,48.466799],[-123.301994,48.466803],[-123.302023,48.466818],[-123.301931,48.466893],[-123.301805,48.466824],[-123.301823,48.46681],[-123.301756,48.466773]]]}},{"type":"Feature","properties":{"id":"w854808825","name":null,"height":8,"riseDelay":0.249},"geometry":{"type":"Polygon","coordinates":[[[-123.304356,48.465141],[-123.304433,48.465076],[-123.304481,48.4651],[-123.304404,48.465165],[-123.304356,48.465141]]]}},{"type":"Feature","properties":{"id":"w854808827","name":null,"height":8,"riseDelay":0.384},"geometry":{"type":"Polygon","coordinates":[[[-123.302789,48.466578],[-123.302837,48.46654],[-123.302748,48.466491],[-123.30284,48.466417],[-123.302961,48.466484],[-123.302949,48.466494],[-123.302983,48.466513],[-123.302903,48.466577],[-123.302892,48.466571],[-123.302844,48.466609],[-123.302789,48.466578]]]}},{"type":"Feature","properties":{"id":"w854808828","name":null,"height":8,"riseDelay":0.288},"geometry":{"type":"Polygon","coordinates":[[[-123.303952,48.465413],[-123.303877,48.465375],[-123.303872,48.465379],[-123.303778,48.465331],[-123.30379,48.465321],[-123.303754,48.465302],[-123.303819,48.465246],[-123.304024,48.46535],[-123.303952,48.465413]]]}},{"type":"Feature","properties":{"id":"w854808829","name":null,"height":8,"riseDelay":0.364},"geometry":{"type":"Polygon","coordinates":[[[-123.302591,48.465165],[-123.302715,48.465143],[-123.302761,48.46526],[-123.302637,48.465281],[-123.302591,48.465165]]]}},{"type":"Feature","properties":{"id":"w854808830","name":null,"height":8,"riseDelay":0.41},"geometry":{"type":"Polygon","coordinates":[[[-123.302339,48.46627],[-123.302246,48.466218],[-123.302183,48.466269],[-123.302112,48.46623],[-123.302273,48.466101],[-123.302436,48.466192],[-123.302339,48.46627]]]}},{"type":"Feature","properties":{"id":"w854808834","name":null,"height":8,"riseDelay":0.27},"geometry":{"type":"Polygon","coordinates":[[[-123.304171,48.465539],[-123.304106,48.465503],[-123.3041,48.465508],[-123.304008,48.465457],[-123.304075,48.465403],[-123.304065,48.465397],[-123.304118,48.465355],[-123.3042,48.4654],[-123.304163,48.46543],[-123.304188,48.465443],[-123.30424,48.465401],[-123.304301,48.465435],[-123.304171,48.465539]]]}},{"type":"Feature","properties":{"id":"w854808835","name":null,"height":8,"riseDelay":0.406},"geometry":{"type":"Polygon","coordinates":[[[-123.302006,48.464994],[-123.301928,48.464951],[-123.30196,48.464926],[-123.301941,48.464916],[-123.302063,48.46482],[-123.30216,48.464875],[-123.302092,48.464928],[-123.302121,48.464945],[-123.302073,48.464983],[-123.302043,48.464966],[-123.302006,48.464994]]]}},{"type":"Feature","properties":{"id":"w854808836","name":null,"height":8,"riseDelay":0.224},"geometry":{"type":"Polygon","coordinates":[[[-123.304766,48.465388],[-123.304789,48.465371],[-123.304715,48.465329],[-123.304808,48.465256],[-123.304894,48.465305],[-123.30489,48.465311],[-123.304945,48.465342],[-123.304859,48.465409],[-123.304848,48.465403],[-123.304825,48.465422],[-123.304766,48.465388]]]}},{"type":"Feature","properties":{"id":"w854808839","name":null,"height":8,"riseDelay":0.372},"geometry":{"type":"Polygon","coordinates":[[[-123.302544,48.464187],[-123.302691,48.464072],[-123.302804,48.464134],[-123.30266,48.46425],[-123.302544,48.464187]]]}},{"type":"Feature","properties":{"id":"w854808841","name":null,"height":8,"riseDelay":0.321},"geometry":{"type":"Polygon","coordinates":[[[-123.3033,48.464587],[-123.303282,48.464577],[-123.303169,48.464668],[-123.303104,48.464633],[-123.303248,48.464517],[-123.303314,48.464554],[-123.303302,48.464564],[-123.303319,48.464573],[-123.303372,48.46453],[-123.303468,48.464583],[-123.303496,48.464561],[-123.303586,48.464611],[-123.303471,48.464703],[-123.303411,48.46467],[-123.303421,48.464661],[-123.303295,48.464591],[-123.3033,48.464587]]]}},{"type":"Feature","properties":{"id":"w854808842","name":null,"height":8,"riseDelay":0.273},"geometry":{"type":"Polygon","coordinates":[[[-123.304018,48.465208],[-123.304058,48.465177],[-123.304089,48.465194],[-123.304049,48.465225],[-123.304018,48.465208]]]}},{"type":"Feature","properties":{"id":"w854808843","name":null,"height":8,"riseDelay":0.478},"geometry":{"type":"Polygon","coordinates":[[[-123.301958,48.467569],[-123.302029,48.467513],[-123.302081,48.467543],[-123.302086,48.467535],[-123.302139,48.467565],[-123.302147,48.467559],[-123.302197,48.467587],[-123.302188,48.467595],[-123.302225,48.467616],[-123.302148,48.467676],[-123.301958,48.467569]]]}},{"type":"Feature","properties":{"id":"w854808844","name":null,"height":8,"riseDelay":0.427},"geometry":{"type":"Polygon","coordinates":[[[-123.302032,48.466359],[-123.302064,48.466334],[-123.30211,48.46636],[-123.302078,48.466385],[-123.302032,48.466359]]]}},{"type":"Feature","properties":{"id":"w854808846","name":null,"height":8,"riseDelay":0.442},"geometry":{"type":"Polygon","coordinates":[[[-123.302082,48.466831],[-123.30212,48.466805],[-123.30215,48.466824],[-123.302112,48.46685],[-123.302082,48.466831]]]}},{"type":"Feature","properties":{"id":"w854808847","name":null,"height":8,"riseDelay":0.339},"geometry":{"type":"Polygon","coordinates":[[[-123.303355,48.466301],[-123.303373,48.466286],[-123.303321,48.466257],[-123.303452,48.466154],[-123.303527,48.466194],[-123.303485,48.466228],[-123.303546,48.466262],[-123.303438,48.466346],[-123.303355,48.466301]]]}},{"type":"Feature","properties":{"id":"w854808849","name":null,"height":8,"riseDelay":0.372},"geometry":{"type":"Polygon","coordinates":[[[-123.30315,48.466793],[-123.303067,48.466749],[-123.3032,48.466639],[-123.303288,48.466686],[-123.303281,48.466691],[-123.303347,48.466727],[-123.303269,48.466791],[-123.303199,48.466753],[-123.30315,48.466793]]]}},{"type":"Feature","properties":{"id":"w854808851","name":null,"height":8,"riseDelay":0.289},"geometry":{"type":"Polygon","coordinates":[[[-123.303938,48.466003],[-123.30397,48.465952],[-123.304008,48.465963],[-123.304049,48.465898],[-123.304171,48.465932],[-123.304163,48.465945],[-123.304235,48.465966],[-123.304203,48.466017],[-123.304132,48.465997],[-123.304126,48.466008],[-123.304159,48.466017],[-123.304131,48.466062],[-123.303973,48.466018],[-123.303976,48.466013],[-123.303938,48.466003]]]}},{"type":"Feature","properties":{"id":"w854808852","name":null,"height":8,"riseDelay":0.4},"geometry":{"type":"Polygon","coordinates":[[[-123.3021,48.464824],[-123.30212,48.464806],[-123.302154,48.464823],[-123.302134,48.464841],[-123.3021,48.464824]]]}},{"type":"Feature","properties":{"id":"w854808853","name":null,"height":8,"riseDelay":0.404},"geometry":{"type":"Polygon","coordinates":[[[-123.302339,48.466308],[-123.302434,48.46623],[-123.302599,48.466319],[-123.302443,48.466446],[-123.302359,48.4664],[-123.302419,48.466351],[-123.302339,48.466308]]]}},{"type":"Feature","properties":{"id":"w854808854","name":null,"height":8,"riseDelay":0.335},"geometry":{"type":"Polygon","coordinates":[[[-123.302963,48.464907],[-123.302964,48.464823],[-123.303149,48.464824],[-123.303149,48.464841],[-123.303201,48.464841],[-123.3032,48.464909],[-123.302963,48.464907]]]}},{"type":"Feature","properties":{"id":"w854809113","name":null,"height":8,"riseDelay":0.423},"geometry":{"type":"Polygon","coordinates":[[[-123.30185,48.46386],[-123.301943,48.463795],[-123.301998,48.46383],[-123.301995,48.463835],[-123.302009,48.463839],[-123.302057,48.463803],[-123.302137,48.463851],[-123.302,48.463954],[-123.30185,48.46386]]]}},{"type":"Feature","properties":{"id":"w854809160","name":null,"height":8,"riseDelay":0.424},"geometry":{"type":"Polygon","coordinates":[[[-123.301757,48.464162],[-123.301896,48.464048],[-123.30202,48.464114],[-123.301882,48.464229],[-123.301757,48.464162]]]}},{"type":"Feature","properties":{"id":"w854809166","name":null,"height":8,"riseDelay":0.406},"geometry":{"type":"Polygon","coordinates":[[[-123.302156,48.464095],[-123.302075,48.464047],[-123.302238,48.463914],[-123.302335,48.463964],[-123.302219,48.464063],[-123.302202,48.464057],[-123.302156,48.464095]]]}},{"type":"Feature","properties":{"id":"w854809737","name":null,"height":8,"riseDelay":0.492},"geometry":{"type":"Polygon","coordinates":[[[-123.302072,48.462304],[-123.302015,48.462292],[-123.302011,48.462301],[-123.301924,48.462283],[-123.301951,48.462226],[-123.30191,48.462217],[-123.301938,48.462159],[-123.301965,48.462164],[-123.301982,48.462129],[-123.302024,48.462138],[-123.302031,48.462124],[-123.302098,48.462138],[-123.30208,48.462175],[-123.302129,48.462185],[-123.302072,48.462304]]]}},{"type":"Feature","properties":{"id":"w854809752","name":null,"height":8,"riseDelay":0.505},"geometry":{"type":"Polygon","coordinates":[[[-123.302029,48.462099],[-123.301989,48.462076],[-123.301963,48.462097],[-123.301936,48.462082],[-123.301926,48.462086],[-123.301905,48.462087],[-123.30187,48.462071],[-123.301877,48.462066],[-123.301859,48.462056],[-123.301814,48.462091],[-123.301724,48.46204],[-123.301893,48.461907],[-123.301965,48.461947],[-123.301974,48.46194],[-123.302028,48.46197],[-123.302039,48.461961],[-123.302097,48.461994],[-123.302053,48.462028],[-123.302092,48.46205],[-123.302029,48.462099]]]}},{"type":"Feature","properties":{"id":"w854809753","name":null,"height":8,"riseDelay":0.49},"geometry":{"type":"Polygon","coordinates":[[[-123.3017,48.462465],[-123.301726,48.46242],[-123.30177,48.462432],[-123.301818,48.462347],[-123.301757,48.462331],[-123.301791,48.462272],[-123.302013,48.462329],[-123.301962,48.462418],[-123.301902,48.462403],[-123.301878,48.462458],[-123.301932,48.462472],[-123.301906,48.462517],[-123.3017,48.462465]]]}},{"type":"Feature","properties":{"id":"w854811878","name":null,"height":8,"riseDelay":0.799},"geometry":{"type":"Polygon","coordinates":[[[-123.318501,48.469039],[-123.318531,48.469013],[-123.318577,48.469036],[-123.318547,48.469063],[-123.318501,48.469039]]]}},{"type":"Feature","properties":{"id":"w854811879","name":null,"height":8,"riseDelay":0.818},"geometry":{"type":"Polygon","coordinates":[[[-123.31862,48.469385],[-123.318504,48.469329],[-123.318543,48.469293],[-123.318554,48.469298],[-123.31862,48.469237],[-123.318628,48.469241],[-123.318654,48.469217],[-123.318768,48.469271],[-123.318712,48.469322],[-123.318702,48.469317],[-123.318657,48.469358],[-123.318651,48.469355],[-123.31862,48.469385]]]}},{"type":"Feature","properties":{"id":"w854811880","name":null,"height":8,"riseDelay":0.813},"geometry":{"type":"Polygon","coordinates":[[[-123.318733,48.469179],[-123.318611,48.469121],[-123.31865,48.469085],[-123.318654,48.469081],[-123.318669,48.469089],[-123.318711,48.46905],[-123.318703,48.469046],[-123.318734,48.469017],[-123.318842,48.469068],[-123.318804,48.469103],[-123.318811,48.469106],[-123.318786,48.46913],[-123.318801,48.469137],[-123.318772,48.469165],[-123.318756,48.469157],[-123.318733,48.469179]]]}},{"type":"Feature","properties":{"id":"w854811881","name":null,"height":8,"riseDelay":0.798},"geometry":{"type":"Polygon","coordinates":[[[-123.318458,48.469085],[-123.318475,48.469072],[-123.318505,48.469088],[-123.318488,48.469102],[-123.318458,48.469085]]]}},{"type":"Feature","properties":{"id":"w854811882","name":null,"height":8,"riseDelay":0.822},"geometry":{"type":"Polygon","coordinates":[[[-123.318887,48.469013],[-123.318997,48.468915],[-123.319078,48.468842],[-123.319151,48.468878],[-123.319069,48.468951],[-123.31896,48.469049],[-123.318887,48.469013]]]}},{"type":"Feature","properties":{"id":"w854811883","name":null,"height":8,"riseDelay":0.794},"geometry":{"type":"Polygon","coordinates":[[[-123.318213,48.469281],[-123.31824,48.469257],[-123.318267,48.469271],[-123.31824,48.469295],[-123.318213,48.469281]]]}},{"type":"Feature","properties":{"id":"w854811884","name":null,"height":8,"riseDelay":0.812},"geometry":{"type":"Polygon","coordinates":[[[-123.31808,48.469613],[-123.31819,48.469514],[-123.318363,48.4696],[-123.318254,48.469698],[-123.31808,48.469613]]]}},{"type":"Feature","properties":{"id":"w854811885","name":null,"height":8,"riseDelay":0.798},"geometry":{"type":"Polygon","coordinates":[[[-123.318397,48.469138],[-123.318434,48.469104],[-123.318493,48.469133],[-123.318456,48.469167],[-123.318397,48.469138]]]}},{"type":"Feature","properties":{"id":"w854811886","name":null,"height":8,"riseDelay":0.818},"geometry":{"type":"Polygon","coordinates":[[[-123.318444,48.46952],[-123.318373,48.469484],[-123.318399,48.469461],[-123.318389,48.469456],[-123.3185,48.469359],[-123.318617,48.469418],[-123.318551,48.469476],[-123.318532,48.469467],[-123.318488,48.469507],[-123.318468,48.469497],[-123.318444,48.46952]]]}},{"type":"Feature","properties":{"id":"w854811887","name":null,"height":8,"riseDelay":0.797},"geometry":{"type":"Polygon","coordinates":[[[-123.318138,48.469363],[-123.318191,48.469316],[-123.318275,48.469359],[-123.318222,48.469405],[-123.318138,48.469363]]]}},{"type":"Feature","properties":{"id":"w854811888","name":null,"height":8,"riseDelay":0.767},"geometry":{"type":"Polygon","coordinates":[[[-123.318015,48.468975],[-123.318012,48.468923],[-123.318095,48.46892],[-123.318097,48.468946],[-123.318105,48.468946],[-123.318107,48.468972],[-123.318015,48.468975]]]}},{"type":"Feature","properties":{"id":"w854811901","name":null,"height":8,"riseDelay":0.387},"geometry":{"type":"Polygon","coordinates":[[[-123.306332,48.4686],[-123.306416,48.468646],[-123.306352,48.468698],[-123.306268,48.468652],[-123.306332,48.4686]]]}},{"type":"Feature","properties":{"id":"w854811917","name":null,"height":8,"riseDelay":0.452},"geometry":{"type":"Polygon","coordinates":[[[-123.305853,48.469227],[-123.305878,48.469208],[-123.305937,48.469243],[-123.305913,48.469261],[-123.305853,48.469227]]]}},{"type":"Feature","properties":{"id":"w854811940","name":null,"height":8,"riseDelay":0.342},"geometry":{"type":"Polygon","coordinates":[[[-123.306935,48.468297],[-123.306967,48.468272],[-123.306989,48.468285],[-123.306957,48.46831],[-123.306935,48.468297]]]}},{"type":"Feature","properties":{"id":"w854811970","name":null,"height":8,"riseDelay":0.414},"geometry":{"type":"Polygon","coordinates":[[[-123.305826,48.46887],[-123.305878,48.468828],[-123.305898,48.468839],[-123.305917,48.468824],[-123.305838,48.468781],[-123.305912,48.468721],[-123.30609,48.468818],[-123.305945,48.468935],[-123.305826,48.46887]]]}},{"type":"Feature","properties":{"id":"w854811981","name":null,"height":8,"riseDelay":0.501},"geometry":{"type":"Polygon","coordinates":[[[-123.307998,48.470073],[-123.307984,48.470079],[-123.307904,48.469984],[-123.308017,48.469942],[-123.308004,48.469926],[-123.308051,48.469908],[-123.308064,48.469923],[-123.308122,48.469902],[-123.308145,48.469929],[-123.308193,48.46991],[-123.30824,48.469966],[-123.308191,48.469985],[-123.308204,48.469999],[-123.308104,48.470036],[-123.30813,48.470066],[-123.308026,48.470106],[-123.307998,48.470073]]]}},{"type":"Feature","properties":{"id":"w854811985","name":null,"height":8,"riseDelay":0.453},"geometry":{"type":"Polygon","coordinates":[[[-123.306744,48.469408],[-123.306775,48.469382],[-123.30682,48.469406],[-123.306789,48.469431],[-123.306744,48.469408]]]}},{"type":"Feature","properties":{"id":"w854811997","name":"UVic Enterprise Data Centre","height":8,"riseDelay":0.474},"geometry":{"type":"Polygon","coordinates":[[[-123.310453,48.4697],[-123.310169,48.469545],[-123.310237,48.469491],[-123.310198,48.469469],[-123.31032,48.469372],[-123.310312,48.469368],[-123.310379,48.469315],[-123.310427,48.469342],[-123.310588,48.469213],[-123.310786,48.469323],[-123.310594,48.469476],[-123.310721,48.469547],[-123.310687,48.469574],[-123.310643,48.469549],[-123.310597,48.469586],[-123.310453,48.4697]]]}},{"type":"Feature","properties":{"id":"w854812006","name":null,"height":8,"riseDelay":0.486},"geometry":{"type":"Polygon","coordinates":[[[-123.309882,48.469693],[-123.309915,48.469665],[-123.309942,48.46968],[-123.309909,48.469707],[-123.309882,48.469693]]]}},{"type":"Feature","properties":{"id":"w854812019","name":null,"height":8,"riseDelay":0.529},"geometry":{"type":"Polygon","coordinates":[[[-123.304738,48.469821],[-123.304624,48.469759],[-123.304702,48.469695],[-123.304728,48.469709],[-123.304743,48.469697],[-123.304793,48.469724],[-123.304778,48.469737],[-123.304814,48.469756],[-123.304791,48.469774],[-123.304812,48.469786],[-123.304772,48.469818],[-123.304753,48.469808],[-123.304738,48.469821]]]}},{"type":"Feature","properties":{"id":"w854812022","name":null,"height":8,"riseDelay":0.518},"geometry":{"type":"Polygon","coordinates":[[[-123.309616,48.470021],[-123.309662,48.469978],[-123.309825,48.470057],[-123.309722,48.470152],[-123.30957,48.47008],[-123.309628,48.470026],[-123.309616,48.470021]]]}},{"type":"Feature","properties":{"id":"w854812025","name":null,"height":8,"riseDelay":0.498},"geometry":{"type":"Polygon","coordinates":[[[-123.305014,48.469578],[-123.304986,48.469561],[-123.304982,48.469565],[-123.304913,48.469525],[-123.304946,48.4695],[-123.304925,48.469487],[-123.304967,48.469455],[-123.304951,48.469446],[-123.305004,48.469406],[-123.305019,48.469414],[-123.30506,48.469384],[-123.305116,48.469416],[-123.3051,48.469428],[-123.305213,48.469494],[-123.305148,48.469544],[-123.305067,48.469497],[-123.305036,48.469522],[-123.305065,48.469538],[-123.305068,48.46955],[-123.305035,48.469576],[-123.305014,48.469578]]]}},{"type":"Feature","properties":{"id":"w854812026","name":null,"height":8,"riseDelay":0.497},"geometry":{"type":"Polygon","coordinates":[[[-123.307034,48.469936],[-123.307004,48.46992],[-123.306988,48.469932],[-123.30692,48.469894],[-123.307098,48.469752],[-123.307211,48.469815],[-123.307183,48.469837],[-123.307214,48.469855],[-123.30708,48.469961],[-123.307058,48.469964],[-123.30703,48.469949],[-123.307034,48.469936]]]}},{"type":"Feature","properties":{"id":"w854812029","name":null,"height":8,"riseDelay":0.527},"geometry":{"type":"Polygon","coordinates":[[[-123.310472,48.470013],[-123.310501,48.469987],[-123.310535,48.470004],[-123.310506,48.47003],[-123.310472,48.470013]]]}},{"type":"Feature","properties":{"id":"w854812037","name":null,"height":8,"riseDelay":0.601},"geometry":{"type":"Polygon","coordinates":[[[-123.314593,48.469191],[-123.314615,48.469172],[-123.314647,48.469188],[-123.314625,48.469207],[-123.314593,48.469191]]]}},{"type":"Feature","properties":{"id":"w854812043","name":null,"height":8,"riseDelay":0.468},"geometry":{"type":"Polygon","coordinates":[[[-123.305498,48.469305],[-123.305591,48.469229],[-123.305808,48.469346],[-123.305762,48.469383],[-123.305772,48.469389],[-123.305719,48.469432],[-123.305532,48.469331],[-123.305538,48.469327],[-123.305498,48.469305]]]}},{"type":"Feature","properties":{"id":"w854812050","name":null,"height":8,"riseDelay":0.508},"geometry":{"type":"Polygon","coordinates":[[[-123.309703,48.469951],[-123.309868,48.469808],[-123.309981,48.469866],[-123.309894,48.469942],[-123.309929,48.469959],[-123.309851,48.470026],[-123.309703,48.469951]]]}},{"type":"Feature","properties":{"id":"w854812055","name":null,"height":8,"riseDelay":0.471},"geometry":{"type":"Polygon","coordinates":[[[-123.307643,48.469637],[-123.307685,48.469603],[-123.307771,48.46965],[-123.307733,48.469681],[-123.307765,48.469698],[-123.307745,48.469715],[-123.307703,48.469692],[-123.307719,48.469679],[-123.307643,48.469637]]]}},{"type":"Feature","properties":{"id":"w854812058","name":null,"height":8,"riseDelay":0.525},"geometry":{"type":"Polygon","coordinates":[[[-123.304953,48.469744],[-123.30502,48.469775],[-123.304989,48.469805],[-123.304921,48.469773],[-123.304953,48.469744]]]}},{"type":"Feature","properties":{"id":"w854812059","name":null,"height":8,"riseDelay":0.604},"geometry":{"type":"Polygon","coordinates":[[[-123.31464,48.469208],[-123.314669,48.469181],[-123.314705,48.469198],[-123.314677,48.469225],[-123.314672,48.469229],[-123.314636,48.469212],[-123.31464,48.469208]]]}},{"type":"Feature","properties":{"id":"w854812082","name":null,"height":8,"riseDelay":0.547},"geometry":{"type":"Polygon","coordinates":[[[-123.304379,48.469911],[-123.304541,48.469778],[-123.30468,48.469853],[-123.304624,48.469899],[-123.304597,48.469884],[-123.304567,48.469909],[-123.304636,48.469946],[-123.30456,48.470008],[-123.304379,48.469911]]]}},{"type":"Feature","properties":{"id":"w854812095","name":null,"height":8,"riseDelay":0.587},"geometry":{"type":"Polygon","coordinates":[[[-123.314432,48.469096],[-123.314453,48.469078],[-123.314501,48.469102],[-123.31448,48.469121],[-123.314432,48.469096]]]}},{"type":"Feature","properties":{"id":"w854812104","name":null,"height":8,"riseDelay":0.482},"geometry":{"type":"Polygon","coordinates":[[[-123.306043,48.469598],[-123.306104,48.469551],[-123.306142,48.469573],[-123.30608,48.46962],[-123.306043,48.469598]]]}},{"type":"Feature","properties":{"id":"w854812128","name":null,"height":8,"riseDelay":0.511},"geometry":{"type":"Polygon","coordinates":[[[-123.304905,48.469691],[-123.304742,48.469601],[-123.30477,48.469579],[-123.304736,48.46956],[-123.304828,48.469491],[-123.304847,48.469491],[-123.304865,48.469504],[-123.304888,48.469555],[-123.305023,48.469631],[-123.304973,48.469671],[-123.304948,48.469657],[-123.304905,48.469691]]]}},{"type":"Feature","properties":{"id":"w854812136","name":null,"height":8,"riseDelay":0.471},"geometry":{"type":"Polygon","coordinates":[[[-123.306106,48.469487],[-123.306149,48.469459],[-123.306176,48.469477],[-123.30616,48.469488],[-123.306164,48.469491],[-123.306137,48.469508],[-123.306106,48.469487]]]}},{"type":"Feature","properties":{"id":"w854812141","name":null,"height":8,"riseDelay":0.307},"geometry":{"type":"Polygon","coordinates":[[[-123.307335,48.467975],[-123.307362,48.467952],[-123.307505,48.468027],[-123.307477,48.46805],[-123.307335,48.467975]]]}},{"type":"Feature","properties":{"id":"w854812142","name":null,"height":8,"riseDelay":0.472},"geometry":{"type":"Polygon","coordinates":[[[-123.307038,48.469637],[-123.307064,48.469615],[-123.307112,48.46964],[-123.307086,48.469662],[-123.307038,48.469637]]]}},{"type":"Feature","properties":{"id":"w854812143","name":null,"height":8,"riseDelay":0.415},"geometry":{"type":"Polygon","coordinates":[[[-123.306219,48.468929],[-123.306246,48.468905],[-123.30628,48.468921],[-123.306252,48.468946],[-123.306219,48.468929]]]}},{"type":"Feature","properties":{"id":"w854812146","name":null,"height":8,"riseDelay":0.491},"geometry":{"type":"Polygon","coordinates":[[[-123.306665,48.46979],[-123.306694,48.469764],[-123.30673,48.469783],[-123.306701,48.469808],[-123.306665,48.46979]]]}},{"type":"Feature","properties":{"id":"w854812149","name":null,"height":8,"riseDelay":0.435},"geometry":{"type":"Polygon","coordinates":[[[-123.306044,48.469088],[-123.306075,48.469069],[-123.306108,48.469092],[-123.306077,48.469112],[-123.306044,48.469088]]]}},{"type":"Feature","properties":{"id":"w854812160","name":null,"height":8,"riseDelay":0.466},"geometry":{"type":"Polygon","coordinates":[[[-123.310981,48.469222],[-123.311062,48.469158],[-123.311141,48.469203],[-123.31106,48.469267],[-123.310981,48.469222]]]}},{"type":"Feature","properties":{"id":"w854812175","name":null,"height":8,"riseDelay":0.595},"geometry":{"type":"Polygon","coordinates":[[[-123.314522,48.469141],[-123.314543,48.469122],[-123.31459,48.469147],[-123.314568,48.469165],[-123.314522,48.469141]]]}},{"type":"Feature","properties":{"id":"w854812202","name":null,"height":8,"riseDelay":0.47},"geometry":{"type":"Polygon","coordinates":[[[-123.306635,48.469691],[-123.306579,48.469554],[-123.306547,48.46956],[-123.30652,48.469495],[-123.306635,48.469474],[-123.306659,48.469532],[-123.306775,48.46951],[-123.306803,48.469577],[-123.306728,48.469591],[-123.30676,48.469668],[-123.306635,48.469691]]]}},{"type":"Feature","properties":{"id":"w854812220","name":null,"height":8,"riseDelay":0.437},"geometry":{"type":"Polygon","coordinates":[[[-123.30573,48.469118],[-123.305676,48.469089],[-123.305672,48.469092],[-123.305572,48.469039],[-123.30565,48.468974],[-123.30564,48.468969],[-123.305705,48.468915],[-123.305816,48.468973],[-123.30574,48.469036],[-123.305794,48.469065],[-123.30573,48.469118]]]}},{"type":"Feature","properties":{"id":"w854812225","name":null,"height":8,"riseDelay":0.545},"geometry":{"type":"Polygon","coordinates":[[[-123.304808,48.469953],[-123.304827,48.469933],[-123.304866,48.469949],[-123.304847,48.469969],[-123.304808,48.469953]]]}},{"type":"Feature","properties":{"id":"w854812237","name":null,"height":8,"riseDelay":0.465},"geometry":{"type":"Polygon","coordinates":[[[-123.305946,48.469392],[-123.305976,48.469368],[-123.306007,48.469384],[-123.305978,48.469409],[-123.305946,48.469392]]]}},{"type":"Feature","properties":{"id":"w854812266","name":null,"height":8,"riseDelay":0.458},"geometry":{"type":"Polygon","coordinates":[[[-123.305318,48.469202],[-123.305444,48.469098],[-123.305577,48.469168],[-123.305529,48.469208],[-123.305494,48.46919],[-123.305416,48.469254],[-123.305318,48.469202]]]}},{"type":"Feature","properties":{"id":"w854812281","name":null,"height":8,"riseDelay":0.324},"geometry":{"type":"Polygon","coordinates":[[[-123.30696,48.468248],[-123.307261,48.468006],[-123.307302,48.468029],[-123.307001,48.46827],[-123.30696,48.468248]]]}},{"type":"Feature","properties":{"id":"w854812286","name":null,"height":8,"riseDelay":0.477},"geometry":{"type":"Polygon","coordinates":[[[-123.305775,48.469454],[-123.305865,48.469381],[-123.306075,48.469495],[-123.306043,48.469522],[-123.306071,48.469537],[-123.306005,48.469592],[-123.305886,48.469527],[-123.305891,48.469523],[-123.30581,48.469479],[-123.305815,48.469475],[-123.305775,48.469454]]]}},{"type":"Feature","properties":{"id":"w854812297","name":null,"height":8,"riseDelay":0.388},"geometry":{"type":"Polygon","coordinates":[[[-123.305989,48.468585],[-123.306087,48.468504],[-123.306188,48.468557],[-123.306058,48.468666],[-123.305961,48.468615],[-123.305994,48.468588],[-123.305989,48.468585]]]}},{"type":"Feature","properties":{"id":"w854812301","name":null,"height":8,"riseDelay":0.502},"geometry":{"type":"Polygon","coordinates":[[[-123.306795,48.469971],[-123.306752,48.469947],[-123.306746,48.469954],[-123.306715,48.469956],[-123.306692,48.469943],[-123.306692,48.469926],[-123.30664,48.469897],[-123.306794,48.469775],[-123.30689,48.469828],[-123.306864,48.469848],[-123.306915,48.469876],[-123.306795,48.469971]]]}},{"type":"Feature","properties":{"id":"w854812312","name":null,"height":8,"riseDelay":0.428},"geometry":{"type":"Polygon","coordinates":[[[-123.307033,48.469175],[-123.307064,48.469154],[-123.307122,48.469194],[-123.307092,48.469214],[-123.307033,48.469175]]]}},{"type":"Feature","properties":{"id":"w854812322","name":null,"height":8,"riseDelay":0.496},"geometry":{"type":"Polygon","coordinates":[[[-123.306574,48.469889],[-123.30655,48.469876],[-123.306535,48.469887],[-123.306488,48.469861],[-123.306494,48.469856],[-123.306378,48.469792],[-123.306385,48.469787],[-123.306344,48.469765],[-123.306385,48.469732],[-123.306379,48.469729],[-123.306428,48.46969],[-123.306634,48.469804],[-123.306613,48.46982],[-123.306641,48.469835],[-123.306574,48.469889]]]}},{"type":"Feature","properties":{"id":"w854812329","name":null,"height":8,"riseDelay":0.512},"geometry":{"type":"Polygon","coordinates":[[[-123.309975,48.469901],[-123.310066,48.469827],[-123.310239,48.469922],[-123.310102,48.470033],[-123.309988,48.469972],[-123.310035,48.469934],[-123.309975,48.469901]]]}},{"type":"Feature","properties":{"id":"w854812334","name":null,"height":8,"riseDelay":0.619},"geometry":{"type":"Polygon","coordinates":[[[-123.314875,48.469262],[-123.314906,48.469235],[-123.314948,48.469255],[-123.314917,48.469282],[-123.314875,48.469262]]]}},{"type":"Feature","properties":{"id":"w854812364","name":null,"height":8,"riseDelay":0.485},"geometry":{"type":"Polygon","coordinates":[[[-123.306269,48.469732],[-123.306181,48.469683],[-123.306172,48.469691],[-123.306099,48.46965],[-123.306195,48.469573],[-123.306245,48.469602],[-123.306283,48.469572],[-123.306333,48.4696],[-123.306295,48.46963],[-123.306356,48.469664],[-123.306352,48.469667],[-123.306363,48.469673],[-123.306325,48.469703],[-123.306314,48.469697],[-123.306269,48.469732]]]}},{"type":"Feature","properties":{"id":"w854812382","name":null,"height":8,"riseDelay":0.437},"geometry":{"type":"Polygon","coordinates":[[[-123.306709,48.469318],[-123.306661,48.469291],[-123.306653,48.469298],[-123.306607,48.469272],[-123.306599,48.469278],[-123.306539,48.469245],[-123.306626,48.469174],[-123.306609,48.469165],[-123.30668,48.469107],[-123.306763,48.469153],[-123.306741,48.46917],[-123.306831,48.469219],[-123.306709,48.469318]]]}},{"type":"Feature","properties":{"id":"w854812387","name":null,"height":8,"riseDelay":0.526},"geometry":{"type":"Polygon","coordinates":[[[-123.310148,48.470035],[-123.310228,48.469966],[-123.310394,48.47005],[-123.310314,48.470119],[-123.310148,48.470035]]]}},{"type":"Feature","properties":{"id":"w854812388","name":null,"height":8,"riseDelay":0.465},"geometry":{"type":"Polygon","coordinates":[[[-123.307334,48.469488],[-123.307404,48.46952],[-123.307418,48.469507],[-123.307529,48.469558],[-123.307359,48.469722],[-123.307236,48.469666],[-123.307278,48.469625],[-123.307272,48.469622],[-123.307324,48.469573],[-123.307271,48.469548],[-123.307334,48.469488]]]}},{"type":"Feature","properties":{"id":"w854812391","name":null,"height":8,"riseDelay":0.345},"geometry":{"type":"Polygon","coordinates":[[[-123.307005,48.468382],[-123.306903,48.468326],[-123.306931,48.468304],[-123.306981,48.468332],[-123.307008,48.46831],[-123.30706,48.468338],[-123.307005,48.468382]]]}},{"type":"Feature","properties":{"id":"w854812393","name":null,"height":8,"riseDelay":0.504},"geometry":{"type":"Polygon","coordinates":[[[-123.30726,48.470045],[-123.307236,48.47],[-123.307212,48.470006],[-123.307193,48.469969],[-123.307213,48.469965],[-123.3072,48.469939],[-123.307397,48.469893],[-123.307432,48.46996],[-123.30735,48.470024],[-123.30726,48.470045]]]}},{"type":"Feature","properties":{"id":"w854812399","name":null,"height":8,"riseDelay":0.521},"geometry":{"type":"Polygon","coordinates":[[[-123.304993,48.469744],[-123.305019,48.469723],[-123.305056,48.469743],[-123.30503,48.469764],[-123.304993,48.469744]]]}},{"type":"Feature","properties":{"id":"w875628813","name":null,"height":8,"riseDelay":0.723},"geometry":{"type":"Polygon","coordinates":[[[-123.303153,48.458423],[-123.303052,48.458507],[-123.303258,48.458615],[-123.303359,48.458531],[-123.303153,48.458423]]]}},{"type":"Feature","properties":{"id":"w875628814","name":null,"height":8,"riseDelay":0.703},"geometry":{"type":"Polygon","coordinates":[[[-123.303311,48.458617],[-123.30341,48.458707],[-123.303456,48.458685],[-123.303507,48.458731],[-123.303578,48.458696],[-123.303427,48.45856],[-123.303311,48.458617]]]}},{"type":"Feature","properties":{"id":"w875628815","name":null,"height":8,"riseDelay":0.686},"geometry":{"type":"Polygon","coordinates":[[[-123.30385,48.45878],[-123.303644,48.458672],[-123.303536,48.458763],[-123.303741,48.458871],[-123.30385,48.45878]]]}},{"type":"Feature","properties":{"id":"w875628816","name":null,"height":8,"riseDelay":0.669},"geometry":{"type":"Polygon","coordinates":[[[-123.304074,48.458907],[-123.303961,48.458842],[-123.303951,48.458849],[-123.303893,48.458816],[-123.303788,48.458896],[-123.303959,48.458994],[-123.304074,48.458907]]]}},{"type":"Feature","properties":{"id":"w875628817","name":null,"height":8,"riseDelay":0.649},"geometry":{"type":"Polygon","coordinates":[[[-123.304271,48.459054],[-123.3041,48.458961],[-123.304015,48.45903],[-123.304186,48.459123],[-123.304271,48.459054]]]}},{"type":"Feature","properties":{"id":"w875628818","name":null,"height":8,"riseDelay":0.631},"geometry":{"type":"Polygon","coordinates":[[[-123.304302,48.4591],[-123.304224,48.459168],[-123.304404,48.45926],[-123.304482,48.459192],[-123.304302,48.4591]]]}},{"type":"Feature","properties":{"id":"w875628819","name":null,"height":8,"riseDelay":0.615},"geometry":{"type":"Polygon","coordinates":[[[-123.304768,48.459291],[-123.30458,48.459182],[-123.304496,48.459247],[-123.304683,48.459355],[-123.304768,48.459291]]]}},{"type":"Feature","properties":{"id":"w875628820","name":null,"height":8,"riseDelay":0.6},"geometry":{"type":"Polygon","coordinates":[[[-123.304877,48.459472],[-123.304968,48.459413],[-123.304865,48.459344],[-123.304912,48.459314],[-123.304867,48.459284],[-123.30473,48.459374],[-123.304877,48.459472]]]}},{"type":"Feature","properties":{"id":"w875628821","name":null,"height":8,"riseDelay":0.581},"geometry":{"type":"Polygon","coordinates":[[[-123.305199,48.45956],[-123.305121,48.459439],[-123.304989,48.459477],[-123.305067,48.459598],[-123.305199,48.45956]]]}},{"type":"Feature","properties":{"id":"w875628822","name":null,"height":8,"riseDelay":0.562},"geometry":{"type":"Polygon","coordinates":[[[-123.305349,48.459594],[-123.305206,48.459605],[-123.30523,48.459746],[-123.305373,48.459736],[-123.305349,48.459594]]]}},{"type":"Feature","properties":{"id":"w875628823","name":null,"height":8,"riseDelay":0.566},"geometry":{"type":"Polygon","coordinates":[[[-123.304816,48.459748],[-123.304882,48.459822],[-123.305033,48.459763],[-123.304969,48.459691],[-123.30485,48.459737],[-123.304794,48.459673],[-123.304708,48.459707],[-123.304763,48.459769],[-123.304816,48.459748]]]}},{"type":"Feature","properties":{"id":"w875628824","name":null,"height":8,"riseDelay":0.572},"geometry":{"type":"Polygon","coordinates":[[[-123.304627,48.459797],[-123.304601,48.459715],[-123.304418,48.459741],[-123.304445,48.459822],[-123.304627,48.459797]]]}},{"type":"Feature","properties":{"id":"w875628882","name":null,"height":8,"riseDelay":0.573},"geometry":{"type":"Polygon","coordinates":[[[-123.304387,48.459847],[-123.304327,48.459771],[-123.304127,48.45984],[-123.304187,48.459916],[-123.304387,48.459847]]]}},{"type":"Feature","properties":{"id":"w875628883","name":null,"height":8,"riseDelay":0.577},"geometry":{"type":"Polygon","coordinates":[[[-123.304023,48.459896],[-123.303917,48.459894],[-123.303919,48.45986],[-123.303817,48.459858],[-123.303812,48.45997],[-123.304064,48.459975],[-123.304067,48.459916],[-123.304022,48.459915],[-123.304023,48.459896]]]}},{"type":"Feature","properties":{"id":"w875628884","name":null,"height":8,"riseDelay":0.587},"geometry":{"type":"Polygon","coordinates":[[[-123.30357,48.459837],[-123.30357,48.459955],[-123.303766,48.459955],[-123.303766,48.459837],[-123.30357,48.459837]]]}},{"type":"Feature","properties":{"id":"w875628885","name":null,"height":8,"riseDelay":0.598},"geometry":{"type":"Polygon","coordinates":[[[-123.303448,48.459956],[-123.303477,48.459846],[-123.303397,48.459836],[-123.303388,48.459873],[-123.303304,48.459863],[-123.303284,48.459937],[-123.303448,48.459956]]]}},{"type":"Feature","properties":{"id":"w875628886","name":null,"height":8,"riseDelay":0.618},"geometry":{"type":"Polygon","coordinates":[[[-123.303682,48.459522],[-123.303848,48.459543],[-123.303855,48.459517],[-123.303911,48.459524],[-123.303921,48.459489],[-123.303979,48.459496],[-123.304003,48.459413],[-123.303802,48.459388],[-123.30378,48.459469],[-123.3037,48.459459],[-123.303682,48.459522]]]}},{"type":"Feature","properties":{"id":"w875628887","name":null,"height":8,"riseDelay":0.646},"geometry":{"type":"Polygon","coordinates":[[[-123.303454,48.459312],[-123.303667,48.459312],[-123.303667,48.45922],[-123.303454,48.45922],[-123.303454,48.459312]]]}},{"type":"Feature","properties":{"id":"w875628888","name":null,"height":8,"riseDelay":0.645},"geometry":{"type":"Polygon","coordinates":[[[-123.303091,48.459433],[-123.30337,48.459454],[-123.303385,48.459366],[-123.303106,48.459346],[-123.303091,48.459433]]]}},{"type":"Feature","properties":{"id":"w875628889","name":null,"height":8,"riseDelay":0.669},"geometry":{"type":"Polygon","coordinates":[[[-123.302666,48.459247],[-123.302628,48.459391],[-123.302771,48.459407],[-123.302809,48.459263],[-123.302666,48.459247]]]}},{"type":"Feature","properties":{"id":"w875628890","name":null,"height":8,"riseDelay":0.681},"geometry":{"type":"Polygon","coordinates":[[[-123.302635,48.459209],[-123.302829,48.459238],[-123.302868,48.459122],[-123.302673,48.459094],[-123.302635,48.459209]]]}},{"type":"Feature","properties":{"id":"w875628891","name":null,"height":8,"riseDelay":0.699},"geometry":{"type":"Polygon","coordinates":[[[-123.302661,48.458962],[-123.302755,48.458978],[-123.302741,48.459014],[-123.302874,48.459037],[-123.302911,48.458941],[-123.30277,48.458917],[-123.30278,48.458891],[-123.302695,48.458876],[-123.302661,48.458962]]]}},{"type":"Feature","properties":{"id":"w875628892","name":null,"height":8,"riseDelay":0.707},"geometry":{"type":"Polygon","coordinates":[[[-123.302942,48.458791],[-123.302798,48.45872],[-123.302708,48.458801],[-123.302917,48.458903],[-123.302985,48.458842],[-123.302921,48.45881],[-123.302942,48.458791]]]}},{"type":"Feature","properties":{"id":"w875628893","name":null,"height":8,"riseDelay":0.675},"geometry":{"type":"Polygon","coordinates":[[[-123.303279,48.459039],[-123.303153,48.458964],[-123.30305,48.459039],[-123.303255,48.459162],[-123.30334,48.459099],[-123.303261,48.459052],[-123.303279,48.459039]]]}},{"type":"Feature","properties":{"id":"w875628894","name":null,"height":8,"riseDelay":0.706},"geometry":{"type":"Polygon","coordinates":[[[-123.302054,48.459048],[-123.302051,48.459251],[-123.302183,48.459252],[-123.302186,48.459049],[-123.302054,48.459048]]]}},{"type":"Feature","properties":{"id":"w875628896","name":null,"height":8,"riseDelay":0.728},"geometry":{"type":"Polygon","coordinates":[[[-123.302201,48.458966],[-123.302202,48.458783],[-123.302073,48.458783],[-123.302073,48.458966],[-123.302201,48.458966]]]}},{"type":"Feature","properties":{"id":"w875628897","name":null,"height":8,"riseDelay":0.752},"geometry":{"type":"Polygon","coordinates":[[[-123.302069,48.458499],[-123.302056,48.458679],[-123.302186,48.458683],[-123.302199,48.458504],[-123.302069,48.458499]]]}},{"type":"Feature","properties":{"id":"w875628917","name":null,"height":8,"riseDelay":0.676},"geometry":{"type":"Polygon","coordinates":[[[-123.302133,48.45957],[-123.301805,48.459527],[-123.30178,48.459613],[-123.302108,48.459655],[-123.302133,48.45957]]]}},{"type":"Feature","properties":{"id":"w875628918","name":null,"height":8,"riseDelay":0.656},"geometry":{"type":"Polygon","coordinates":[[[-123.302166,48.45958],[-123.302131,48.459678],[-123.302516,48.459738],[-123.302551,48.459641],[-123.302166,48.45958]]]}},{"type":"Feature","properties":{"id":"w908490461","name":null,"height":8,"riseDelay":0.982},"geometry":{"type":"Polygon","coordinates":[[[-123.320128,48.459015],[-123.319919,48.458925],[-123.319824,48.459021],[-123.320034,48.459111],[-123.320128,48.459015]]]}},{"type":"Feature","properties":{"id":"w908490462","name":null,"height":8,"riseDelay":0.98},"geometry":{"type":"Polygon","coordinates":[[[-123.319781,48.458841],[-123.319784,48.458839],[-123.319672,48.458769],[-123.319577,48.458837],[-123.319806,48.458978],[-123.319897,48.458913],[-123.319781,48.458841]]]}},{"type":"Feature","properties":{"id":"w908490463","name":null,"height":8,"riseDelay":1},"geometry":{"type":"Polygon","coordinates":[[[-123.320033,48.458628],[-123.319946,48.458568],[-123.319749,48.458691],[-123.319835,48.458752],[-123.320033,48.458628]]]}},{"type":"Feature","properties":{"id":"w908490464","name":null,"height":8,"riseDelay":0.937},"geometry":{"type":"Polygon","coordinates":[[[-123.319949,48.4597],[-123.320114,48.459751],[-123.320044,48.459851],[-123.320003,48.459839],[-123.319983,48.459867],[-123.319888,48.459839],[-123.319908,48.45981],[-123.319879,48.459801],[-123.319949,48.4597]]]}},{"type":"Feature","properties":{"id":"w908490465","name":null,"height":8,"riseDelay":0.92},"geometry":{"type":"Polygon","coordinates":[[[-123.319614,48.459758],[-123.319564,48.459835],[-123.319775,48.459896],[-123.319826,48.459819],[-123.319614,48.459758]]]}},{"type":"Feature","properties":{"id":"w908490466","name":null,"height":8,"riseDelay":0.908},"geometry":{"type":"Polygon","coordinates":[[[-123.319259,48.459738],[-123.319449,48.459801],[-123.319506,48.459726],[-123.319316,48.459663],[-123.319259,48.459738]]]}},{"type":"Feature","properties":{"id":"w908490467","name":null,"height":8,"riseDelay":0.899},"geometry":{"type":"Polygon","coordinates":[[[-123.319058,48.45956],[-123.319009,48.459642],[-123.319125,48.459672],[-123.319096,48.459722],[-123.319196,48.459748],[-123.319226,48.459697],[-123.319194,48.459689],[-123.319242,48.459608],[-123.319058,48.45956]]]}},{"type":"Feature","properties":{"id":"w908490468","name":null,"height":8,"riseDelay":0.89},"geometry":{"type":"Polygon","coordinates":[[[-123.31878,48.459499],[-123.318726,48.459593],[-123.318936,48.459647],[-123.31899,48.459553],[-123.31878,48.459499]]]}},{"type":"Feature","properties":{"id":"w908490469","name":null,"height":8,"riseDelay":0.881},"geometry":{"type":"Polygon","coordinates":[[[-123.318458,48.459481],[-123.318598,48.459518],[-123.318565,48.459574],[-123.318642,48.459594],[-123.31873,48.459448],[-123.318613,48.459417],[-123.318597,48.459444],[-123.318496,48.459417],[-123.318458,48.459481]]]}},{"type":"Feature","properties":{"id":"w908490470","name":null,"height":8,"riseDelay":0.872},"geometry":{"type":"Polygon","coordinates":[[[-123.318263,48.4593],[-123.318181,48.459441],[-123.31827,48.459463],[-123.3183,48.459412],[-123.318428,48.459445],[-123.31848,48.459355],[-123.318263,48.4593]]]}},{"type":"Feature","properties":{"id":"w908490471","name":null,"height":8,"riseDelay":0.868},"geometry":{"type":"Polygon","coordinates":[[[-123.318038,48.459231],[-123.317985,48.459309],[-123.318178,48.459366],[-123.31823,48.459288],[-123.318038,48.459231]]]}},{"type":"Feature","properties":{"id":"w908490472","name":null,"height":8,"riseDelay":0.862},"geometry":{"type":"Polygon","coordinates":[[[-123.317977,48.459192],[-123.317783,48.459123],[-123.317713,48.459208],[-123.317908,48.459278],[-123.317977,48.459192]]]}},{"type":"Feature","properties":{"id":"w908490473","name":null,"height":8,"riseDelay":0.854},"geometry":{"type":"Polygon","coordinates":[[[-123.317728,48.459109],[-123.317496,48.459032],[-123.317427,48.459122],[-123.317659,48.4592],[-123.317728,48.459109]]]}},{"type":"Feature","properties":{"id":"w908490474","name":null,"height":8,"riseDelay":0.846},"geometry":{"type":"Polygon","coordinates":[[[-123.317177,48.459053],[-123.31738,48.459111],[-123.31743,48.459035],[-123.317227,48.458977],[-123.317177,48.459053]]]}},{"type":"Feature","properties":{"id":"w908490475","name":null,"height":8,"riseDelay":0.835},"geometry":{"type":"Polygon","coordinates":[[[-123.316916,48.458886],[-123.316861,48.459011],[-123.31691,48.45902],[-123.316932,48.45897],[-123.317012,48.458986],[-123.316992,48.459029],[-123.317058,48.459042],[-123.317111,48.458923],[-123.316916,48.458886]]]}},{"type":"Feature","properties":{"id":"w908490476","name":null,"height":8,"riseDelay":0.832},"geometry":{"type":"Polygon","coordinates":[[[-123.316815,48.458896],[-123.316854,48.458818],[-123.316644,48.458771],[-123.316588,48.458883],[-123.316681,48.458903],[-123.316697,48.45887],[-123.316815,48.458896]]]}},{"type":"Feature","properties":{"id":"w908490477","name":null,"height":8,"riseDelay":0.827},"geometry":{"type":"Polygon","coordinates":[[[-123.316563,48.45886],[-123.316604,48.458771],[-123.316426,48.458734],[-123.316384,48.458823],[-123.316563,48.45886]]]}},{"type":"Feature","properties":{"id":"w908490478","name":null,"height":8,"riseDelay":0.82},"geometry":{"type":"Polygon","coordinates":[[[-123.316027,48.458707],[-123.316194,48.458744],[-123.316235,48.458663],[-123.316068,48.458626],[-123.316027,48.458707]]]}},{"type":"Feature","properties":{"id":"w908490479","name":null,"height":8,"riseDelay":0.839},"geometry":{"type":"Polygon","coordinates":[[[-123.316104,48.458356],[-123.316089,48.45853],[-123.316219,48.458535],[-123.316234,48.458361],[-123.316104,48.458356]]]}},{"type":"Feature","properties":{"id":"w908490482","name":null,"height":8,"riseDelay":0.874},"geometry":{"type":"Polygon","coordinates":[[[-123.316797,48.458483],[-123.317043,48.458509],[-123.317066,48.458412],[-123.316894,48.458393],[-123.316899,48.458369],[-123.316826,48.458361],[-123.316797,48.458483]]]}},{"type":"Feature","properties":{"id":"w908490483","name":null,"height":8,"riseDelay":0.86},"geometry":{"type":"Polygon","coordinates":[[[-123.316879,48.458646],[-123.316985,48.458653],[-123.316994,48.458589],[-123.316888,48.458583],[-123.316879,48.458646]]]}},{"type":"Feature","properties":{"id":"w908490484","name":null,"height":8,"riseDelay":0.877},"geometry":{"type":"Polygon","coordinates":[[[-123.317209,48.45855],[-123.3172,48.458616],[-123.317301,48.458622],[-123.31731,48.458557],[-123.317209,48.45855]]]}},{"type":"Feature","properties":{"id":"w908490486","name":null,"height":8,"riseDelay":0.887},"geometry":{"type":"Polygon","coordinates":[[[-123.317386,48.458616],[-123.317557,48.458641],[-123.317587,48.458554],[-123.317416,48.458529],[-123.317386,48.458616]]]}},{"type":"Feature","properties":{"id":"w908490487","name":null,"height":8,"riseDelay":0.896},"geometry":{"type":"Polygon","coordinates":[[[-123.317881,48.458678],[-123.317896,48.458588],[-123.317647,48.45857],[-123.317633,48.458651],[-123.317736,48.458658],[-123.317727,48.458714],[-123.317828,48.458721],[-123.317835,48.458675],[-123.317881,48.458678]]]}},{"type":"Feature","properties":{"id":"w908490488","name":null,"height":8,"riseDelay":0.911},"geometry":{"type":"Polygon","coordinates":[[[-123.318206,48.458669],[-123.318173,48.458665],[-123.318182,48.458634],[-123.317959,48.458605],[-123.317931,48.458701],[-123.318187,48.458734],[-123.318206,48.458669]]]}},{"type":"Feature","properties":{"id":"w908490489","name":null,"height":8,"riseDelay":0.916},"geometry":{"type":"Polygon","coordinates":[[[-123.318254,48.458707],[-123.31823,48.458801],[-123.318385,48.458818],[-123.318391,48.458794],[-123.318487,48.458804],[-123.318504,48.458734],[-123.318254,48.458707]]]}},{"type":"Feature","properties":{"id":"w908490490","name":null,"height":8,"riseDelay":0.92},"geometry":{"type":"Polygon","coordinates":[[[-123.318646,48.458802],[-123.318614,48.458868],[-123.318511,48.458846],[-123.318485,48.458901],[-123.318568,48.458919],[-123.318552,48.458951],[-123.318688,48.45898],[-123.318762,48.458827],[-123.318646,48.458802]]]}},{"type":"Feature","properties":{"id":"w908490491","name":null,"height":8,"riseDelay":0.93},"geometry":{"type":"Polygon","coordinates":[[[-123.318762,48.458988],[-123.319001,48.459042],[-123.319049,48.458948],[-123.31881,48.458894],[-123.318762,48.458988]]]}},{"type":"Feature","properties":{"id":"w908490492","name":null,"height":8,"riseDelay":0.931},"geometry":{"type":"Polygon","coordinates":[[[-123.318981,48.459144],[-123.319193,48.459199],[-123.319247,48.459108],[-123.319035,48.459053],[-123.318981,48.459144]]]}},{"type":"Feature","properties":{"id":"w908490493","name":null,"height":8,"riseDelay":0.932},"geometry":{"type":"Polygon","coordinates":[[[-123.31942,48.459391],[-123.319503,48.459261],[-123.319281,48.4592],[-123.319231,48.459279],[-123.319323,48.459304],[-123.31929,48.459355],[-123.31942,48.459391]]]}},{"type":"Feature","properties":{"id":"w908490494","name":null,"height":8,"riseDelay":0.941},"geometry":{"type":"Polygon","coordinates":[[[-123.319754,48.459378],[-123.319519,48.459322],[-123.319471,48.459411],[-123.319706,48.459467],[-123.319754,48.459378]]]}},{"type":"Feature","properties":{"id":"w908490495","name":null,"height":8,"riseDelay":0.947},"geometry":{"type":"Polygon","coordinates":[[[-123.319803,48.459444],[-123.319721,48.459587],[-123.319964,48.459649],[-123.320018,48.459556],[-123.319875,48.459519],[-123.319904,48.45947],[-123.319803,48.459444]]]}},{"type":"Feature","properties":{"id":"w908490661","name":null,"height":8,"riseDelay":0.969},"geometry":{"type":"Polygon","coordinates":[[[-123.319269,48.458514],[-123.319146,48.458476],[-123.319048,48.458617],[-123.319171,48.458654],[-123.319269,48.458514]]]}},{"type":"Feature","properties":{"id":"w908490689","name":null,"height":8,"riseDelay":0.961},"geometry":{"type":"Polygon","coordinates":[[[-123.318786,48.458398],[-123.318738,48.458484],[-123.318939,48.458533],[-123.318986,48.458446],[-123.318786,48.458398]]]}},{"type":"Feature","properties":{"id":"w914274247","name":"District Energy Plant","height":8,"riseDelay":0.75},"geometry":{"type":"Polygon","coordinates":[[[-123.317966,48.461018],[-123.317518,48.461052],[-123.31748,48.460845],[-123.3179,48.460809],[-123.317966,48.461018]]]}},{"type":"Feature","properties":{"id":"w1043583150","name":null,"height":8,"riseDelay":0.101},"geometry":{"type":"Polygon","coordinates":[[[-123.308533,48.465919],[-123.308571,48.465939],[-123.30852,48.465982],[-123.308482,48.465962],[-123.308533,48.465919]]]}},{"type":"Feature","properties":{"id":"w1043583151","name":null,"height":8,"riseDelay":0.122},"geometry":{"type":"Polygon","coordinates":[[[-123.308246,48.46615],[-123.308285,48.46617],[-123.308234,48.466214],[-123.308195,48.466194],[-123.308246,48.46615]]]}},{"type":"Feature","properties":{"id":"w1043583152","name":null,"height":8,"riseDelay":0.118},"geometry":{"type":"Polygon","coordinates":[[[-123.309091,48.465955],[-123.309116,48.465969],[-123.309076,48.466001],[-123.309052,48.465987],[-123.309091,48.465955]]]}},{"type":"Feature","properties":{"id":"w1043583153","name":null,"height":8,"riseDelay":0.134},"geometry":{"type":"Polygon","coordinates":[[[-123.308774,48.466222],[-123.308799,48.466236],[-123.308759,48.466268],[-123.308735,48.466254],[-123.308774,48.466222]]]}},{"type":"Feature","properties":{"id":"w1043583154","name":null,"height":8,"riseDelay":0.117},"geometry":{"type":"Polygon","coordinates":[[[-123.307886,48.466093],[-123.307917,48.466109],[-123.307867,48.466151],[-123.307836,48.466135],[-123.307886,48.466093]]]}},{"type":"Feature","properties":{"id":"w1043583155","name":null,"height":8,"riseDelay":0.165},"geometry":{"type":"Polygon","coordinates":[[[-123.308979,48.466505],[-123.309003,48.466517],[-123.308948,48.466563],[-123.308926,48.466551],[-123.308979,48.466505]]]}},{"type":"Feature","properties":{"id":"w1043583156","name":null,"height":8,"riseDelay":0.157},"geometry":{"type":"Polygon","coordinates":[[[-123.309133,48.466383],[-123.309158,48.466396],[-123.309118,48.466428],[-123.309093,48.466415],[-123.309133,48.466383]]]}},{"type":"Feature","properties":{"id":"w1043583157","name":null,"height":8,"riseDelay":0.16},"geometry":{"type":"Polygon","coordinates":[[[-123.309078,48.466428],[-123.309103,48.466441],[-123.309063,48.466473],[-123.309038,48.46646],[-123.309078,48.466428]]]}},{"type":"Feature","properties":{"id":"w1043584010","name":null,"height":8,"riseDelay":0.083},"geometry":{"type":"Polygon","coordinates":[[[-123.308065,48.465853],[-123.30803,48.465834],[-123.30814,48.465745],[-123.308175,48.465764],[-123.308065,48.465853]]]}},{"type":"Feature","properties":{"id":"w1043587130","name":null,"height":8,"riseDelay":0.103},"geometry":{"type":"Polygon","coordinates":[[[-123.308039,48.465964],[-123.308071,48.465981],[-123.30802,48.466023],[-123.307989,48.466007],[-123.308039,48.465964]]]}},{"type":"Feature","properties":{"id":"w1043587653","name":null,"height":8,"riseDelay":0.125},"geometry":{"type":"Polygon","coordinates":[[[-123.308932,48.466088],[-123.308957,48.466101],[-123.308917,48.466133],[-123.308893,48.46612],[-123.308932,48.466088]]]}},{"type":"Feature","properties":{"id":"w1070777518","name":null,"height":8,"riseDelay":0.307},"geometry":{"type":"Polygon","coordinates":[[[-123.309429,48.462066],[-123.30952,48.462059],[-123.309694,48.462046],[-123.309701,48.462092],[-123.309741,48.462089],[-123.30973,48.462021],[-123.309611,48.46203],[-123.309458,48.462041],[-123.309444,48.461953],[-123.309411,48.461955],[-123.309429,48.462066]]]}},{"type":"Feature","properties":{"id":"w1070777521","name":null,"height":8,"riseDelay":0.263},"geometry":{"type":"Polygon","coordinates":[[[-123.310025,48.462631],[-123.310244,48.462615],[-123.310253,48.462668],[-123.310034,48.462684],[-123.310038,48.462706],[-123.309974,48.462711],[-123.309957,48.462617],[-123.310022,48.462612],[-123.310025,48.462631]]]}},{"type":"Feature","properties":{"id":"w1070809096","name":null,"height":8,"riseDelay":0.491},"geometry":{"type":"Polygon","coordinates":[[[-123.31447,48.462543],[-123.314463,48.462505],[-123.314514,48.462502],[-123.314512,48.46249],[-123.314607,48.462483],[-123.314608,48.462494],[-123.314654,48.462491],[-123.314655,48.462493],[-123.31467,48.462492],[-123.314675,48.462528],[-123.31447,48.462543]]]}},{"type":"Feature","properties":{"id":"w1070836440","name":null,"height":8,"riseDelay":0.274},"geometry":{"type":"Polygon","coordinates":[[[-123.312238,48.464986],[-123.31229,48.464983],[-123.312344,48.464979],[-123.312342,48.464968],[-123.312338,48.464944],[-123.312334,48.464914],[-123.312227,48.464922],[-123.312238,48.464986]]]}},{"type":"Feature","properties":{"id":"w1072212506","name":null,"height":8,"riseDelay":0.378},"geometry":{"type":"Polygon","coordinates":[[[-123.308024,48.468905],[-123.30771,48.468735],[-123.307896,48.468584],[-123.30821,48.468754],[-123.308024,48.468905]]]}},{"type":"Feature","properties":{"id":"w1077863264","name":null,"height":8,"riseDelay":0.028},"geometry":{"type":"Polygon","coordinates":[[[-123.308187,48.464711],[-123.308118,48.464715],[-123.308112,48.464667],[-123.30818,48.464663],[-123.308187,48.464711]]]}},{"type":"Feature","properties":{"id":"w1077863265","name":null,"height":8,"riseDelay":0.051},"geometry":{"type":"Polygon","coordinates":[[[-123.308388,48.465502],[-123.308342,48.465478],[-123.308347,48.465475],[-123.308327,48.465464],[-123.308371,48.465427],[-123.308391,48.465437],[-123.308396,48.465433],[-123.308442,48.465457],[-123.308388,48.465502]]]}},{"type":"Feature","properties":{"id":"w1094595595","name":null,"height":8,"riseDelay":0.413},"geometry":{"type":"Polygon","coordinates":[[[-123.307077,48.469079],[-123.307002,48.469038],[-123.307058,48.468993],[-123.307133,48.469034],[-123.307077,48.469079]]]}},{"type":"Feature","properties":{"id":"w1105144397","name":null,"height":8,"riseDelay":0.802},"geometry":{"type":"Polygon","coordinates":[[[-123.318688,48.468951],[-123.318661,48.468937],[-123.318687,48.468915],[-123.318714,48.468929],[-123.318688,48.468951]]]}},{"type":"Feature","properties":{"id":"w1117494387","name":null,"height":8,"riseDelay":0.59},"geometry":{"type":"Polygon","coordinates":[[[-123.313971,48.469527],[-123.313832,48.469458],[-123.313864,48.46943],[-123.314003,48.469499],[-123.313971,48.469527]]]}},{"type":"Feature","properties":{"id":"w1117494388","name":null,"height":8,"riseDelay":0.562},"geometry":{"type":"Polygon","coordinates":[[[-123.31362,48.469354],[-123.313482,48.469285],[-123.313514,48.469257],[-123.313651,48.469326],[-123.31362,48.469354]]]}},{"type":"Feature","properties":{"id":"w1117494389","name":null,"height":8,"riseDelay":0.583},"geometry":{"type":"Polygon","coordinates":[[[-123.312851,48.469953],[-123.31276,48.469911],[-123.312806,48.469868],[-123.312897,48.469911],[-123.312851,48.469953]]]}},{"type":"Feature","properties":{"id":"w1117751046","name":null,"height":8,"riseDelay":0.199},"geometry":{"type":"Polygon","coordinates":[[[-123.309968,48.463427],[-123.310018,48.463423],[-123.310005,48.463342],[-123.309954,48.463345],[-123.309968,48.463427]]]}},{"type":"Feature","properties":{"id":"w1121080631","name":null,"height":8,"riseDelay":0.103},"geometry":{"type":"Polygon","coordinates":[[[-123.309231,48.464209],[-123.309209,48.464211],[-123.309207,48.464199],[-123.309229,48.464197],[-123.309231,48.464209]]]}},{"type":"Feature","properties":{"id":"w1123230809","name":null,"height":8,"riseDelay":0.203},"geometry":{"type":"Polygon","coordinates":[[[-123.30942,48.463115],[-123.309416,48.463089],[-123.309376,48.463092],[-123.309336,48.463095],[-123.30934,48.463121],[-123.30942,48.463115]]]}},{"type":"Feature","properties":{"id":"w1123769441","name":null,"height":8,"riseDelay":0.437},"geometry":{"type":"Polygon","coordinates":[[[-123.313445,48.462299],[-123.313453,48.462358],[-123.313418,48.46236],[-123.313411,48.462301],[-123.313445,48.462299]]]}},{"type":"Feature","properties":{"id":"w1123769442","name":null,"height":8,"riseDelay":0.216},"geometry":{"type":"Polygon","coordinates":[[[-123.309847,48.463081],[-123.309644,48.463096],[-123.30964,48.463072],[-123.309842,48.463057],[-123.309847,48.463081]]]}},{"type":"Feature","properties":{"id":"w1123769443","name":null,"height":8,"riseDelay":0.417},"geometry":{"type":"Polygon","coordinates":[[[-123.311518,48.461421],[-123.311449,48.461426],[-123.311447,48.461415],[-123.311516,48.46141],[-123.311518,48.461421]]]}},{"type":"Feature","properties":{"id":"w1123788801","name":"Sngequ House","height":12,"riseDelay":0.178},"geometry":{"type":"Polygon","coordinates":[[[-123.306419,48.463537],[-123.306522,48.46411],[-123.306169,48.464138],[-123.306154,48.464053],[-123.306034,48.464063],[-123.305999,48.463869],[-123.306119,48.463859],[-123.306066,48.463565],[-123.305877,48.46358],[-123.305855,48.463453],[-123.306396,48.46341],[-123.306419,48.463537]]]}},{"type":"Feature","properties":{"id":"w1123788803","name":"Cheko’nien House","height":12,"riseDelay":0.075},"geometry":{"type":"Polygon","coordinates":[[[-123.307956,48.464124],[-123.307994,48.464341],[-123.307723,48.464362],[-123.307736,48.464437],[-123.307391,48.464464],[-123.307406,48.46455],[-123.307238,48.464563],[-123.307246,48.46461],[-123.307069,48.464624],[-123.307106,48.464836],[-123.307048,48.46484],[-123.307047,48.464833],[-123.306996,48.464837],[-123.306998,48.464852],[-123.306907,48.464859],[-123.306788,48.464185],[-123.306835,48.464181],[-123.30684,48.46421],[-123.307956,48.464124]]]}},{"type":"Feature","properties":{"id":"w1123791339","name":"South Tower","height":8,"riseDelay":0.23},"geometry":{"type":"Polygon","coordinates":[[[-123.305416,48.463829],[-123.305407,48.463778],[-123.30539,48.463779],[-123.305387,48.463758],[-123.305421,48.463756],[-123.305395,48.46361],[-123.305351,48.463613],[-123.305352,48.463622],[-123.30533,48.463623],[-123.305335,48.463648],[-123.305118,48.463664],[-123.305114,48.463639],[-123.305096,48.463641],[-123.305095,48.463632],[-123.30505,48.463635],[-123.305071,48.463755],[-123.305033,48.463758],[-123.305035,48.463769],[-123.305019,48.46377],[-123.305024,48.463801],[-123.305308,48.463779],[-123.305309,48.463784],[-123.305314,48.463783],[-123.305323,48.463836],[-123.305416,48.463829]]]}}]}