{"type":"FeatureCollection","features":[{"type":"Feature","properties":{},"geometry":{"type":"LineString","coordinates":[[-123.309909,48.46542],[-123.310163,48.465517],[-123.31034,48.465577],[-123.310558,48.465643],[-123.31077,48.465696],[-123.310962,48.465739],[-123.311051,48.465755],[-123.311252,48.465791],[-123.31142,48.465812],[-123.311627,48.465832],[-123.311811,48.465844],[-123.311948,48.46585],[-123.312021,48.465852],[-123.312231,48.465856],[-123.312529,48.465843],[-123.312722,48.465829],[-123.312898,48.465811],[-123.313155,48.465771],[-123.313446,48.465716],[-123.313709,48.465653],[-123.313933,48.465599],[-123.314139,48.465528],[-123.314367,48.465442],[-123.314574,48.465334],[-123.314723,48.46526],[-123.314883,48.46517],[-123.31505,48.465071],[-123.315148,48.465008]]}},{"type":"Feature","properties":{},"geometry":{"type":"LineString","coordinates":[[-123.309418,48.465177],[-123.309431,48.465291],[-123.309429,48.46532],[-123.309425,48.465352],[-123.309412,48.465392],[-123.309387,48.465431],[-123.309369,48.465453],[-123.309347,48.465476],[-123.309191,48.465597]]}},{"type":"Feature","properties":{},"geometry":{"type":"LineString","coordinates":[[-123.314463,48.460781],[-123.314417,48.460703],[-123.314391,48.460657],[-123.314376,48.460609],[-123.314371,48.46056],[-123.314377,48.460512],[-123.314378,48.460509],[-123.314394,48.460464],[-123.314421,48.460419],[-123.314938,48.459664],[-123.314977,48.459607],[-123.315183,48.459306]]}},{"type":"Feature","properties":{},"geometry":{"type":"LineString","coordinates":[[-123.318536,48.45855],[-123.318688,48.457858]]}},{"type":"Feature","properties":{},"geometry":{"type":"LineString","coordinates":[[-123.319263,48.458822],[-123.319398,48.458693],[-123.319711,48.458295],[-123.319795,48.458192],[-123.319831,48.458096],[-123.319842,48.457995],[-123.319833,48.457861],[-123.319792,48.457722],[-123.319712,48.457576],[-123.319586,48.457386],[-123.318992,48.456668],[-123.318848,48.456557],[-123.318357,48.456278],[-123.318253,48.456223],[-123.318123,48.456201],[-123.317972,48.456186],[-123.316976,48.456189],[-123.316656,48.456198],[-123.3165,48.456222]]}},{"type":"Feature","properties":{},"geometry":{"type":"LineString","coordinates":[[-123.318291,48.463176],[-123.318247,48.463219],[-123.318215,48.463258],[-123.318194,48.463299],[-123.318177,48.46334],[-123.318165,48.463383],[-123.318157,48.463436],[-123.318161,48.463478],[-123.318167,48.463517],[-123.318252,48.463727],[-123.318323,48.463889],[-123.318339,48.463944],[-123.318341,48.463984],[-123.31833,48.464026],[-123.318308,48.464069],[-123.318276,48.464114],[-123.318198,48.464183],[-123.317863,48.464438]]}},{"type":"Feature","properties":{},"geometry":{"type":"LineString","coordinates":[[-123.320833,48.462133],[-123.320738,48.462134],[-123.320688,48.462135],[-123.320407,48.462134],[-123.319739,48.462129],[-123.319563,48.462127],[-123.319469,48.462124],[-123.319376,48.462111],[-123.319287,48.462095],[-123.319193,48.462066],[-123.319106,48.462032]]}},{"type":"Feature","properties":{},"geometry":{"type":"LineString","coordinates":[[-123.317375,48.470735],[-123.316364,48.470232],[-123.315172,48.469641]]}},{"type":"Feature","properties":{},"geometry":{"type":"LineString","coordinates":[[-123.299976,48.466061],[-123.302467,48.467437]]}},{"type":"Feature","properties":{},"geometry":{"type":"LineString","coordinates":[[-123.300975,48.46521],[-123.30357,48.466642]]}},{"type":"Feature","properties":{},"geometry":{"type":"LineString","coordinates":[[-123.302749,48.463307],[-123.302732,48.463264],[-123.302691,48.463154],[-123.302605,48.462997],[-123.302475,48.462952],[-123.302378,48.462947],[-123.3023,48.462986],[-123.302244,48.463039],[-123.302313,48.463128],[-123.302749,48.463307]]}},{"type":"Feature","properties":{},"geometry":{"type":"LineString","coordinates":[[-123.312059,48.465977],[-123.312085,48.465935],[-123.312139,48.465899],[-123.312231,48.465856]]}},{"type":"Feature","properties":{},"geometry":{"type":"LineString","coordinates":[[-123.313479,48.460454],[-123.313326,48.46042],[-123.313179,48.460393],[-123.31302,48.460368],[-123.312855,48.460347],[-123.312643,48.460331],[-123.312372,48.460315],[-123.312092,48.460311],[-123.311873,48.460318],[-123.311712,48.460323],[-123.311381,48.460355],[-123.311078,48.460402],[-123.310811,48.460455],[-123.310642,48.460497],[-123.310384,48.46057],[-123.310201,48.46063],[-123.310055,48.460682],[-123.309913,48.460742],[-123.30979,48.460796],[-123.309512,48.460934],[-123.309199,48.461123],[-123.309052,48.461227],[-123.308795,48.46144],[-123.308756,48.461478],[-123.308704,48.461528]]}},{"type":"Feature","properties":{},"geometry":{"type":"LineString","coordinates":[[-123.309418,48.465177],[-123.309566,48.46526],[-123.309733,48.465339],[-123.309909,48.46542]]}},{"type":"Feature","properties":{},"geometry":{"type":"LineString","coordinates":[[-123.314463,48.460781],[-123.314356,48.460739],[-123.314222,48.460692],[-123.313932,48.460591],[-123.3137,48.460521],[-123.313479,48.460454]]}},{"type":"Feature","properties":{},"geometry":{"type":"LineString","coordinates":[[-123.306989,48.467547],[-123.307074,48.467504],[-123.307138,48.46745],[-123.307255,48.467348],[-123.307361,48.467242],[-123.307421,48.467184],[-123.307454,48.467161],[-123.307494,48.467141],[-123.307534,48.467129],[-123.307576,48.467123]]}},{"type":"Feature","properties":{},"geometry":{"type":"LineString","coordinates":[[-123.314443,48.464744],[-123.314345,48.464699],[-123.314217,48.464699]]}},{"type":"Feature","properties":{},"geometry":{"type":"LineString","coordinates":[[-123.315172,48.469641],[-123.314781,48.469458]]}},{"type":"Feature","properties":{},"geometry":{"type":"LineString","coordinates":[[-123.312271,48.464789],[-123.312458,48.464775],[-123.312484,48.464911],[-123.312479,48.464946],[-123.312461,48.464984],[-123.312424,48.465045],[-123.312386,48.465102],[-123.312193,48.46539],[-123.3121,48.465527],[-123.311937,48.465807],[-123.311948,48.46585]]}},{"type":"Feature","properties":{},"geometry":{"type":"LineString","coordinates":[[-123.309881,48.468541],[-123.310008,48.468612],[-123.31014,48.468686],[-123.310329,48.468788],[-123.310456,48.468847],[-123.310652,48.46892],[-123.310807,48.468966],[-123.311009,48.469016],[-123.311189,48.469044],[-123.311379,48.469066],[-123.311509,48.469077],[-123.311652,48.46908],[-123.311783,48.469075],[-123.311942,48.46906]]}},{"type":"Feature","properties":{},"geometry":{"type":"LineString","coordinates":[[-123.30228,48.46422],[-123.301748,48.464581]]}},{"type":"Feature","properties":{},"geometry":{"type":"LineString","coordinates":[[-123.32053,48.459711],[-123.319263,48.458822]]}},{"type":"Feature","properties":{},"geometry":{"type":"LineString","coordinates":[[-123.318086,48.461282],[-123.318042,48.461283],[-123.317046,48.461358],[-123.316954,48.461364],[-123.31606,48.461424],[-123.316013,48.461428]]}},{"type":"Feature","properties":{},"geometry":{"type":"LineString","coordinates":[[-123.316013,48.461428],[-123.315659,48.461456],[-123.315619,48.461455],[-123.315581,48.461452],[-123.315513,48.461443]]}},{"type":"Feature","properties":{},"geometry":{"type":"LineString","coordinates":[[-123.315453,48.458776],[-123.31524,48.458923],[-123.314913,48.459401]]}},{"type":"Feature","properties":{},"geometry":{"type":"LineString","coordinates":[[-123.315458,48.461676],[-123.315491,48.461665],[-123.315524,48.461651],[-123.315581,48.46162],[-123.315607,48.461605],[-123.315618,48.461594],[-123.315626,48.461582],[-123.315631,48.461567],[-123.315632,48.461552]]}},{"type":"Feature","properties":{},"geometry":{"type":"LineString","coordinates":[[-123.316049,48.462087],[-123.315949,48.46202],[-123.315845,48.461987],[-123.315778,48.461982],[-123.315712,48.461981],[-123.315645,48.461985],[-123.315514,48.461998]]}},{"type":"Feature","properties":{},"geometry":{"type":"LineString","coordinates":[[-123.306736,48.461261],[-123.306933,48.461371],[-123.307119,48.461475],[-123.307314,48.461583],[-123.307503,48.461688],[-123.307562,48.461721]]}},{"type":"Feature","properties":{},"geometry":{"type":"LineString","coordinates":[[-123.305199,48.463545],[-123.305147,48.463461],[-123.305116,48.463411],[-123.304966,48.46332],[-123.304893,48.463257],[-123.304838,48.463189],[-123.304832,48.463159],[-123.304826,48.463135],[-123.304834,48.463085],[-123.304875,48.463038],[-123.304921,48.462985],[-123.305041,48.462894],[-123.305113,48.462839],[-123.305133,48.46281],[-123.305144,48.462773],[-123.305149,48.46269],[-123.305173,48.462643],[-123.305284,48.462529],[-123.305289,48.462451],[-123.305282,48.462393]]}},{"type":"Feature","properties":{},"geometry":{"type":"LineString","coordinates":[[-123.305857,48.461706],[-123.305792,48.461742],[-123.305584,48.461906],[-123.305569,48.461916],[-123.305448,48.461995],[-123.305235,48.462031],[-123.305214,48.462032],[-123.304936,48.46204],[-123.304651,48.462005],[-123.304393,48.461889],[-123.304248,48.461857],[-123.30391,48.461898]]}},{"type":"Feature","properties":{},"geometry":{"type":"LineString","coordinates":[[-123.304085,48.464652],[-123.304137,48.464612],[-123.304158,48.464595],[-123.304204,48.464556],[-123.304257,48.464477]]}},{"type":"Feature","properties":{},"geometry":{"type":"LineString","coordinates":[[-123.303742,48.463756],[-123.303737,48.463729],[-123.303714,48.463599],[-123.303645,48.463182],[-123.303624,48.463061],[-123.303615,48.463016],[-123.303594,48.46297],[-123.303572,48.462921],[-123.303511,48.462838],[-123.303391,48.462736],[-123.303357,48.462707],[-123.303218,48.462572],[-123.303173,48.46249],[-123.303125,48.462394],[-123.303068,48.462334],[-123.303043,48.46232],[-123.302943,48.462265],[-123.302861,48.462205]]}},{"type":"Feature","properties":{},"geometry":{"type":"LineString","coordinates":[[-123.305199,48.463545],[-123.305455,48.463528],[-123.30557,48.46352],[-123.305614,48.463522]]}},{"type":"Feature","properties":{},"geometry":{"type":"LineString","coordinates":[[-123.306489,48.462841],[-123.306668,48.462838],[-123.306939,48.462822],[-123.30697,48.462821],[-123.306998,48.46284],[-123.30704,48.462868]]}},{"type":"Feature","properties":{},"geometry":{"type":"LineString","coordinates":[[-123.306731,48.466163],[-123.306787,48.466117],[-123.306815,48.466095],[-123.306832,48.466081],[-123.307208,48.465767],[-123.307279,48.465708],[-123.307426,48.465585],[-123.307719,48.465334],[-123.307813,48.465231],[-123.30783,48.465207],[-123.307824,48.465182],[-123.307775,48.465142],[-123.30749,48.464979],[-123.307422,48.464925]]}},{"type":"Feature","properties":{},"geometry":{"type":"LineString","coordinates":[[-123.307422,48.464925],[-123.307387,48.464904],[-123.30734,48.464892],[-123.307287,48.464893],[-123.307221,48.4649],[-123.30716,48.464916],[-123.307068,48.46494],[-123.306956,48.465002],[-123.306774,48.465103],[-123.306604,48.465201],[-123.306533,48.465237],[-123.306472,48.465254],[-123.306413,48.465254],[-123.306354,48.465231],[-123.30632,48.465191],[-123.306278,48.465073]]}},{"type":"Feature","properties":{},"geometry":{"type":"LineString","coordinates":[[-123.308417,48.462604],[-123.308147,48.462575],[-123.308061,48.462563]]}},{"type":"Feature","properties":{},"geometry":{"type":"LineString","coordinates":[[-123.308912,48.464636],[-123.308843,48.464695],[-123.308815,48.464748]]}},{"type":"Feature","properties":{},"geometry":{"type":"LineString","coordinates":[[-123.308186,48.46393],[-123.30826,48.463957],[-123.3083,48.463973],[-123.308326,48.463981],[-123.308355,48.463986],[-123.308383,48.463992],[-123.308415,48.463995],[-123.308453,48.463997],[-123.308493,48.463995],[-123.30862,48.463986],[-123.308703,48.463981]]}},{"type":"Feature","properties":{},"geometry":{"type":"LineString","coordinates":[[-123.315274,48.463169],[-123.315113,48.463362],[-123.315031,48.46343],[-123.314951,48.463486],[-123.314789,48.463499],[-123.314601,48.463517],[-123.314036,48.463559],[-123.314007,48.463561],[-123.313949,48.463565],[-123.313712,48.46358],[-123.313663,48.463585]]}},{"type":"Feature","properties":{},"geometry":{"type":"LineString","coordinates":[[-123.31549,48.46474],[-123.315442,48.464719],[-123.315272,48.464623],[-123.315239,48.464606],[-123.315183,48.464575],[-123.314987,48.464586]]}},{"type":"Feature","properties":{},"geometry":{"type":"LineString","coordinates":[[-123.311685,48.460667],[-123.311757,48.460717],[-123.311857,48.461264],[-123.311874,48.461342]]}},{"type":"Feature","properties":{},"geometry":{"type":"LineString","coordinates":[[-123.310962,48.465739],[-123.31101,48.465705],[-123.311035,48.465683],[-123.311183,48.465568],[-123.311214,48.465539],[-123.31123,48.465523],[-123.31124,48.46551],[-123.311251,48.465489],[-123.311259,48.465464],[-123.311258,48.465444],[-123.311232,48.46529],[-123.311224,48.46526],[-123.311202,48.465237],[-123.311165,48.465213],[-123.311146,48.465204],[-123.311126,48.465196],[-123.311104,48.46519],[-123.311072,48.465189],[-123.310377,48.465243],[-123.31032,48.465256],[-123.310289,48.465266],[-123.31025,48.465288],[-123.310214,48.465315],[-123.310191,48.465345],[-123.310174,48.465377],[-123.310161,48.465464],[-123.310163,48.465517]]}},{"type":"Feature","properties":{},"geometry":{"type":"LineString","coordinates":[[-123.310377,48.465243],[-123.310223,48.465255],[-123.310175,48.465256],[-123.310133,48.465249],[-123.310092,48.465236],[-123.310062,48.465219],[-123.310033,48.465195],[-123.310015,48.465168],[-123.310014,48.465165],[-123.310008,48.465142],[-123.31001,48.465113],[-123.31002,48.465087],[-123.310039,48.465062],[-123.310059,48.465044],[-123.31008,48.465032],[-123.31011,48.46502],[-123.310148,48.465013],[-123.310191,48.465009],[-123.310514,48.464984]]}},{"type":"Feature","properties":{},"geometry":{"type":"LineString","coordinates":[[-123.31644,48.466171],[-123.316252,48.466252],[-123.316142,48.466297],[-123.315938,48.466388],[-123.315892,48.466408],[-123.315732,48.466479],[-123.315523,48.466572],[-123.315138,48.466195],[-123.314719,48.465792],[-123.314611,48.465688],[-123.314551,48.465628],[-123.314433,48.465509],[-123.314367,48.465442]]}},{"type":"Feature","properties":{},"geometry":{"type":"LineString","coordinates":[[-123.318697,48.462833],[-123.318143,48.462638],[-123.318014,48.462592],[-123.317757,48.462663]]}},{"type":"Feature","properties":{},"geometry":{"type":"LineString","coordinates":[[-123.319739,48.462129],[-123.319732,48.462196],[-123.31973,48.462214],[-123.319729,48.462229],[-123.319722,48.462298]]}},{"type":"Feature","properties":{},"geometry":{"type":"LineString","coordinates":[[-123.318794,48.462692],[-123.318899,48.462719],[-123.318987,48.462741]]}},{"type":"Feature","properties":{},"geometry":{"type":"LineString","coordinates":[[-123.317666,48.465533],[-123.317719,48.465432],[-123.317761,48.46529],[-123.317788,48.46516],[-123.317777,48.465081],[-123.317749,48.46501],[-123.317716,48.464946],[-123.317636,48.464807],[-123.31761,48.464714],[-123.317645,48.46464],[-123.317706,48.464579],[-123.317863,48.464438]]}},{"type":"Feature","properties":{},"geometry":{"type":"LineString","coordinates":[[-123.315148,48.465008],[-123.315204,48.464966],[-123.315273,48.464914],[-123.31535,48.464851],[-123.31549,48.46474],[-123.315555,48.464681],[-123.315604,48.464636],[-123.315712,48.464517],[-123.315831,48.464382],[-123.315931,48.464243],[-123.316037,48.464082],[-123.316102,48.463966],[-123.316146,48.463868],[-123.316205,48.463717],[-123.316251,48.463579],[-123.316293,48.46339],[-123.316301,48.463333],[-123.316315,48.463231],[-123.316321,48.46308],[-123.316308,48.462857],[-123.316285,48.462709],[-123.31623,48.462504],[-123.316169,48.462342],[-123.316105,48.462199],[-123.316049,48.462087],[-123.315932,48.461908],[-123.315836,48.461784],[-123.315803,48.461745],[-123.315721,48.461648],[-123.315632,48.461552]]}},{"type":"Feature","properties":{},"geometry":{"type":"LineString","coordinates":[[-123.310979,48.467192],[-123.311765,48.466538],[-123.311799,48.466494],[-123.311853,48.466399]]}},{"type":"Feature","properties":{},"geometry":{"type":"LineString","coordinates":[[-123.307472,48.456887],[-123.307709,48.456967],[-123.30797,48.45706],[-123.308033,48.457113],[-123.308056,48.457174],[-123.308062,48.457236],[-123.307945,48.457488],[-123.307872,48.457677],[-123.307668,48.457956],[-123.307426,48.458299],[-123.307364,48.458435],[-123.307323,48.458499],[-123.30716,48.458692],[-123.306957,48.458865],[-123.306819,48.459009],[-123.306758,48.45907],[-123.306693,48.459112],[-123.306358,48.459253],[-123.305966,48.459389],[-123.305875,48.459402],[-123.305799,48.459391],[-123.305677,48.459342],[-123.305628,48.459316],[-123.305191,48.459078],[-123.30491,48.458916],[-123.304641,48.458787],[-123.304438,48.458708],[-123.30425,48.458601],[-123.304008,48.45845],[-123.303583,48.458241],[-123.303367,48.45812],[-123.30352,48.457961],[-123.303805,48.457694],[-123.303697,48.457249],[-123.303712,48.457031],[-123.303754,48.456862],[-123.303967,48.456555],[-123.304108,48.456344],[-123.304231,48.45602],[-123.30428,48.4559],[-123.304334,48.455867],[-123.30441,48.455855],[-123.3045,48.455865],[-123.304876,48.455983],[-123.305247,48.4561],[-123.305374,48.456142],[-123.305821,48.456254],[-123.306263,48.456409],[-123.306698,48.456569],[-123.307008,48.456689],[-123.307234,48.456797],[-123.307472,48.456887]]}},{"type":"Feature","properties":{},"geometry":{"type":"LineString","coordinates":[[-123.308205,48.466392],[-123.308312,48.466427]]}},{"type":"Feature","properties":{},"geometry":{"type":"LineString","coordinates":[[-123.308905,48.465952],[-123.309057,48.465831],[-123.30927,48.465655]]}},{"type":"Feature","properties":{},"geometry":{"type":"LineString","coordinates":[[-123.307814,48.466995],[-123.307828,48.466951],[-123.307846,48.466906],[-123.307869,48.466862],[-123.307896,48.466819],[-123.307962,48.466737],[-123.308035,48.466663]]}},{"type":"Feature","properties":{},"geometry":{"type":"LineString","coordinates":[[-123.309191,48.465597],[-123.308965,48.465776],[-123.30887,48.465853]]}},{"type":"Feature","properties":{},"geometry":{"type":"LineString","coordinates":[[-123.30927,48.465655],[-123.309191,48.465597]]}},{"type":"Feature","properties":{},"geometry":{"type":"LineString","coordinates":[[-123.309403,48.465548],[-123.309458,48.465509],[-123.309512,48.465475],[-123.30957,48.465446],[-123.30964,48.465423],[-123.30969,48.465415],[-123.309735,48.465412],[-123.309818,48.465413],[-123.309909,48.46542]]}},{"type":"Feature","properties":{},"geometry":{"type":"LineString","coordinates":[[-123.314281,48.4603],[-123.314233,48.460344],[-123.314174,48.460381],[-123.314109,48.460415],[-123.31404,48.460443],[-123.313966,48.460466],[-123.313891,48.460482],[-123.313813,48.46049],[-123.313733,48.460492],[-123.313654,48.460486],[-123.313479,48.460454]]}},{"type":"Feature","properties":{},"geometry":{"type":"LineString","coordinates":[[-123.3044,48.459571],[-123.30408,48.459668],[-123.303895,48.459689],[-123.30353,48.459661],[-123.302842,48.459548],[-123.302488,48.459492],[-123.30237,48.459451],[-123.301779,48.459358],[-123.301412,48.459277],[-123.301276,48.459196],[-123.301191,48.45908],[-123.301154,48.458962],[-123.301167,48.458603],[-123.301145,48.458454],[-123.301024,48.458146],[-123.300642,48.457244],[-123.300598,48.457179],[-123.300581,48.457153],[-123.300505,48.457089],[-123.30037,48.457071]]}},{"type":"Feature","properties":{},"geometry":{"type":"LineString","coordinates":[[-123.303969,48.454857],[-123.303429,48.455636],[-123.30323,48.456044],[-123.302953,48.456448],[-123.302861,48.456635],[-123.302828,48.456754],[-123.30281,48.456855],[-123.30277,48.457082],[-123.302727,48.457248],[-123.302652,48.457417],[-123.302561,48.457548],[-123.302443,48.457675],[-123.302263,48.457832],[-123.302215,48.457936],[-123.302209,48.458091],[-123.302246,48.458198],[-123.302309,48.458278],[-123.302464,48.458384],[-123.302442,48.458607],[-123.302418,48.458907],[-123.30237,48.459451]]}},{"type":"Feature","properties":{},"geometry":{"type":"LineString","coordinates":[[-123.302464,48.458384],[-123.302874,48.458607],[-123.30385,48.459151],[-123.304292,48.459432],[-123.304442,48.459521],[-123.3044,48.459571]]}},{"type":"Feature","properties":{},"geometry":{"type":"LineString","coordinates":[[-123.305489,48.465107],[-123.305468,48.465136],[-123.305441,48.465173],[-123.305347,48.465262],[-123.30532,48.465285],[-123.305275,48.465324]]}},{"type":"Feature","properties":{},"geometry":{"type":"LineString","coordinates":[[-123.305275,48.465324],[-123.305233,48.465358],[-123.305219,48.465369],[-123.304691,48.465795],[-123.304608,48.465954],[-123.304503,48.466163],[-123.304487,48.466203],[-123.304482,48.466243],[-123.304483,48.466284],[-123.304493,48.466323],[-123.304511,48.466362],[-123.304534,48.4664],[-123.304669,48.466562],[-123.304679,48.466573],[-123.304712,48.466612],[-123.30476,48.46667]]}},{"type":"Feature","properties":{},"geometry":{"type":"LineString","coordinates":[[-123.304608,48.465954],[-123.304474,48.465918],[-123.304407,48.465893],[-123.30297,48.465084]]}},{"type":"Feature","properties":{},"geometry":{"type":"LineString","coordinates":[[-123.304236,48.467109],[-123.303993,48.466911],[-123.30357,48.466642]]}},{"type":"Feature","properties":{},"geometry":{"type":"LineString","coordinates":[[-123.313295,48.468946],[-123.313453,48.468936],[-123.313668,48.468934]]}},{"type":"Feature","properties":{},"geometry":{"type":"LineString","coordinates":[[-123.308514,48.461301],[-123.30841,48.461243],[-123.308209,48.461131],[-123.30802,48.461026],[-123.307824,48.460917],[-123.307632,48.46081],[-123.307442,48.460704],[-123.307258,48.460601]]}},{"type":"Feature","properties":{},"geometry":{"type":"LineString","coordinates":[[-123.306042,48.461809],[-123.306736,48.461261],[-123.307442,48.460704]]}},{"type":"Feature","properties":{},"geometry":{"type":"LineString","coordinates":[[-123.316954,48.461364],[-123.316919,48.461149]]}},{"type":"Feature","properties":{},"geometry":{"type":"LineString","coordinates":[[-123.307562,48.461721],[-123.30806,48.461946],[-123.308207,48.461996],[-123.308248,48.462012],[-123.308297,48.462022]]}},{"type":"Feature","properties":{},"geometry":{"type":"LineString","coordinates":[[-123.315427,48.46184],[-123.314383,48.461919]]}},{"type":"Feature","properties":{},"geometry":{"type":"LineString","coordinates":[[-123.308795,48.46144],[-123.308767,48.461425],[-123.308746,48.461412],[-123.308514,48.461301]]}},{"type":"Feature","properties":{},"geometry":{"type":"LineString","coordinates":[[-123.306246,48.461922],[-123.306933,48.461371],[-123.307632,48.46081]]}},{"type":"Feature","properties":{},"geometry":{"type":"LineString","coordinates":[[-123.318065,48.461447],[-123.318095,48.461661],[-123.318118,48.46182],[-123.317168,48.46189],[-123.31714,48.461733],[-123.3171,48.46152]]}},{"type":"Feature","properties":{},"geometry":{"type":"LineString","coordinates":[[-123.318095,48.461661],[-123.31714,48.461733]]}},{"type":"Feature","properties":{},"geometry":{"type":"LineString","coordinates":[[-123.307258,48.460601],[-123.305857,48.461706]]}},{"type":"Feature","properties":{},"geometry":{"type":"LineString","coordinates":[[-123.315514,48.461998],[-123.315453,48.462007],[-123.31441,48.462077],[-123.314383,48.461919],[-123.314354,48.461757],[-123.315402,48.46168],[-123.315458,48.461676]]}},{"type":"Feature","properties":{},"geometry":{"type":"LineString","coordinates":[[-123.308094,48.461493],[-123.30841,48.461243]]}},{"type":"Feature","properties":{},"geometry":{"type":"LineString","coordinates":[[-123.317384,48.460942],[-123.316794,48.460985],[-123.315992,48.461053],[-123.316021,48.461216],[-123.31606,48.461424],[-123.316084,48.461596],[-123.317077,48.461522],[-123.3171,48.46152]]}},{"type":"Feature","properties":{},"geometry":{"type":"LineString","coordinates":[[-123.306621,48.46213],[-123.307314,48.461583],[-123.30802,48.461026]]}},{"type":"Feature","properties":{},"geometry":{"type":"LineString","coordinates":[[-123.306425,48.462022],[-123.307119,48.461475],[-123.307824,48.460917]]}},{"type":"Feature","properties":{},"geometry":{"type":"LineString","coordinates":[[-123.308209,48.461131],[-123.307893,48.461381],[-123.307503,48.461688],[-123.307473,48.461712],[-123.307202,48.461925],[-123.306891,48.46217],[-123.306812,48.462235]]}},{"type":"Feature","properties":{},"geometry":{"type":"LineString","coordinates":[[-123.308094,48.461493],[-123.307893,48.461381]]}},{"type":"Feature","properties":{},"geometry":{"type":"LineString","coordinates":[[-123.317413,48.461106],[-123.316919,48.461149],[-123.316021,48.461216]]}},{"type":"Feature","properties":{},"geometry":{"type":"LineString","coordinates":[[-123.315453,48.462007],[-123.315427,48.46184],[-123.315402,48.46168]]}},{"type":"Feature","properties":{},"geometry":{"type":"LineString","coordinates":[[-123.308164,48.468657],[-123.308595,48.468897],[-123.308645,48.46891],[-123.308699,48.468916],[-123.308747,48.468914],[-123.308793,48.468907]]}},{"type":"Feature","properties":{},"geometry":{"type":"LineString","coordinates":[[-123.311942,48.46906],[-123.311971,48.469168],[-123.311948,48.469224],[-123.311935,48.469238],[-123.311869,48.469307],[-123.311779,48.469376],[-123.311602,48.469491],[-123.311563,48.469511],[-123.311512,48.469527],[-123.311437,48.469533],[-123.311354,48.469529],[-123.311268,48.469512],[-123.311192,48.469475],[-123.310512,48.469088],[-123.310475,48.469069],[-123.309876,48.468755],[-123.309725,48.468865],[-123.309628,48.468937],[-123.309309,48.46916],[-123.309268,48.469189]]}},{"type":"Feature","properties":{},"geometry":{"type":"LineString","coordinates":[[-123.306959,48.468784],[-123.306987,48.468748],[-123.307001,48.468737],[-123.307463,48.468382],[-123.307539,48.468323]]}},{"type":"Feature","properties":{},"geometry":{"type":"LineString","coordinates":[[-123.317863,48.464438],[-123.318068,48.464534]]}},{"type":"Feature","properties":{},"geometry":{"type":"LineString","coordinates":[[-123.305143,48.467623],[-123.30528,48.467699],[-123.305408,48.46778],[-123.305447,48.467809],[-123.305722,48.468015]]}},{"type":"Feature","properties":{},"geometry":{"type":"LineString","coordinates":[[-123.304235,48.467635],[-123.304218,48.467693],[-123.30422,48.467767],[-123.304246,48.467851]]}},{"type":"Feature","properties":{},"geometry":{"type":"LineString","coordinates":[[-123.305571,48.466592],[-123.305571,48.466452]]}},{"type":"Feature","properties":{},"geometry":{"type":"LineString","coordinates":[[-123.304519,48.467624],[-123.304437,48.467522],[-123.304429,48.467512],[-123.304365,48.467436],[-123.304358,48.467428],[-123.304232,48.467277]]}},{"type":"Feature","properties":{},"geometry":{"type":"LineString","coordinates":[[-123.305143,48.467623],[-123.305262,48.467552],[-123.305593,48.467352],[-123.305713,48.467284],[-123.305809,48.467231],[-123.305868,48.467205]]}},{"type":"Feature","properties":{},"geometry":{"type":"LineString","coordinates":[[-123.305178,48.469003],[-123.305116,48.468969],[-123.305077,48.468949],[-123.304981,48.468898],[-123.304945,48.468879],[-123.304896,48.468874],[-123.304844,48.468892],[-123.30465,48.469054],[-123.304635,48.469087],[-123.304654,48.469115],[-123.304677,48.469124],[-123.304693,48.469131],[-123.304795,48.469176],[-123.304846,48.469203]]}},{"type":"Feature","properties":{},"geometry":{"type":"LineString","coordinates":[[-123.305907,48.467496],[-123.305776,48.467466],[-123.30569,48.467417]]}},{"type":"Feature","properties":{},"geometry":{"type":"LineString","coordinates":[[-123.305571,48.466452],[-123.305616,48.466429],[-123.305756,48.466273],[-123.305771,48.466233],[-123.305749,48.466205],[-123.305691,48.466185],[-123.305619,48.466156],[-123.305576,48.466169],[-123.305552,48.466196],[-123.30554,48.466225],[-123.305542,48.466298],[-123.30552,48.466345],[-123.305515,48.466378],[-123.305539,48.466412],[-123.305571,48.466452]]}},{"type":"Feature","properties":{},"geometry":{"type":"LineString","coordinates":[[-123.305722,48.468015],[-123.305689,48.467929],[-123.305638,48.467849],[-123.305606,48.467771],[-123.305595,48.467684],[-123.305597,48.467608],[-123.305617,48.467529],[-123.305644,48.467475],[-123.30569,48.467417],[-123.305734,48.467368],[-123.305821,48.467274],[-123.305845,48.467249],[-123.305868,48.467205]]}},{"type":"Feature","properties":{},"geometry":{"type":"LineString","coordinates":[[-123.305967,48.466902],[-123.306036,48.466896],[-123.306193,48.466882],[-123.306469,48.466819]]}},{"type":"Feature","properties":{},"geometry":{"type":"LineString","coordinates":[[-123.30569,48.467417],[-123.305593,48.467352]]}},{"type":"Feature","properties":{},"geometry":{"type":"LineString","coordinates":[[-123.305949,48.46708],[-123.305887,48.467057],[-123.305861,48.467048],[-123.305766,48.467002],[-123.305753,48.466991],[-123.305733,48.466973],[-123.305545,48.466732]]}},{"type":"Feature","properties":{},"geometry":{"type":"LineString","coordinates":[[-123.304945,48.468879],[-123.304868,48.46884],[-123.304825,48.468831],[-123.304739,48.468833],[-123.304659,48.468896],[-123.304511,48.46902],[-123.304496,48.46905],[-123.304523,48.469079],[-123.304576,48.469101],[-123.304654,48.469115]]}},{"type":"Feature","properties":{},"geometry":{"type":"LineString","coordinates":[[-123.30413,48.467592],[-123.3039,48.467698],[-123.303609,48.467778],[-123.303451,48.467795],[-123.303393,48.467801],[-123.303275,48.467848]]}},{"type":"Feature","properties":{},"geometry":{"type":"LineString","coordinates":[[-123.308062,48.467946],[-123.308544,48.468204],[-123.30865,48.468261]]}},{"type":"Feature","properties":{},"geometry":{"type":"LineString","coordinates":[[-123.303737,48.463729],[-123.303981,48.463712],[-123.304222,48.463691],[-123.304426,48.463662],[-123.304541,48.463635],[-123.30478,48.463582],[-123.305199,48.463545]]}},{"type":"Feature","properties":{},"geometry":{"type":"LineString","coordinates":[[-123.305489,48.465107],[-123.305675,48.465071],[-123.305543,48.464328],[-123.305526,48.464225],[-123.305493,48.464056],[-123.30538,48.464021],[-123.305246,48.464031]]}},{"type":"Feature","properties":{},"geometry":{"type":"LineString","coordinates":[[-123.304541,48.463635],[-123.304547,48.463673],[-123.304663,48.46439],[-123.304717,48.464678],[-123.304839,48.464745],[-123.304974,48.464739],[-123.304913,48.464372],[-123.304824,48.463839],[-123.304787,48.463624],[-123.30478,48.463582]]}},{"type":"Feature","properties":{},"geometry":{"type":"LineString","coordinates":[[-123.305543,48.464328],[-123.305305,48.464342],[-123.304913,48.464372],[-123.304663,48.46439],[-123.304344,48.464412],[-123.304284,48.464427],[-123.304257,48.464477]]}},{"type":"Feature","properties":{},"geometry":{"type":"LineString","coordinates":[[-123.304083,48.464317],[-123.303985,48.46374],[-123.303981,48.463712]]}},{"type":"Feature","properties":{},"geometry":{"type":"LineString","coordinates":[[-123.304284,48.464427],[-123.304083,48.464317],[-123.303809,48.464169],[-123.303763,48.463885],[-123.303742,48.463756]]}},{"type":"Feature","properties":{},"geometry":{"type":"LineString","coordinates":[[-123.304344,48.464412],[-123.304227,48.463721],[-123.304222,48.463691]]}},{"type":"Feature","properties":{},"geometry":{"type":"LineString","coordinates":[[-123.309419,48.467871],[-123.309802,48.46756],[-123.310213,48.467215],[-123.310288,48.467199]]}},{"type":"Feature","properties":{},"geometry":{"type":"LineString","coordinates":[[-123.309609,48.46745],[-123.310027,48.467111],[-123.310103,48.467094]]}},{"type":"Feature","properties":{},"geometry":{"type":"LineString","coordinates":[[-123.309249,48.467773],[-123.309497,48.467553],[-123.309389,48.467492]]}},{"type":"Feature","properties":{},"geometry":{"type":"LineString","coordinates":[[-123.30677,48.468677],[-123.306794,48.468642],[-123.307044,48.468442]]}},{"type":"Feature","properties":{},"geometry":{"type":"LineString","coordinates":[[-123.310437,48.467295],[-123.310403,48.467321],[-123.30999,48.467668],[-123.309607,48.467974],[-123.309419,48.467871],[-123.309249,48.467773],[-123.309055,48.467668],[-123.309319,48.467458],[-123.309389,48.467492],[-123.309505,48.467397]]}},{"type":"Feature","properties":{},"geometry":{"type":"LineString","coordinates":[[-123.309419,48.467345],[-123.309832,48.467004],[-123.309919,48.466989]]}},{"type":"Feature","properties":{},"geometry":{"type":"LineString","coordinates":[[-123.308767,48.466976],[-123.308718,48.466954],[-123.308438,48.467198],[-123.308239,48.467087],[-123.308497,48.46685],[-123.308718,48.466954]]}},{"type":"Feature","properties":{},"geometry":{"type":"LineString","coordinates":[[-123.309247,48.467248],[-123.309644,48.466898],[-123.309697,48.466866]]}},{"type":"Feature","properties":{},"geometry":{"type":"LineString","coordinates":[[-123.310475,48.469069],[-123.31032,48.469196],[-123.309725,48.468865]]}},{"type":"Feature","properties":{},"geometry":{"type":"LineString","coordinates":[[-123.307141,48.468896],[-123.307161,48.468866],[-123.307214,48.468825],[-123.307259,48.46879],[-123.307655,48.468486],[-123.307733,48.468427]]}},{"type":"Feature","properties":{},"geometry":{"type":"LineString","coordinates":[[-123.310668,48.467422],[-123.310651,48.467412],[-123.310437,48.467295],[-123.310288,48.467199],[-123.310103,48.467094],[-123.309919,48.466989],[-123.309697,48.466866],[-123.309492,48.466758],[-123.3094,48.466701]]}},{"type":"Feature","properties":{},"geometry":{"type":"LineString","coordinates":[[-123.317788,48.466434],[-123.31714,48.466484]]}},{"type":"Feature","properties":{},"geometry":{"type":"LineString","coordinates":[[-123.308949,48.464605],[-123.309058,48.464519],[-123.309125,48.464464],[-123.309144,48.464429],[-123.309147,48.464402],[-123.309146,48.464378],[-123.309142,48.464354],[-123.30911,48.464188],[-123.309074,48.463979],[-123.309071,48.463961],[-123.308958,48.463958],[-123.308828,48.463973]]}},{"type":"Feature","properties":{},"geometry":{"type":"LineString","coordinates":[[-123.308949,48.464605],[-123.308943,48.464547],[-123.308934,48.464493],[-123.30891,48.464432],[-123.308828,48.463973]]}},{"type":"Feature","properties":{},"geometry":{"type":"LineString","coordinates":[[-123.32015,48.462558],[-123.319242,48.462535]]}},{"type":"Feature","properties":{},"geometry":{"type":"LineString","coordinates":[[-123.320142,48.462726],[-123.319146,48.462702]]}},{"type":"Feature","properties":{},"geometry":{"type":"LineString","coordinates":[[-123.318175,48.464579],[-123.318498,48.464245],[-123.318707,48.464341],[-123.318378,48.464665],[-123.318175,48.464579],[-123.318068,48.464534]]}},{"type":"Feature","properties":{},"geometry":{"type":"LineString","coordinates":[[-123.3177,48.465944],[-123.31668,48.466026]]}},{"type":"Feature","properties":{},"geometry":{"type":"LineString","coordinates":[[-123.319103,48.462772],[-123.318987,48.462741]]}},{"type":"Feature","properties":{},"geometry":{"type":"LineString","coordinates":[[-123.320129,48.463061],[-123.319038,48.463036],[-123.318956,48.463013],[-123.319049,48.462869],[-123.319103,48.462772],[-123.319146,48.462702],[-123.319242,48.462535],[-123.319348,48.46237],[-123.319713,48.462375],[-123.320158,48.462388],[-123.32015,48.462558],[-123.320142,48.462726],[-123.320135,48.462893],[-123.320129,48.463061]]}},{"type":"Feature","properties":{},"geometry":{"type":"LineString","coordinates":[[-123.317815,48.466596],[-123.317283,48.466641],[-123.31714,48.466484],[-123.316964,48.466328],[-123.316816,48.466177],[-123.316702,48.466103],[-123.316679,48.466065],[-123.31668,48.466026],[-123.316704,48.465856],[-123.317681,48.465781],[-123.3177,48.465944],[-123.317762,48.466267],[-123.317788,48.466434],[-123.317815,48.466596]]}},{"type":"Feature","properties":{},"geometry":{"type":"LineString","coordinates":[[-123.316816,48.466177],[-123.317352,48.466131]]}},{"type":"Feature","properties":{},"geometry":{"type":"LineString","coordinates":[[-123.316679,48.466065],[-123.316583,48.466095]]}},{"type":"Feature","properties":{},"geometry":{"type":"LineString","coordinates":[[-123.314815,48.465597],[-123.315732,48.466479]]}},{"type":"Feature","properties":{},"geometry":{"type":"LineString","coordinates":[[-123.319713,48.462375],[-123.319722,48.462298]]}},{"type":"Feature","properties":{},"geometry":{"type":"LineString","coordinates":[[-123.315015,48.465499],[-123.315938,48.466388],[-123.316495,48.466938],[-123.316641,48.466903],[-123.316709,48.466871],[-123.316592,48.466743],[-123.316142,48.466297],[-123.315218,48.465401],[-123.315015,48.465499],[-123.314815,48.465597],[-123.314611,48.465688]]}},{"type":"Feature","properties":{},"geometry":{"type":"LineString","coordinates":[[-123.320135,48.462893],[-123.319049,48.462869]]}},{"type":"Feature","properties":{},"geometry":{"type":"LineString","coordinates":[[-123.317762,48.466267],[-123.316964,48.466328]]}},{"type":"Feature","properties":{},"geometry":{"type":"LineString","coordinates":[[-123.306489,48.462841],[-123.306498,48.462977],[-123.306514,48.463086],[-123.306484,48.463113],[-123.306449,48.463145]]}},{"type":"Feature","properties":{},"geometry":{"type":"LineString","coordinates":[[-123.306489,48.462841],[-123.306412,48.462638]]}},{"type":"Feature","properties":{},"geometry":{"type":"LineString","coordinates":[[-123.306449,48.463145],[-123.306359,48.46315],[-123.306068,48.463179],[-123.305963,48.463192],[-123.305876,48.463217],[-123.305865,48.463233],[-123.305852,48.463251],[-123.305847,48.463295],[-123.305861,48.463341],[-123.305856,48.463385],[-123.305821,48.46344],[-123.305767,48.463478],[-123.305614,48.463522]]}},{"type":"Feature","properties":{},"geometry":{"type":"LineString","coordinates":[[-123.305851,48.464316],[-123.305598,48.464325],[-123.305543,48.464328]]}},{"type":"Feature","properties":{},"geometry":{"type":"LineString","coordinates":[[-123.320898,48.461398],[-123.320803,48.461398],[-123.320718,48.461395],[-123.32067,48.461401],[-123.32058,48.461372],[-123.320435,48.46133],[-123.320168,48.461261],[-123.320141,48.461246],[-123.320087,48.461221],[-123.319881,48.461106],[-123.319761,48.46099],[-123.319634,48.460875],[-123.319477,48.46076],[-123.319368,48.46068],[-123.319222,48.460545]]}},{"type":"Feature","properties":{},"geometry":{"type":"LineString","coordinates":[[-123.304067,48.461657],[-123.304252,48.461699],[-123.304358,48.461765],[-123.304569,48.461872],[-123.304723,48.461936],[-123.304872,48.461978],[-123.305036,48.461984],[-123.30516,48.461974],[-123.305211,48.461958],[-123.305249,48.461946],[-123.305377,48.461891],[-123.305466,48.461823],[-123.305775,48.461577],[-123.306255,48.461199],[-123.306768,48.460794],[-123.307168,48.460487],[-123.307202,48.460466]]}},{"type":"Feature","properties":{},"geometry":{"type":"LineString","coordinates":[[-123.316794,48.460985],[-123.316771,48.460817],[-123.316768,48.4608],[-123.316741,48.460631]]}},{"type":"Feature","properties":{},"geometry":{"type":"LineString","coordinates":[[-123.313092,48.462081],[-123.313128,48.462061],[-123.313313,48.461902],[-123.313346,48.461869],[-123.313366,48.461839],[-123.31339,48.461789],[-123.313406,48.461757],[-123.313432,48.461723],[-123.31348,48.461669],[-123.313839,48.461323],[-123.313878,48.461283],[-123.313913,48.461243],[-123.313953,48.461191],[-123.313994,48.461119]]}},{"type":"Feature","properties":{},"geometry":{"type":"LineString","coordinates":[[-123.315074,48.459635],[-123.315131,48.459563],[-123.315194,48.459536],[-123.315257,48.45948],[-123.315319,48.459396],[-123.315347,48.459366],[-123.315383,48.459336],[-123.315484,48.459284],[-123.315665,48.459228],[-123.315777,48.45919],[-123.31588,48.459167],[-123.315986,48.459165],[-123.31611,48.459187],[-123.316253,48.459227],[-123.316499,48.459295],[-123.316674,48.459352],[-123.316926,48.45945],[-123.317045,48.459504],[-123.317174,48.459553],[-123.317364,48.459628],[-123.317664,48.459721],[-123.317881,48.459787],[-123.318146,48.459867],[-123.318363,48.459942],[-123.31861,48.460043],[-123.318826,48.460132],[-123.318917,48.460167],[-123.319073,48.460229],[-123.319156,48.460283],[-123.319152,48.460351],[-123.319165,48.460408],[-123.319227,48.460474],[-123.319222,48.460545],[-123.319242,48.460844],[-123.319269,48.461043],[-123.319308,48.461144],[-123.31933,48.461278],[-123.319354,48.461347],[-123.319453,48.461424],[-123.319475,48.461441],[-123.31959,48.461503]]}},{"type":"Feature","properties":{},"geometry":{"type":"LineString","coordinates":[[-123.320407,48.462134],[-123.320405,48.462061],[-123.320395,48.462005],[-123.320348,48.461936],[-123.32024,48.461858],[-123.320036,48.461721],[-123.319772,48.461592],[-123.31959,48.461503]]}},{"type":"Feature","properties":{},"geometry":{"type":"LineString","coordinates":[[-123.315866,48.459711],[-123.315717,48.459724],[-123.315573,48.459724],[-123.315419,48.459707],[-123.315268,48.459676],[-123.315074,48.459635]]}},{"type":"Feature","properties":{},"geometry":{"type":"LineString","coordinates":[[-123.31034,48.462242],[-123.310486,48.46223],[-123.31075,48.462196],[-123.310893,48.462173],[-123.311026,48.462134],[-123.311123,48.462111],[-123.311233,48.462051],[-123.311306,48.461991],[-123.311356,48.461923]]}},{"type":"Feature","properties":{},"geometry":{"type":"LineString","coordinates":[[-123.308955,48.463075],[-123.308915,48.463102],[-123.308857,48.463143],[-123.308532,48.463284],[-123.308486,48.463321],[-123.308466,48.463352],[-123.308459,48.463383],[-123.30846,48.463418],[-123.308466,48.463453],[-123.30848,48.463525],[-123.308475,48.463579],[-123.308457,48.463624],[-123.308418,48.463673],[-123.308343,48.463744],[-123.30827,48.463806],[-123.308222,48.463847],[-123.308211,48.463857]]}},{"type":"Feature","properties":{},"geometry":{"type":"LineString","coordinates":[[-123.313712,48.46358],[-123.313675,48.463361]]}},{"type":"Feature","properties":{},"geometry":{"type":"LineString","coordinates":[[-123.313704,48.463879],[-123.313683,48.46374],[-123.313681,48.463721],[-123.313674,48.463662],[-123.313663,48.463585]]}},{"type":"Feature","properties":{},"geometry":{"type":"LineString","coordinates":[[-123.308871,48.462559],[-123.30853,48.462493],[-123.30845,48.462472]]}},{"type":"Feature","properties":{},"geometry":{"type":"LineString","coordinates":[[-123.310714,48.461971],[-123.310662,48.461629]]}},{"type":"Feature","properties":{},"geometry":{"type":"LineString","coordinates":[[-123.310759,48.463292],[-123.310807,48.463265],[-123.311603,48.462816],[-123.311668,48.462778],[-123.311728,48.462746]]}},{"type":"Feature","properties":{},"geometry":{"type":"LineString","coordinates":[[-123.310662,48.461629],[-123.310646,48.461558],[-123.310642,48.461532]]}},{"type":"Feature","properties":{},"geometry":{"type":"LineString","coordinates":[[-123.312571,48.464626],[-123.312919,48.464897]]}},{"type":"Feature","properties":{},"geometry":{"type":"LineString","coordinates":[[-123.309549,48.464565],[-123.30953,48.464446],[-123.309526,48.464422],[-123.309521,48.464388]]}},{"type":"Feature","properties":{},"geometry":{"type":"LineString","coordinates":[[-123.310694,48.462935],[-123.310656,48.462988],[-123.310484,48.46329],[-123.31045,48.463358]]}},{"type":"Feature","properties":{},"geometry":{"type":"LineString","coordinates":[[-123.311756,48.464459],[-123.31192,48.464546]]}},{"type":"Feature","properties":{},"geometry":{"type":"LineString","coordinates":[[-123.311206,48.461937],[-123.311356,48.461923],[-123.311451,48.461914]]}},{"type":"Feature","properties":{},"geometry":{"type":"LineString","coordinates":[[-123.310096,48.46516],[-123.310074,48.465162],[-123.310014,48.465165],[-123.309755,48.465179]]}},{"type":"Feature","properties":{},"geometry":{"type":"LineString","coordinates":[[-123.308767,48.461425],[-123.308668,48.461512],[-123.308704,48.461528],[-123.308779,48.461568],[-123.308981,48.461668]]}},{"type":"Feature","properties":{},"geometry":{"type":"LineString","coordinates":[[-123.313988,48.463454],[-123.313675,48.463361]]}},{"type":"Feature","properties":{},"geometry":{"type":"LineString","coordinates":[[-123.310255,48.4621],[-123.310261,48.462268]]}},{"type":"Feature","properties":{},"geometry":{"type":"LineString","coordinates":[[-123.315504,48.464662],[-123.31544,48.46464],[-123.31533,48.464564],[-123.315266,48.464518],[-123.315224,48.464489],[-123.315171,48.464467],[-123.315098,48.464447],[-123.314994,48.464438],[-123.314705,48.464461],[-123.314655,48.464464],[-123.314577,48.464452],[-123.314475,48.464437],[-123.314351,48.464436],[-123.314179,48.464446],[-123.314074,48.464458],[-123.313951,48.464486],[-123.313866,48.464502],[-123.313767,48.464525],[-123.313633,48.464537],[-123.313489,48.464546],[-123.313249,48.464564],[-123.313112,48.464572],[-123.313071,48.46454],[-123.313017,48.464539],[-123.312706,48.464565],[-123.312566,48.464574],[-123.312424,48.464584]]}},{"type":"Feature","properties":{},"geometry":{"type":"LineString","coordinates":[[-123.316121,48.463351],[-123.315031,48.46343]]}},{"type":"Feature","properties":{},"geometry":{"type":"LineString","coordinates":[[-123.310479,48.462196],[-123.310486,48.46223],[-123.310498,48.462287]]}},{"type":"Feature","properties":{},"geometry":{"type":"LineString","coordinates":[[-123.308619,48.46211],[-123.308348,48.462054]]}},{"type":"Feature","properties":{},"geometry":{"type":"LineString","coordinates":[[-123.310157,48.464798],[-123.309755,48.465179],[-123.309657,48.465249]]}},{"type":"Feature","properties":{},"geometry":{"type":"LineString","coordinates":[[-123.312644,48.46508],[-123.312571,48.464626],[-123.312566,48.464574],[-123.312551,48.464474]]}},{"type":"Feature","properties":{},"geometry":{"type":"LineString","coordinates":[[-123.310132,48.462364],[-123.310261,48.462268],[-123.31034,48.462242],[-123.310431,48.462175]]}},{"type":"Feature","properties":{},"geometry":{"type":"LineString","coordinates":[[-123.312955,48.461501],[-123.313039,48.46165],[-123.313092,48.462081],[-123.313112,48.462202],[-123.313125,48.462282],[-123.313128,48.462292],[-123.313097,48.462325]]}},{"type":"Feature","properties":{},"geometry":{"type":"LineString","coordinates":[[-123.314385,48.462192],[-123.314261,48.462206],[-123.313959,48.462229],[-123.313799,48.462238],[-123.313452,48.462268],[-123.313369,48.462276],[-123.313228,48.462285],[-123.313128,48.462292]]}},{"type":"Feature","properties":{},"geometry":{"type":"LineString","coordinates":[[-123.311869,48.464584],[-123.311854,48.464595],[-123.311624,48.464612],[-123.311267,48.464638]]}},{"type":"Feature","properties":{},"geometry":{"type":"LineString","coordinates":[[-123.311084,48.464508],[-123.311246,48.464497],[-123.311311,48.464492],[-123.311756,48.464459],[-123.312032,48.464437],[-123.312074,48.464435],[-123.312308,48.464418],[-123.312388,48.464412]]}},{"type":"Feature","properties":{},"geometry":{"type":"LineString","coordinates":[[-123.309194,48.462406],[-123.309532,48.462312],[-123.309542,48.462286],[-123.309564,48.462152],[-123.309574,48.462129]]}},{"type":"Feature","properties":{},"geometry":{"type":"LineString","coordinates":[[-123.309843,48.464551],[-123.309549,48.464565],[-123.309382,48.464575],[-123.309303,48.464578]]}},{"type":"Feature","properties":{},"geometry":{"type":"LineString","coordinates":[[-123.312388,48.464412],[-123.312551,48.464474],[-123.312648,48.464531],[-123.312706,48.464565],[-123.312924,48.464685]]}},{"type":"Feature","properties":{},"geometry":{"type":"LineString","coordinates":[[-123.309239,48.462577],[-123.309018,48.462596],[-123.308869,48.462568]]}},{"type":"Feature","properties":{},"geometry":{"type":"LineString","coordinates":[[-123.313351,48.463105],[-123.313188,48.463116],[-123.31317,48.463139],[-123.313126,48.463198]]}},{"type":"Feature","properties":{},"geometry":{"type":"LineString","coordinates":[[-123.309991,48.464626],[-123.309489,48.464661],[-123.309393,48.464668],[-123.309358,48.464667],[-123.309322,48.464659],[-123.309274,48.464635],[-123.309265,48.46463],[-123.309094,48.464539],[-123.309058,48.464519]]}},{"type":"Feature","properties":{},"geometry":{"type":"LineString","coordinates":[[-123.311123,48.462111],[-123.311058,48.462224],[-123.310982,48.462302],[-123.310984,48.462391],[-123.310976,48.46246]]}},{"type":"Feature","properties":{},"geometry":{"type":"LineString","coordinates":[[-123.310863,48.462838],[-123.310848,48.462764],[-123.310817,48.4626],[-123.310787,48.462386],[-123.31075,48.462196],[-123.310731,48.462055],[-123.310714,48.461971]]}},{"type":"Feature","properties":{},"geometry":{"type":"LineString","coordinates":[[-123.308965,48.465776],[-123.308956,48.465752],[-123.308939,48.465703],[-123.308904,48.465494],[-123.308825,48.465014],[-123.308846,48.464985],[-123.308883,48.464932]]}},{"type":"Feature","properties":{},"geometry":{"type":"LineString","coordinates":[[-123.314007,48.463561],[-123.313988,48.463454],[-123.313939,48.463377],[-123.313926,48.463342],[-123.313775,48.463353],[-123.313675,48.463361],[-123.313629,48.463361]]}},{"type":"Feature","properties":{},"geometry":{"type":"LineString","coordinates":[[-123.313097,48.462325],[-123.313039,48.46233],[-123.312964,48.462337],[-123.312687,48.462362],[-123.312524,48.462384],[-123.312386,48.462418],[-123.312272,48.462454],[-123.312222,48.462466],[-123.312085,48.462544]]}},{"type":"Feature","properties":{},"geometry":{"type":"LineString","coordinates":[[-123.308491,48.462631],[-123.308482,48.462605],[-123.30845,48.462472],[-123.308348,48.462054]]}},{"type":"Feature","properties":{},"geometry":{"type":"LineString","coordinates":[[-123.313853,48.465058],[-123.313578,48.465076],[-123.313368,48.465094],[-123.313275,48.465044],[-123.31318,48.465052],[-123.313069,48.465049],[-123.312644,48.46508],[-123.312492,48.465092],[-123.312386,48.465102],[-123.312316,48.465125],[-123.312159,48.465255],[-123.312017,48.465189],[-123.312015,48.46507],[-123.311977,48.465045]]}},{"type":"Feature","properties":{},"geometry":{"type":"LineString","coordinates":[[-123.310144,48.462424],[-123.310498,48.462287],[-123.310787,48.462386],[-123.310976,48.46246],[-123.311225,48.462563],[-123.311616,48.462705],[-123.311728,48.462746],[-123.311774,48.462769],[-123.311826,48.462799],[-123.312109,48.462953],[-123.312161,48.462982]]}},{"type":"Feature","properties":{},"geometry":{"type":"LineString","coordinates":[[-123.313112,48.464572],[-123.313104,48.464671],[-123.312924,48.464685],[-123.312893,48.464712],[-123.312919,48.464897],[-123.312923,48.464917],[-123.313063,48.464994],[-123.313069,48.465049]]}},{"type":"Feature","properties":{},"geometry":{"type":"LineString","coordinates":[[-123.311874,48.461342],[-123.31166,48.461357],[-123.311366,48.461379],[-123.311323,48.461419],[-123.311305,48.461474],[-123.310923,48.46151],[-123.31069,48.461528],[-123.310642,48.461532],[-123.310461,48.461545],[-123.310077,48.461575],[-123.310052,48.461577],[-123.309553,48.461614],[-123.309508,48.461619],[-123.309452,48.461624],[-123.308981,48.461668],[-123.308718,48.461693],[-123.308618,48.461703]]}},{"type":"Feature","properties":{},"geometry":{"type":"LineString","coordinates":[[-123.313933,48.465599],[-123.313914,48.465547],[-123.313888,48.465281],[-123.313853,48.465058],[-123.313848,48.465035],[-123.313825,48.464891],[-123.313799,48.464732],[-123.313743,48.46458],[-123.313767,48.464525],[-123.313778,48.4645]]}},{"type":"Feature","properties":{},"geometry":{"type":"LineString","coordinates":[[-123.307986,48.463143],[-123.308044,48.463139],[-123.308955,48.463075],[-123.309326,48.463047],[-123.309368,48.463076]]}},{"type":"Feature","properties":{},"geometry":{"type":"LineString","coordinates":[[-123.309239,48.462577],[-123.309224,48.46248],[-123.309194,48.462406],[-123.309103,48.462218],[-123.309056,48.462221],[-123.309009,48.462224],[-123.308871,48.462559],[-123.308869,48.462568],[-123.308853,48.462614],[-123.308846,48.462633]]}},{"type":"Feature","properties":{},"geometry":{"type":"LineString","coordinates":[[-123.311118,48.463798],[-123.311132,48.463856],[-123.311137,48.463879],[-123.311154,48.463967],[-123.311186,48.464138],[-123.311246,48.464497],[-123.311267,48.464638],[-123.311272,48.464672],[-123.310317,48.464744],[-123.310322,48.464786],[-123.310157,48.464798],[-123.309518,48.464845],[-123.309069,48.464873]]}},{"type":"Feature","properties":{},"geometry":{"type":"LineString","coordinates":[[-123.310731,48.462055],[-123.310635,48.462063],[-123.310479,48.462196],[-123.310431,48.462175],[-123.310255,48.4621],[-123.31015,48.4621],[-123.310084,48.46211],[-123.310132,48.462364],[-123.310144,48.462424],[-123.310182,48.462644],[-123.310225,48.462888]]}},{"type":"Feature","properties":{},"geometry":{"type":"LineString","coordinates":[[-123.313068,48.462178],[-123.312687,48.462362]]}},{"type":"Feature","properties":{},"geometry":{"type":"LineString","coordinates":[[-123.312808,48.461731],[-123.313068,48.462178],[-123.313125,48.462282]]}},{"type":"Feature","properties":{},"geometry":{"type":"LineString","coordinates":[[-123.316037,48.461703],[-123.315899,48.461761],[-123.315836,48.461784],[-123.315712,48.461827]]}},{"type":"Feature","properties":{},"geometry":{"type":"LineString","coordinates":[[-123.315803,48.461745],[-123.315806,48.461713],[-123.31582,48.461683],[-123.315846,48.461655],[-123.31588,48.461633],[-123.315926,48.46162],[-123.315973,48.461615],[-123.31601,48.461612],[-123.31605,48.461606],[-123.316084,48.461596]]}},{"type":"Feature","properties":{},"geometry":{"type":"LineString","coordinates":[[-123.311906,48.461365],[-123.311988,48.461345],[-123.312074,48.461343],[-123.312165,48.461359],[-123.312237,48.461378],[-123.312342,48.461425],[-123.312443,48.461442],[-123.312557,48.461448],[-123.312685,48.461447],[-123.312746,48.461457],[-123.312811,48.461465],[-123.312865,48.461471],[-123.312906,48.46149],[-123.312955,48.461501]]}},{"type":"Feature","properties":{},"geometry":{"type":"LineString","coordinates":[[-123.313063,48.464994],[-123.313069,48.464953]]}},{"type":"Feature","properties":{},"geometry":{"type":"LineString","coordinates":[[-123.312556,48.465361],[-123.312193,48.46539]]}},{"type":"Feature","properties":{},"geometry":{"type":"LineString","coordinates":[[-123.309546,48.464355],[-123.309675,48.46417],[-123.309754,48.464116]]}},{"type":"Feature","properties":{},"geometry":{"type":"LineString","coordinates":[[-123.312808,48.461661],[-123.312944,48.461684]]}},{"type":"Feature","properties":{},"geometry":{"type":"LineString","coordinates":[[-123.314798,48.462789],[-123.314807,48.462839]]}},{"type":"Feature","properties":{},"geometry":{"type":"LineString","coordinates":[[-123.313302,48.463757],[-123.31334,48.463742],[-123.313455,48.463698]]}},{"type":"Feature","properties":{},"geometry":{"type":"LineString","coordinates":[[-123.314943,48.463277],[-123.315113,48.463362]]}},{"type":"Feature","properties":{},"geometry":{"type":"LineString","coordinates":[[-123.315214,48.464239],[-123.315079,48.464282]]}},{"type":"Feature","properties":{},"geometry":{"type":"LineString","coordinates":[[-123.313588,48.463976],[-123.313716,48.463968]]}},{"type":"Feature","properties":{},"geometry":{"type":"LineString","coordinates":[[-123.3122,48.462382],[-123.312222,48.462466]]}},{"type":"Feature","properties":{},"geometry":{"type":"LineString","coordinates":[[-123.313799,48.462238],[-123.313832,48.462401],[-123.3139,48.462396],[-123.313936,48.462492]]}},{"type":"Feature","properties":{},"geometry":{"type":"LineString","coordinates":[[-123.313621,48.463292],[-123.313621,48.463293],[-123.313629,48.463361]]}},{"type":"Feature","properties":{},"geometry":{"type":"LineString","coordinates":[[-123.30951,48.464158],[-123.309188,48.464183]]}},{"type":"Feature","properties":{},"geometry":{"type":"LineString","coordinates":[[-123.31391,48.464324],[-123.313925,48.464323]]}},{"type":"Feature","properties":{},"geometry":{"type":"LineString","coordinates":[[-123.311588,48.461227],[-123.311611,48.461255],[-123.311647,48.461278]]}},{"type":"Feature","properties":{},"geometry":{"type":"LineString","coordinates":[[-123.314805,48.463172],[-123.314628,48.463088]]}},{"type":"Feature","properties":{},"geometry":{"type":"LineString","coordinates":[[-123.310322,48.464786],[-123.310328,48.464827],[-123.310503,48.464924]]}},{"type":"Feature","properties":{},"geometry":{"type":"LineString","coordinates":[[-123.315302,48.464425],[-123.315297,48.464384]]}},{"type":"Feature","properties":{},"geometry":{"type":"LineString","coordinates":[[-123.313522,48.462905],[-123.313425,48.462911],[-123.313315,48.46292],[-123.313304,48.462865],[-123.313244,48.462869],[-123.3132,48.462659],[-123.313064,48.462669],[-123.313039,48.46233],[-123.313097,48.462325],[-123.313234,48.462314],[-123.31339,48.462299],[-123.313402,48.462378],[-123.313429,48.462555],[-123.313382,48.462588],[-123.31339,48.462647]]}},{"type":"Feature","properties":{},"geometry":{"type":"LineString","coordinates":[[-123.314093,48.464057],[-123.314103,48.464083]]}},{"type":"Feature","properties":{},"geometry":{"type":"LineString","coordinates":[[-123.308146,48.463849],[-123.308078,48.46384]]}},{"type":"Feature","properties":{},"geometry":{"type":"LineString","coordinates":[[-123.31399,48.463748],[-123.313761,48.463686],[-123.313674,48.463662]]}},{"type":"Feature","properties":{},"geometry":{"type":"LineString","coordinates":[[-123.310072,48.461659],[-123.310052,48.461577]]}},{"type":"Feature","properties":{},"geometry":{"type":"LineString","coordinates":[[-123.313505,48.464598],[-123.313489,48.464546]]}},{"type":"Feature","properties":{},"geometry":{"type":"LineString","coordinates":[[-123.311084,48.464508],[-123.310947,48.464516],[-123.31094,48.464474],[-123.310909,48.464301],[-123.310893,48.464207],[-123.310841,48.463909],[-123.31084,48.463901]]}},{"type":"Feature","properties":{},"geometry":{"type":"LineString","coordinates":[[-123.314064,48.464873],[-123.313825,48.464891]]}},{"type":"Feature","properties":{},"geometry":{"type":"LineString","coordinates":[[-123.310317,48.464744],[-123.310312,48.46463]]}},{"type":"Feature","properties":{},"geometry":{"type":"LineString","coordinates":[[-123.314584,48.464367],[-123.314577,48.464452]]}},{"type":"Feature","properties":{},"geometry":{"type":"LineString","coordinates":[[-123.311916,48.464689],[-123.311854,48.464595],[-123.311794,48.46464]]}},{"type":"Feature","properties":{},"geometry":{"type":"LineString","coordinates":[[-123.314566,48.463223],[-123.314541,48.463123]]}},{"type":"Feature","properties":{},"geometry":{"type":"LineString","coordinates":[[-123.313832,48.462884],[-123.313736,48.462891]]}},{"type":"Feature","properties":{},"geometry":{"type":"LineString","coordinates":[[-123.31322,48.464407],[-123.313071,48.46454]]}},{"type":"Feature","properties":{},"geometry":{"type":"LineString","coordinates":[[-123.313101,48.464706],[-123.313104,48.464671]]}},{"type":"Feature","properties":{},"geometry":{"type":"LineString","coordinates":[[-123.309056,48.462221],[-123.309048,48.462167]]}},{"type":"Feature","properties":{},"geometry":{"type":"LineString","coordinates":[[-123.311322,48.461235],[-123.311122,48.461249],[-123.311048,48.461255]]}},{"type":"Feature","properties":{},"geometry":{"type":"LineString","coordinates":[[-123.310647,48.461299],[-123.31069,48.461528]]}},{"type":"Feature","properties":{},"geometry":{"type":"LineString","coordinates":[[-123.312338,48.464944],[-123.312479,48.464946]]}},{"type":"Feature","properties":{},"geometry":{"type":"LineString","coordinates":[[-123.309452,48.461624],[-123.309493,48.461878]]}},{"type":"Feature","properties":{},"geometry":{"type":"LineString","coordinates":[[-123.311282,48.464794],[-123.311224,48.464985]]}},{"type":"Feature","properties":{},"geometry":{"type":"LineString","coordinates":[[-123.309542,48.462286],[-123.309503,48.462283]]}},{"type":"Feature","properties":{},"geometry":{"type":"LineString","coordinates":[[-123.314155,48.464728],[-123.314152,48.464704]]}},{"type":"Feature","properties":{},"geometry":{"type":"LineString","coordinates":[[-123.312665,48.464424],[-123.312648,48.464531]]}},{"type":"Feature","properties":{},"geometry":{"type":"LineString","coordinates":[[-123.312478,48.463925],[-123.312309,48.463941]]}},{"type":"Feature","properties":{},"geometry":{"type":"LineString","coordinates":[[-123.308523,48.462472],[-123.30853,48.462493]]}},{"type":"Feature","properties":{},"geometry":{"type":"LineString","coordinates":[[-123.310769,48.462606],[-123.310817,48.4626]]}},{"type":"Feature","properties":{},"geometry":{"type":"LineString","coordinates":[[-123.314138,48.463442],[-123.314032,48.463538],[-123.314007,48.463561]]}},{"type":"Feature","properties":{},"geometry":{"type":"LineString","coordinates":[[-123.310931,48.461551],[-123.310923,48.46151]]}},{"type":"Feature","properties":{},"geometry":{"type":"LineString","coordinates":[[-123.308716,48.461948],[-123.308623,48.461872]]}},{"type":"Feature","properties":{},"geometry":{"type":"LineString","coordinates":[[-123.313894,48.462695],[-123.313884,48.462613]]}},{"type":"Feature","properties":{},"geometry":{"type":"LineString","coordinates":[[-123.313057,48.463866],[-123.313038,48.463737],[-123.313034,48.463712]]}},{"type":"Feature","properties":{},"geometry":{"type":"LineString","coordinates":[[-123.314739,48.464666],[-123.314654,48.46475]]}},{"type":"Feature","properties":{},"geometry":{"type":"LineString","coordinates":[[-123.311272,48.464672],[-123.311282,48.464794]]}},{"type":"Feature","properties":{},"geometry":{"type":"LineString","coordinates":[[-123.312159,48.465255],[-123.312012,48.465376]]}},{"type":"Feature","properties":{},"geometry":{"type":"LineString","coordinates":[[-123.313962,48.465026],[-123.313848,48.465035]]}},{"type":"Feature","properties":{},"geometry":{"type":"LineString","coordinates":[[-123.311413,48.464708],[-123.311272,48.464672]]}},{"type":"Feature","properties":{},"geometry":{"type":"LineString","coordinates":[[-123.309574,48.462129],[-123.309621,48.462127],[-123.309623,48.462114]]}},{"type":"Feature","properties":{},"geometry":{"type":"LineString","coordinates":[[-123.31133,48.461587],[-123.311524,48.461572]]}},{"type":"Feature","properties":{},"geometry":{"type":"LineString","coordinates":[[-123.310123,48.461957],[-123.31015,48.4621]]}},{"type":"Feature","properties":{},"geometry":{"type":"LineString","coordinates":[[-123.313568,48.464992],[-123.313578,48.465076]]}},{"type":"Feature","properties":{},"geometry":{"type":"LineString","coordinates":[[-123.315149,48.464672],[-123.315239,48.464606]]}},{"type":"Feature","properties":{},"geometry":{"type":"LineString","coordinates":[[-123.309929,48.464015],[-123.309974,48.4639],[-123.310013,48.463802]]}},{"type":"Feature","properties":{},"geometry":{"type":"LineString","coordinates":[[-123.313088,48.464087],[-123.312846,48.464108],[-123.312343,48.464143]]}},{"type":"Feature","properties":{},"geometry":{"type":"LineString","coordinates":[[-123.31232,48.461754],[-123.311981,48.461779]]}},{"type":"Feature","properties":{},"geometry":{"type":"LineString","coordinates":[[-123.314088,48.464644],[-123.3141,48.464708]]}},{"type":"Feature","properties":{},"geometry":{"type":"LineString","coordinates":[[-123.312017,48.465189],[-123.312012,48.465376]]}},{"type":"Feature","properties":{},"geometry":{"type":"LineString","coordinates":[[-123.314419,48.46397],[-123.314463,48.464056]]}},{"type":"Feature","properties":{},"geometry":{"type":"LineString","coordinates":[[-123.311624,48.464612],[-123.311628,48.464632]]}},{"type":"Feature","properties":{},"geometry":{"type":"LineString","coordinates":[[-123.313959,48.462229],[-123.313988,48.462389],[-123.3139,48.462396]]}},{"type":"Feature","properties":{},"geometry":{"type":"LineString","coordinates":[[-123.31299,48.46437],[-123.313017,48.464539]]}},{"type":"Feature","properties":{},"geometry":{"type":"LineString","coordinates":[[-123.309159,48.463828],[-123.309181,48.463971]]}},{"type":"Feature","properties":{},"geometry":{"type":"LineString","coordinates":[[-123.3142,48.46325],[-123.314174,48.4632]]}},{"type":"Feature","properties":{},"geometry":{"type":"LineString","coordinates":[[-123.314211,48.463086],[-123.314321,48.463079]]}},{"type":"Feature","properties":{},"geometry":{"type":"LineString","coordinates":[[-123.313745,48.464148],[-123.313828,48.464108],[-123.313865,48.464094],[-123.313904,48.464082],[-123.313976,48.464078],[-123.314027,48.464072],[-123.314067,48.464064],[-123.314093,48.464057],[-123.314115,48.46403],[-123.314139,48.46401],[-123.314214,48.463995],[-123.314295,48.463984],[-123.314382,48.463971],[-123.314419,48.46397],[-123.31448,48.463963],[-123.314548,48.463947],[-123.314572,48.463944],[-123.314685,48.463942],[-123.314754,48.463944],[-123.31481,48.463939],[-123.31487,48.463943],[-123.314927,48.463958],[-123.315039,48.463986],[-123.315109,48.463996]]}},{"type":"Feature","properties":{},"geometry":{"type":"LineString","coordinates":[[-123.309148,48.463973],[-123.309181,48.463971],[-123.309473,48.463949]]}},{"type":"Feature","properties":{},"geometry":{"type":"LineString","coordinates":[[-123.311439,48.465404],[-123.311361,48.465473],[-123.31133,48.465501]]}},{"type":"Feature","properties":{},"geometry":{"type":"LineString","coordinates":[[-123.312558,48.465202],[-123.312514,48.465205],[-123.312492,48.465092]]}},{"type":"Feature","properties":{},"geometry":{"type":"LineString","coordinates":[[-123.310096,48.46516],[-123.310111,48.465178],[-123.310133,48.465192],[-123.310158,48.465202],[-123.310195,48.465205],[-123.310232,48.465203],[-123.311081,48.465139],[-123.311113,48.465141],[-123.311142,48.465145],[-123.311173,48.465155],[-123.311202,48.465168],[-123.311234,48.465184],[-123.311259,48.465199],[-123.311282,48.465219],[-123.311296,48.465241],[-123.311303,48.465268],[-123.311311,48.465293],[-123.31132,48.465335],[-123.311336,48.465442],[-123.311336,48.465468],[-123.31133,48.465501],[-123.311313,48.465537],[-123.311269,48.465584],[-123.311185,48.465653],[-123.311112,48.465713],[-123.311101,48.465722],[-123.311051,48.465755],[-123.310974,48.465813],[-123.310633,48.466085],[-123.310552,48.466155],[-123.31056,48.466205],[-123.310231,48.466238]]}},{"type":"Feature","properties":{},"geometry":{"type":"LineString","coordinates":[[-123.315684,48.464258],[-123.315765,48.46426],[-123.315816,48.464269]]}},{"type":"Feature","properties":{},"geometry":{"type":"LineString","coordinates":[[-123.311305,48.461474],[-123.31133,48.461587],[-123.311357,48.461697]]}},{"type":"Feature","properties":{},"geometry":{"type":"LineString","coordinates":[[-123.314006,48.463751],[-123.31399,48.463748],[-123.313954,48.463587],[-123.313949,48.463565]]}},{"type":"Feature","properties":{},"geometry":{"type":"LineString","coordinates":[[-123.313172,48.465132],[-123.31318,48.465052],[-123.313183,48.465008]]}},{"type":"Feature","properties":{},"geometry":{"type":"LineString","coordinates":[[-123.313534,48.464471],[-123.313623,48.464469],[-123.313633,48.464537]]}},{"type":"Feature","properties":{},"geometry":{"type":"LineString","coordinates":[[-123.314,48.464248],[-123.313904,48.464082],[-123.313683,48.46374]]}},{"type":"Feature","properties":{},"geometry":{"type":"LineString","coordinates":[[-123.314672,48.462507],[-123.314545,48.462517],[-123.314466,48.462523]]}},{"type":"Feature","properties":{},"geometry":{"type":"LineString","coordinates":[[-123.314139,48.46401],[-123.314123,48.463992],[-123.314059,48.463933]]}},{"type":"Feature","properties":{},"geometry":{"type":"LineString","coordinates":[[-123.312056,48.462381],[-123.312085,48.462544],[-123.312083,48.462557],[-123.312081,48.462668]]}},{"type":"Feature","properties":{},"geometry":{"type":"LineString","coordinates":[[-123.310038,48.461337],[-123.310021,48.461338],[-123.309878,48.461345]]}},{"type":"Feature","properties":{},"geometry":{"type":"LineString","coordinates":[[-123.310084,48.46211],[-123.310071,48.462042],[-123.309909,48.462055]]}},{"type":"Feature","properties":{},"geometry":{"type":"LineString","coordinates":[[-123.314889,48.462303],[-123.314767,48.46231],[-123.314578,48.462244],[-123.314494,48.46221]]}},{"type":"Feature","properties":{},"geometry":{"type":"LineString","coordinates":[[-123.316007,48.462209],[-123.315937,48.462214],[-123.315534,48.462104]]}},{"type":"Feature","properties":{},"geometry":{"type":"LineString","coordinates":[[-123.313057,48.463866],[-123.313088,48.464087],[-123.313118,48.464223],[-123.313149,48.464269],[-123.313189,48.464324],[-123.31322,48.464407],[-123.313249,48.464564]]}},{"type":"Feature","properties":{},"geometry":{"type":"LineString","coordinates":[[-123.309657,48.461852],[-123.309595,48.461856],[-123.309553,48.461614]]}},{"type":"Feature","properties":{},"geometry":{"type":"LineString","coordinates":[[-123.310239,48.462638],[-123.310182,48.462644],[-123.309969,48.462661]]}},{"type":"Feature","properties":{},"geometry":{"type":"LineString","coordinates":[[-123.311419,48.465209],[-123.311333,48.465276],[-123.311311,48.465293]]}},{"type":"Feature","properties":{},"geometry":{"type":"LineString","coordinates":[[-123.314387,48.464937],[-123.314426,48.464878]]}},{"type":"Feature","properties":{},"geometry":{"type":"LineString","coordinates":[[-123.315343,48.464553],[-123.31533,48.464564],[-123.315272,48.464623]]}},{"type":"Feature","properties":{},"geometry":{"type":"LineString","coordinates":[[-123.314272,48.464727],[-123.314424,48.464773],[-123.31449,48.464768]]}},{"type":"Feature","properties":{},"geometry":{"type":"LineString","coordinates":[[-123.3121,48.465527],[-123.311962,48.465443],[-123.312012,48.465376]]}},{"type":"Feature","properties":{},"geometry":{"type":"LineString","coordinates":[[-123.315514,48.464401],[-123.315453,48.464414],[-123.315302,48.464425],[-123.315224,48.464489]]}},{"type":"Feature","properties":{},"geometry":{"type":"LineString","coordinates":[[-123.315079,48.464202],[-123.315161,48.464228],[-123.315214,48.464239],[-123.315253,48.46423]]}},{"type":"Feature","properties":{},"geometry":{"type":"LineString","coordinates":[[-123.308623,48.461872],[-123.308737,48.46181],[-123.308718,48.461693]]}},{"type":"Feature","properties":{},"geometry":{"type":"LineString","coordinates":[[-123.311224,48.464985],[-123.311215,48.465074],[-123.311205,48.465149],[-123.311202,48.465168],[-123.311185,48.465179],[-123.311146,48.465204],[-123.311081,48.465234],[-123.310404,48.465286],[-123.310353,48.465293],[-123.310316,48.465309],[-123.310275,48.465334],[-123.31025,48.465367],[-123.310237,48.465399],[-123.310225,48.465459],[-123.310226,48.465474],[-123.31023,48.465491]]}},{"type":"Feature","properties":{},"geometry":{"type":"LineString","coordinates":[[-123.315105,48.462897],[-123.315131,48.462909],[-123.315157,48.462887],[-123.315144,48.462826]]}},{"type":"Feature","properties":{},"geometry":{"type":"LineString","coordinates":[[-123.315049,48.464077],[-123.315034,48.464044],[-123.315006,48.464012],[-123.314927,48.463958]]}},{"type":"Feature","properties":{},"geometry":{"type":"LineString","coordinates":[[-123.313799,48.464732],[-123.31402,48.464714],[-123.3141,48.464708],[-123.314152,48.464704],[-123.314217,48.464699]]}},{"type":"Feature","properties":{},"geometry":{"type":"LineString","coordinates":[[-123.31384,48.465285],[-123.313833,48.465244],[-123.313747,48.465236]]}},{"type":"Feature","properties":{},"geometry":{"type":"LineString","coordinates":[[-123.312424,48.465045],[-123.312351,48.465019],[-123.312307,48.465006],[-123.31223,48.465015],[-123.312059,48.465031],[-123.312015,48.46507]]}},{"type":"Feature","properties":{},"geometry":{"type":"LineString","coordinates":[[-123.315773,48.464338],[-123.315702,48.464355],[-123.315514,48.464401],[-123.315467,48.464443],[-123.315434,48.464476]]}},{"type":"Feature","properties":{},"geometry":{"type":"LineString","coordinates":[[-123.314382,48.463971],[-123.314445,48.463921],[-123.31455,48.463794],[-123.314502,48.463771],[-123.314457,48.46375],[-123.314389,48.463726]]}},{"type":"Feature","properties":{},"geometry":{"type":"LineString","coordinates":[[-123.314102,48.46425],[-123.314,48.464248],[-123.313909,48.464254],[-123.31391,48.464324],[-123.313774,48.464333]]}},{"type":"Feature","properties":{},"geometry":{"type":"LineString","coordinates":[[-123.309657,48.465249],[-123.309616,48.465173],[-123.30956,48.464998],[-123.309535,48.464929],[-123.309522,48.464868],[-123.309518,48.464845],[-123.309489,48.464661],[-123.309484,48.464624],[-123.309549,48.464565]]}},{"type":"Feature","properties":{},"geometry":{"type":"LineString","coordinates":[[-123.309508,48.461619],[-123.309471,48.461551],[-123.309439,48.46149],[-123.309426,48.461448],[-123.309422,48.46139],[-123.309458,48.461379]]}},{"type":"Feature","properties":{},"geometry":{"type":"LineString","coordinates":[[-123.31611,48.462718],[-123.315743,48.462733],[-123.315597,48.462745],[-123.315518,48.46277],[-123.315481,48.462819],[-123.315428,48.462905]]}},{"type":"Feature","properties":{},"geometry":{"type":"LineString","coordinates":[[-123.313926,48.463342],[-123.313908,48.46324],[-123.313929,48.46322],[-123.314174,48.4632],[-123.314249,48.463183],[-123.314364,48.463105]]}},{"type":"Feature","properties":{},"geometry":{"type":"LineString","coordinates":[[-123.31,48.461223],[-123.310021,48.461338],[-123.310033,48.461406],[-123.310077,48.461575]]}},{"type":"Feature","properties":{},"geometry":{"type":"LineString","coordinates":[[-123.311639,48.465484],[-123.311612,48.465496],[-123.311439,48.465404],[-123.311419,48.465209],[-123.311407,48.465129],[-123.311215,48.465074]]}},{"type":"Feature","properties":{},"geometry":{"type":"LineString","coordinates":[[-123.310033,48.461406],[-123.310141,48.461448],[-123.310222,48.461482],[-123.31029,48.461508],[-123.310381,48.461528],[-123.310461,48.461545]]}},{"type":"Feature","properties":{},"geometry":{"type":"LineString","coordinates":[[-123.315055,48.465008],[-123.314923,48.464817],[-123.314814,48.464766],[-123.314692,48.464773],[-123.314654,48.46475],[-123.31449,48.464768],[-123.314443,48.464744]]}},{"type":"Feature","properties":{},"geometry":{"type":"LineString","coordinates":[[-123.313504,48.464097],[-123.313533,48.464128],[-123.313573,48.464166],[-123.313607,48.464224],[-123.313644,48.464368],[-123.313778,48.4645]]}},{"type":"Feature","properties":{},"geometry":{"type":"LineString","coordinates":[[-123.315085,48.464265],[-123.315007,48.464273],[-123.314921,48.464284],[-123.314816,48.464308],[-123.314752,48.464343],[-123.314714,48.464393],[-123.314705,48.464461],[-123.31471,48.464518]]}},{"type":"Feature","properties":{},"geometry":{"type":"LineString","coordinates":[[-123.314572,48.463944],[-123.31455,48.463794],[-123.314559,48.463764],[-123.314589,48.463723],[-123.314612,48.463688],[-123.314622,48.46365],[-123.314601,48.463517]]}},{"type":"Feature","properties":{},"geometry":{"type":"LineString","coordinates":[[-123.3146,48.462564],[-123.31464,48.462798],[-123.314644,48.462812],[-123.314653,48.462825],[-123.314668,48.462835],[-123.314687,48.462843],[-123.31471,48.462847],[-123.314733,48.462846],[-123.314807,48.462839],[-123.315052,48.462819],[-123.315144,48.462826],[-123.315276,48.462849],[-123.315386,48.462887],[-123.315428,48.462905],[-123.315491,48.462937],[-123.31555,48.462973]]}},{"type":"Feature","properties":{},"geometry":{"type":"LineString","coordinates":[[-123.314692,48.464773],[-123.314644,48.464857],[-123.314426,48.464878],[-123.314421,48.464843],[-123.31449,48.464768]]}},{"type":"Feature","properties":{},"geometry":{"type":"LineString","coordinates":[[-123.314346,48.462885],[-123.31432,48.462787],[-123.314055,48.462806],[-123.314032,48.462683],[-123.313894,48.462695],[-123.313799,48.462702],[-123.313832,48.462884],[-123.313838,48.462919],[-123.314072,48.4629]]}},{"type":"Feature","properties":{},"geometry":{"type":"LineString","coordinates":[[-123.309021,48.464851],[-123.309028,48.464844],[-123.309265,48.46463],[-123.309303,48.464578],[-123.309438,48.464457],[-123.309521,48.464388],[-123.309546,48.464355],[-123.30951,48.464158],[-123.309473,48.463949],[-123.309447,48.463843]]}},{"type":"Feature","properties":{},"geometry":{"type":"LineString","coordinates":[[-123.315314,48.46394],[-123.315429,48.463976],[-123.315511,48.464001],[-123.315593,48.464014],[-123.315692,48.464022],[-123.315745,48.464028],[-123.315768,48.464051],[-123.315769,48.464072],[-123.315716,48.464071]]}},{"type":"Feature","properties":{},"geometry":{"type":"LineString","coordinates":[[-123.316451,48.467357],[-123.316572,48.467582],[-123.316681,48.467772],[-123.316813,48.468004],[-123.316818,48.468017],[-123.316815,48.46803],[-123.316801,48.468045],[-123.316778,48.468053],[-123.316674,48.468089],[-123.316532,48.468082],[-123.316468,48.468067],[-123.316373,48.46802],[-123.31633,48.467982],[-123.316304,48.467945]]}},{"type":"Feature","properties":{},"geometry":{"type":"LineString","coordinates":[[-123.316462,48.463323],[-123.316423,48.463474],[-123.316396,48.463547],[-123.316377,48.463632],[-123.316367,48.463697],[-123.316321,48.463801],[-123.316274,48.463892],[-123.316253,48.463932],[-123.316201,48.464047],[-123.316161,48.464105],[-123.316116,48.46417],[-123.316002,48.464312],[-123.31594,48.464399],[-123.315883,48.464473],[-123.315811,48.464536],[-123.315721,48.464636],[-123.315667,48.464683],[-123.315606,48.464738]]}},{"type":"Feature","properties":{},"geometry":{"type":"LineString","coordinates":[[-123.320407,48.462134],[-123.320402,48.462219],[-123.320397,48.462308],[-123.3204,48.462449],[-123.320393,48.462636],[-123.320384,48.462817],[-123.320368,48.463005],[-123.320356,48.463208],[-123.320348,48.463371],[-123.320372,48.463419],[-123.320388,48.463471],[-123.320388,48.463489],[-123.320386,48.463546],[-123.320383,48.463645],[-123.320357,48.463681],[-123.320323,48.463705],[-123.320303,48.463734],[-123.320286,48.463815],[-123.320266,48.463949],[-123.320245,48.464054],[-123.320238,48.464108],[-123.320253,48.464229],[-123.320241,48.464355],[-123.320217,48.46446],[-123.320204,48.464532],[-123.320164,48.46461],[-123.320122,48.464657],[-123.320093,48.464693],[-123.320072,48.46473],[-123.320076,48.464757],[-123.320096,48.464789],[-123.320139,48.464845],[-123.320156,48.464892],[-123.320174,48.464964],[-123.320182,48.46504],[-123.320185,48.465125],[-123.320186,48.465176],[-123.320166,48.465217],[-123.3201,48.46527],[-123.320056,48.46529],[-123.319988,48.465309],[-123.31992,48.465322],[-123.319831,48.465336],[-123.319792,48.465349],[-123.319707,48.465365],[-123.319628,48.465395],[-123.319555,48.465431],[-123.319526,48.465463]]}},{"type":"Feature","properties":{},"geometry":{"type":"LineString","coordinates":[[-123.310556,48.466304],[-123.31057,48.466312]]}},{"type":"Feature","properties":{},"geometry":{"type":"LineString","coordinates":[[-123.310667,48.466256],[-123.310633,48.466085]]}},{"type":"Feature","properties":{},"geometry":{"type":"LineString","coordinates":[[-123.309479,48.466366],[-123.309335,48.466459]]}},{"type":"Feature","properties":{},"geometry":{"type":"LineString","coordinates":[[-123.31145,48.466721],[-123.311392,48.466679]]}},{"type":"Feature","properties":{},"geometry":{"type":"LineString","coordinates":[[-123.312238,48.466063],[-123.312101,48.466086]]}},{"type":"Feature","properties":{},"geometry":{"type":"LineString","coordinates":[[-123.308876,48.466623],[-123.308953,48.466591]]}},{"type":"Feature","properties":{},"geometry":{"type":"LineString","coordinates":[[-123.310003,48.466735],[-123.309912,48.466804]]}},{"type":"Feature","properties":{},"geometry":{"type":"LineString","coordinates":[[-123.311183,48.466942],[-123.310989,48.466834]]}},{"type":"Feature","properties":{},"geometry":{"type":"LineString","coordinates":[[-123.314523,48.465982],[-123.314393,48.46598]]}},{"type":"Feature","properties":{},"geometry":{"type":"LineString","coordinates":[[-123.310826,48.467163],[-123.310818,48.467047]]}},{"type":"Feature","properties":{},"geometry":{"type":"LineString","coordinates":[[-123.310128,48.466337],[-123.310198,48.46657]]}},{"type":"Feature","properties":{},"geometry":{"type":"LineString","coordinates":[[-123.310517,48.467283],[-123.310726,48.467179]]}},{"type":"Feature","properties":{},"geometry":{"type":"LineString","coordinates":[[-123.309399,48.466084],[-123.309528,48.466151]]}},{"type":"Feature","properties":{},"geometry":{"type":"LineString","coordinates":[[-123.308793,48.467258],[-123.308937,48.467115]]}},{"type":"Feature","properties":{},"geometry":{"type":"LineString","coordinates":[[-123.310875,48.465786],[-123.310974,48.465813],[-123.311128,48.465858],[-123.3115,48.465905],[-123.311549,48.465909],[-123.311586,48.465904],[-123.311628,48.465886],[-123.311656,48.465877],[-123.311742,48.465879],[-123.311823,48.465884],[-123.311875,48.465902],[-123.311917,48.465927],[-123.311937,48.465947],[-123.311949,48.465968],[-123.311957,48.46599],[-123.311956,48.46603],[-123.311883,48.466169],[-123.311847,48.466236],[-123.311799,48.466329],[-123.311753,48.466413],[-123.31173,48.466466],[-123.311696,48.46651],[-123.311654,48.466548],[-123.31145,48.466721],[-123.311183,48.466942],[-123.310915,48.467158],[-123.310729,48.467291],[-123.310693,48.467316],[-123.310662,48.467326],[-123.310621,48.467328],[-123.310579,48.467318],[-123.310517,48.467283],[-123.310386,48.467211]]}},{"type":"Feature","properties":{},"geometry":{"type":"LineString","coordinates":[[-123.313572,48.466066],[-123.313526,48.466048],[-123.313396,48.465934],[-123.313354,48.4659]]}},{"type":"Feature","properties":{},"geometry":{"type":"LineString","coordinates":[[-123.317127,48.466969],[-123.316343,48.467182],[-123.316281,48.467199]]}},{"type":"Feature","properties":{},"geometry":{"type":"LineString","coordinates":[[-123.315138,48.466195],[-123.314716,48.466309],[-123.314419,48.466388]]}},{"type":"Feature","properties":{},"geometry":{"type":"LineString","coordinates":[[-123.312299,48.46609],[-123.312394,48.466035],[-123.312626,48.465951]]}},{"type":"Feature","properties":{},"geometry":{"type":"LineString","coordinates":[[-123.313991,48.465869],[-123.313959,48.46566],[-123.313933,48.465599]]}},{"type":"Feature","properties":{},"geometry":{"type":"LineString","coordinates":[[-123.310491,48.466375],[-123.310365,48.466384],[-123.310366,48.466404]]}},{"type":"Feature","properties":{},"geometry":{"type":"LineString","coordinates":[[-123.310495,48.466405],[-123.310491,48.466375],[-123.310487,48.466348]]}},{"type":"Feature","properties":{},"geometry":{"type":"LineString","coordinates":[[-123.317239,48.467167],[-123.316451,48.467357],[-123.316385,48.467375]]}},{"type":"Feature","properties":{},"geometry":{"type":"LineString","coordinates":[[-123.309009,48.466628],[-123.308953,48.466591],[-123.308855,48.466552]]}},{"type":"Feature","properties":{},"geometry":{"type":"LineString","coordinates":[[-123.313959,48.46566],[-123.314009,48.465663],[-123.314249,48.465738],[-123.314288,48.465778],[-123.314299,48.465826]]}},{"type":"Feature","properties":{},"geometry":{"type":"LineString","coordinates":[[-123.311925,48.466253],[-123.31189,48.466246],[-123.311847,48.466236],[-123.3117,48.466208],[-123.311342,48.466154]]}},{"type":"Feature","properties":{},"geometry":{"type":"LineString","coordinates":[[-123.314419,48.468691],[-123.314424,48.468634],[-123.314415,48.468554],[-123.314408,48.468477],[-123.314395,48.468343]]}},{"type":"Feature","properties":{},"geometry":{"type":"LineString","coordinates":[[-123.311853,48.466399],[-123.311916,48.46641],[-123.31204,48.466432],[-123.3124,48.466629],[-123.312512,48.46669]]}},{"type":"Feature","properties":{},"geometry":{"type":"LineString","coordinates":[[-123.307863,48.467362],[-123.307948,48.467422],[-123.308074,48.467508],[-123.308178,48.467576],[-123.308259,48.467625],[-123.308351,48.467687],[-123.30843,48.467751],[-123.308496,48.467793],[-123.308561,48.467826],[-123.308655,48.467864],[-123.308738,48.467898],[-123.308796,48.467928],[-123.308917,48.467999],[-123.308955,48.468019],[-123.309011,48.468049],[-123.309525,48.468341],[-123.309819,48.468505],[-123.309881,48.468541]]}},{"type":"Feature","properties":{},"geometry":{"type":"LineString","coordinates":[[-123.315892,48.466408],[-123.31618,48.466913],[-123.316343,48.467182],[-123.316451,48.467357]]}},{"type":"Feature","properties":{},"geometry":{"type":"LineString","coordinates":[[-123.311216,48.466218],[-123.310667,48.466256],[-123.310591,48.466323],[-123.310495,48.466405],[-123.310512,48.466507]]}},{"type":"Feature","properties":{},"geometry":{"type":"LineString","coordinates":[[-123.312089,48.465987],[-123.312238,48.466063],[-123.312299,48.46609],[-123.312369,48.466124]]}},{"type":"Feature","properties":{},"geometry":{"type":"LineString","coordinates":[[-123.314373,48.465542],[-123.314394,48.465552],[-123.31441,48.465565],[-123.314574,48.465724],[-123.314586,48.465747],[-123.31458,48.465764],[-123.314561,48.465779],[-123.314536,48.465787],[-123.314312,48.465848]]}},{"type":"Feature","properties":{},"geometry":{"type":"LineString","coordinates":[[-123.31056,48.466205],[-123.310556,48.466244],[-123.310524,48.466287],[-123.310483,48.466313],[-123.310128,48.466337],[-123.310041,48.46635]]}},{"type":"Feature","properties":{},"geometry":{"type":"LineString","coordinates":[[-123.314716,48.466309],[-123.314649,48.466196],[-123.314523,48.465982],[-123.314509,48.465958],[-123.314474,48.465896],[-123.314476,48.465872],[-123.314494,48.465856],[-123.314719,48.465792]]}},{"type":"Feature","properties":{},"geometry":{"type":"LineString","coordinates":[[-123.30998,48.466358],[-123.309938,48.466519],[-123.309925,48.466644],[-123.309913,48.46677],[-123.309912,48.466804],[-123.309908,48.466943]]}},{"type":"Feature","properties":{},"geometry":{"type":"LineString","coordinates":[[-123.310226,48.4657],[-123.310084,48.465633],[-123.310044,48.465625],[-123.309978,48.465602],[-123.309889,48.465576],[-123.309826,48.46555],[-123.309705,48.465498]]}},{"type":"Feature","properties":{},"geometry":{"type":"LineString","coordinates":[[-123.310427,48.465801],[-123.310515,48.465848],[-123.310528,48.465885],[-123.310517,48.465979],[-123.310517,48.466048],[-123.310538,48.466102],[-123.310552,48.466155]]}},{"type":"Feature","properties":{},"geometry":{"type":"LineString","coordinates":[[-123.310226,48.4657],[-123.310249,48.465643],[-123.310214,48.465594],[-123.310177,48.465571],[-123.310084,48.465633],[-123.310014,48.465643],[-123.309948,48.465672],[-123.309866,48.465728],[-123.3098,48.465771],[-123.309691,48.465833],[-123.309627,48.465905],[-123.309399,48.466084],[-123.309097,48.466336]]}},{"type":"Feature","properties":{},"geometry":{"type":"LineString","coordinates":[[-123.310123,48.466081],[-123.310231,48.466159],[-123.310244,48.466197],[-123.310231,48.466238],[-123.310091,48.466326],[-123.310041,48.46635],[-123.30998,48.466358],[-123.309938,48.466399],[-123.309655,48.466615],[-123.309514,48.466609]]}},{"type":"Feature","properties":{},"geometry":{"type":"LineString","coordinates":[[-123.318404,48.470407],[-123.318676,48.470173],[-123.318678,48.469935]]}},{"type":"Feature","properties":{},"geometry":{"type":"LineString","coordinates":[[-123.318161,48.470397],[-123.318678,48.469935],[-123.318848,48.469781],[-123.318952,48.469691],[-123.319265,48.469411],[-123.319358,48.469327],[-123.319655,48.469065],[-123.320058,48.469322],[-123.319358,48.469327]]}},{"type":"Feature","properties":{},"geometry":{"type":"LineString","coordinates":[[-123.318904,48.468614],[-123.31894,48.468686],[-123.318991,48.468789],[-123.318993,48.468803],[-123.318992,48.468817],[-123.318988,48.468831],[-123.318979,48.468845],[-123.318935,48.468883],[-123.318814,48.468989]]}},{"type":"Feature","properties":{},"geometry":{"type":"LineString","coordinates":[[-123.318935,48.468883],[-123.318997,48.468915]]}},{"type":"Feature","properties":{},"geometry":{"type":"LineString","coordinates":[[-123.312341,48.464126],[-123.31228,48.464152],[-123.312193,48.46419],[-123.312109,48.464215],[-123.312035,48.464232],[-123.311949,48.464246],[-123.311888,48.464249],[-123.311801,48.464254],[-123.311692,48.464255],[-123.311633,48.464252],[-123.311542,48.46424],[-123.311464,48.464226],[-123.311342,48.464192],[-123.311186,48.464138]]}},{"type":"Feature","properties":{},"geometry":{"type":"LineString","coordinates":[[-123.311154,48.463967],[-123.311262,48.463958]]}},{"type":"Feature","properties":{},"geometry":{"type":"LineString","coordinates":[[-123.311758,48.463751],[-123.311763,48.463802],[-123.311764,48.463814],[-123.311765,48.463885]]}},{"type":"Feature","properties":{},"geometry":{"type":"LineString","coordinates":[[-123.311356,48.464445],[-123.311342,48.464192],[-123.311338,48.464031]]}},{"type":"Feature","properties":{},"geometry":{"type":"LineString","coordinates":[[-123.312346,48.464162],[-123.31217,48.464316],[-123.312032,48.464437]]}},{"type":"Feature","properties":{},"geometry":{"type":"LineString","coordinates":[[-123.311311,48.464492],[-123.31133,48.464467],[-123.311356,48.464445],[-123.311421,48.464399],[-123.311482,48.464361],[-123.31154,48.464325],[-123.311624,48.464286],[-123.311692,48.464255]]}},{"type":"Feature","properties":{},"geometry":{"type":"LineString","coordinates":[[-123.312308,48.464418],[-123.312282,48.464384],[-123.312242,48.464349],[-123.31217,48.464316],[-123.312134,48.464301],[-123.312066,48.464276],[-123.312019,48.464263],[-123.311949,48.464246]]}},{"type":"Feature","properties":{},"geometry":{"type":"LineString","coordinates":[[-123.303411,48.464274],[-123.303392,48.464288],[-123.303382,48.464296],[-123.302863,48.464715]]}},{"type":"Feature","properties":{},"geometry":{"type":"LineString","coordinates":[[-123.305738,48.468554],[-123.307219,48.469352],[-123.307442,48.469473]]}},{"type":"Feature","properties":{},"geometry":{"type":"LineString","coordinates":[[-123.315693,48.463799],[-123.315479,48.463867],[-123.315314,48.46394],[-123.315198,48.463976],[-123.315109,48.463996],[-123.31507,48.464038],[-123.315049,48.464077],[-123.315071,48.464152],[-123.315079,48.464202],[-123.315085,48.464265],[-123.315079,48.464282],[-123.31507,48.464289]]}},{"type":"Feature","properties":{},"geometry":{"type":"LineString","coordinates":[[-123.315677,48.464464],[-123.315579,48.464578],[-123.315504,48.464662],[-123.315442,48.464719],[-123.315315,48.464818],[-123.315212,48.464895],[-123.315055,48.465008],[-123.315009,48.465042],[-123.3149,48.465111],[-123.314731,48.465204],[-123.314553,48.465291],[-123.314407,48.465357],[-123.314264,48.465421],[-123.314101,48.465485],[-123.314015,48.465516],[-123.313914,48.465547],[-123.313719,48.465607],[-123.313516,48.465657],[-123.313264,48.465709],[-123.313028,48.465749],[-123.31279,48.465779],[-123.312516,48.4658],[-123.312286,48.465811],[-123.312054,48.465811],[-123.311937,48.465807],[-123.311634,48.465788],[-123.311455,48.465774],[-123.311259,48.46575],[-123.311101,48.465722],[-123.31101,48.465705],[-123.310863,48.465673],[-123.310767,48.465651],[-123.310725,48.465642],[-123.310565,48.465598],[-123.310397,48.465549],[-123.310277,48.46551],[-123.31023,48.465491],[-123.310161,48.465464],[-123.310082,48.465436],[-123.309942,48.465385],[-123.30984,48.465339],[-123.309771,48.465305],[-123.309657,48.465249],[-123.309483,48.465148],[-123.309306,48.465038],[-123.309173,48.464947],[-123.309069,48.464873],[-123.309028,48.464844],[-123.308955,48.464787],[-123.308894,48.464736],[-123.308843,48.464695],[-123.308746,48.46461],[-123.308643,48.464503],[-123.30852,48.464367],[-123.308421,48.464234],[-123.308354,48.464136],[-123.308301,48.464036],[-123.30826,48.463957],[-123.308211,48.463857],[-123.308178,48.463785],[-123.308138,48.463676],[-123.308105,48.463559],[-123.308073,48.463432],[-123.308058,48.463322],[-123.308045,48.463158],[-123.308044,48.463139],[-123.308041,48.463052],[-123.308042,48.462928],[-123.308064,48.462824],[-123.308077,48.462759],[-123.308096,48.462697],[-123.308147,48.462575],[-123.308168,48.462485],[-123.308162,48.462443],[-123.308171,48.462395],[-123.308206,48.462312],[-123.308305,48.462128],[-123.308326,48.462093],[-123.308335,48.462077],[-123.308348,48.462054],[-123.308381,48.46201],[-123.308461,48.461911],[-123.308533,48.461816],[-123.308571,48.461757],[-123.308618,48.461703]]}},{"type":"Feature","properties":{},"geometry":{"type":"LineString","coordinates":[[-123.314281,48.4603],[-123.31429,48.460401],[-123.314274,48.460473],[-123.31426,48.460547],[-123.314274,48.460601],[-123.314269,48.46064],[-123.314222,48.460692],[-123.314162,48.460763],[-123.314071,48.460895],[-123.314034,48.460957],[-123.314007,48.461031],[-123.313994,48.461119]]}},{"type":"Feature","properties":{},"geometry":{"type":"LineString","coordinates":[[-123.309691,48.465833],[-123.309705,48.465498],[-123.30969,48.465415],[-123.3097,48.46537],[-123.309733,48.465339],[-123.309771,48.465305]]}},{"type":"Feature","properties":{},"geometry":{"type":"LineString","coordinates":[[-123.304899,48.46923],[-123.304859,48.469262],[-123.304697,48.46939],[-123.303867,48.470039],[-123.303753,48.470133]]}},{"type":"Feature","properties":{},"geometry":{"type":"LineString","coordinates":[[-123.30476,48.46667],[-123.304859,48.46664],[-123.304956,48.466617],[-123.305052,48.466595],[-123.305142,48.46658],[-123.305252,48.46657],[-123.305361,48.466569],[-123.305473,48.466575],[-123.30551,48.466582],[-123.30554,48.466587],[-123.305571,48.466592],[-123.305632,48.466613],[-123.305663,48.466623],[-123.305746,48.466661],[-123.305816,48.466705],[-123.305879,48.466763],[-123.305928,48.466826],[-123.30594,48.466846],[-123.305956,48.466871],[-123.305967,48.466902],[-123.305972,48.466956],[-123.305972,48.466973],[-123.305971,48.466999],[-123.305968,48.467025],[-123.305949,48.46708],[-123.305932,48.467121],[-123.305868,48.467205]]}},{"type":"Feature","properties":{},"geometry":{"type":"LineString","coordinates":[[-123.30476,48.46667],[-123.304669,48.466714],[-123.304588,48.466758],[-123.304512,48.466807],[-123.304449,48.466858],[-123.304393,48.46691],[-123.304338,48.466974],[-123.304291,48.467039],[-123.304266,48.46707],[-123.304236,48.467109],[-123.304202,48.467139],[-123.304143,48.467192],[-123.304068,48.467255],[-123.304032,48.467295],[-123.304012,48.467332],[-123.304001,48.467369],[-123.303999,48.467408],[-123.30401,48.467465],[-123.304048,48.467524],[-123.304083,48.46756],[-123.30413,48.467592],[-123.304156,48.467609],[-123.304193,48.467624],[-123.304235,48.467635],[-123.304294,48.467649],[-123.304368,48.467652],[-123.304429,48.467642],[-123.304519,48.467624],[-123.304683,48.467614],[-123.304793,48.467608],[-123.304897,48.467612],[-123.305038,48.467629],[-123.305095,48.46763],[-123.305143,48.467623]]}},{"type":"Feature","properties":{},"geometry":{"type":"LineString","coordinates":[[-123.304248,48.461857],[-123.304219,48.461756],[-123.304067,48.461657],[-123.303899,48.461575],[-123.303799,48.461525],[-123.303729,48.461515],[-123.303678,48.461521],[-123.303552,48.461593],[-123.303473,48.461644],[-123.30344,48.461653],[-123.303401,48.461645],[-123.303041,48.461447],[-123.302865,48.461395],[-123.302682,48.461374],[-123.302434,48.461351],[-123.302221,48.46133],[-123.302132,48.461328],[-123.302034,48.461326],[-123.301824,48.461371]]}},{"type":"Feature","properties":{},"geometry":{"type":"LineString","coordinates":[[-123.306555,48.465556],[-123.306413,48.465526],[-123.306241,48.465477],[-123.306061,48.465447],[-123.305867,48.465363],[-123.30574,48.465289],[-123.305614,48.465226],[-123.305441,48.465173],[-123.305157,48.465098],[-123.305044,48.465032],[-123.30488,48.464938],[-123.30469,48.464825],[-123.304554,48.464755],[-123.304204,48.464556],[-123.304014,48.464453],[-123.303809,48.464334],[-123.303647,48.464225],[-123.303597,48.464178],[-123.303558,48.464097],[-123.30349,48.464046],[-123.303477,48.464039],[-123.303372,48.463976],[-123.303223,48.463894],[-123.303147,48.463837],[-123.303102,48.463789],[-123.303079,48.463712],[-123.303043,48.463559],[-123.303031,48.463526],[-123.303019,48.463489],[-123.302987,48.463444],[-123.30288,48.463338],[-123.302866,48.463324],[-123.302829,48.463287],[-123.302794,48.463226],[-123.302755,48.46313],[-123.302747,48.463023],[-123.302742,48.462845],[-123.302713,48.462692],[-123.3027,48.462621],[-123.30269,48.462564],[-123.302661,48.462401],[-123.302671,48.462309],[-123.302706,48.462255],[-123.302764,48.462207]]}},{"type":"Feature","properties":{},"geometry":{"type":"LineString","coordinates":[[-123.303022,48.46204],[-123.303124,48.462002],[-123.303277,48.461937],[-123.303405,48.461876],[-123.303555,48.461805],[-123.303728,48.461764],[-123.303998,48.461707],[-123.304067,48.461657],[-123.304136,48.461612],[-123.304211,48.461555],[-123.30425,48.461518],[-123.3043,48.461451],[-123.304324,48.461416],[-123.304376,48.461377],[-123.304427,48.461342],[-123.304483,48.461318],[-123.304583,48.461308],[-123.304664,48.461317],[-123.3047,48.461313],[-123.304795,48.461272],[-123.304874,48.461257],[-123.305003,48.461227],[-123.305068,48.461199],[-123.305163,48.461161],[-123.305257,48.461121],[-123.305294,48.461101],[-123.305384,48.461084],[-123.30547,48.46107],[-123.305538,48.461053],[-123.305671,48.461004],[-123.30587,48.460963],[-123.306007,48.460877],[-123.306078,48.460876],[-123.306167,48.460814],[-123.30623,48.460753],[-123.306318,48.460682],[-123.306388,48.460626],[-123.306528,48.460543],[-123.306639,48.460461],[-123.30674,48.460409],[-123.306814,48.460373],[-123.306906,48.460365],[-123.306984,48.460336],[-123.307024,48.460343],[-123.307077,48.460362],[-123.307141,48.460396],[-123.307202,48.460466],[-123.307282,48.460537],[-123.307741,48.460808],[-123.307831,48.460816],[-123.307938,48.460822],[-123.308086,48.460833],[-123.308195,48.460841],[-123.308259,48.46086],[-123.30834,48.460895],[-123.308456,48.460934],[-123.308546,48.460964],[-123.308614,48.460981],[-123.308671,48.460962],[-123.308724,48.460914],[-123.308767,48.46082],[-123.308769,48.460739],[-123.308776,48.460642],[-123.308801,48.460561],[-123.308828,48.460499],[-123.308903,48.460474],[-123.30901,48.460454],[-123.309159,48.460443],[-123.309239,48.460444],[-123.3093,48.460484],[-123.309331,48.460561],[-123.309363,48.460612],[-123.309444,48.460645],[-123.309552,48.460679],[-123.309654,48.460686],[-123.30976,48.460685],[-123.309824,48.460671],[-123.309857,48.460659],[-123.309882,48.460604],[-123.309919,48.460525],[-123.309937,48.460475],[-123.309949,48.460435],[-123.30999,48.460394],[-123.310071,48.46036],[-123.31016,48.460275],[-123.3102,48.460192],[-123.310282,48.460146],[-123.310407,48.460099],[-123.310502,48.460053],[-123.310596,48.460001],[-123.310662,48.459958],[-123.310738,48.459918],[-123.310765,48.459879],[-123.310848,48.459823],[-123.310904,48.459796],[-123.310959,48.459746],[-123.311016,48.4597],[-123.311058,48.459648],[-123.311137,48.459597],[-123.311216,48.459566],[-123.311311,48.459539],[-123.31143,48.459531],[-123.311545,48.459523],[-123.311645,48.459544],[-123.311693,48.459535],[-123.31176,48.459525],[-123.311889,48.459386],[-123.312055,48.459298],[-123.312166,48.459295],[-123.312246,48.459292],[-123.312322,48.45929],[-123.312386,48.459293],[-123.312448,48.459321],[-123.312495,48.459341],[-123.312539,48.459377],[-123.312576,48.459415],[-123.312638,48.459455],[-123.312658,48.459463],[-123.312709,48.459485],[-123.312808,48.459509],[-123.312879,48.459533],[-123.312953,48.459559],[-123.313005,48.459588],[-123.313111,48.45962],[-123.313242,48.459637],[-123.313348,48.459654],[-123.313449,48.459657],[-123.313556,48.459643],[-123.313659,48.459601],[-123.313744,48.459543],[-123.313848,48.459483],[-123.313949,48.459457],[-123.314024,48.459445],[-123.314172,48.459487],[-123.314388,48.459571],[-123.314504,48.459604],[-123.314596,48.459615],[-123.314703,48.459618],[-123.314769,48.459609]]}},{"type":"Feature","properties":{},"geometry":{"type":"LineString","coordinates":[[-123.308793,48.468907],[-123.309268,48.469189],[-123.309905,48.469548],[-123.310669,48.46997],[-123.310804,48.470046]]}},{"type":"Feature","properties":{},"geometry":{"type":"LineString","coordinates":[[-123.308793,48.468907],[-123.308842,48.46887],[-123.309032,48.468722],[-123.309087,48.46868],[-123.309111,48.468661],[-123.309369,48.468461],[-123.309379,48.468453],[-123.309525,48.468341],[-123.30957,48.468292]]}},{"type":"Feature","properties":{},"geometry":{"type":"LineString","coordinates":[[-123.31032,48.469196],[-123.310239,48.469277],[-123.309905,48.469548]]}},{"type":"Feature","properties":{},"geometry":{"type":"LineString","coordinates":[[-123.312374,48.468593],[-123.312372,48.468567],[-123.312376,48.468539],[-123.312402,48.468499],[-123.312409,48.468449],[-123.312405,48.468378],[-123.312386,48.468313],[-123.31235,48.468247],[-123.311893,48.46748],[-123.311849,48.467492],[-123.311737,48.467576],[-123.311706,48.467576],[-123.310979,48.467192]]}},{"type":"Feature","properties":{},"geometry":{"type":"LineString","coordinates":[[-123.313233,48.470235],[-123.313163,48.470172],[-123.31303,48.470095],[-123.312957,48.470049],[-123.312893,48.470017],[-123.312846,48.469989],[-123.312702,48.469919],[-123.312103,48.469623],[-123.312076,48.469574],[-123.311935,48.469506],[-123.311871,48.469477]]}},{"type":"Feature","properties":{},"geometry":{"type":"LineString","coordinates":[[-123.304474,48.465918],[-123.304311,48.465987],[-123.303964,48.46628],[-123.303779,48.466464],[-123.303644,48.466571],[-123.30357,48.466642],[-123.303555,48.466777],[-123.30338,48.466955],[-123.303163,48.467143],[-123.302986,48.46729],[-123.302826,48.467408],[-123.302737,48.467474],[-123.30258,48.467592],[-123.302364,48.467772],[-123.302224,48.46786],[-123.302122,48.467915],[-123.302014,48.46798],[-123.301931,48.468042],[-123.301809,48.46809],[-123.301736,48.468145],[-123.301633,48.468213],[-123.301491,48.468286],[-123.301486,48.468289],[-123.301368,48.468362],[-123.301281,48.468407],[-123.301229,48.468495]]}},{"type":"Feature","properties":{},"geometry":{"type":"LineString","coordinates":[[-123.302737,48.467474],[-123.30266,48.467483],[-123.302467,48.467437]]}},{"type":"Feature","properties":{},"geometry":{"type":"LineString","coordinates":[[-123.320897,48.460533],[-123.320761,48.460655],[-123.320752,48.460777],[-123.32067,48.460861],[-123.320141,48.461246],[-123.31998,48.461362],[-123.319804,48.461429],[-123.31968,48.461475],[-123.319631,48.461493],[-123.31959,48.461503]]}},{"type":"Feature","properties":{},"geometry":{"type":"LineString","coordinates":[[-123.30417,48.469339],[-123.304113,48.469359],[-123.304054,48.469372],[-123.303943,48.469386],[-123.303868,48.469404],[-123.303748,48.469408],[-123.303702,48.469395],[-123.3036,48.469377],[-123.303544,48.46935],[-123.303485,48.469333],[-123.303409,48.469329]]}},{"type":"Feature","properties":{},"geometry":{"type":"LineString","coordinates":[[-123.303867,48.470039],[-123.303817,48.470011],[-123.303773,48.469986],[-123.303734,48.4699],[-123.303686,48.469859],[-123.303643,48.469767],[-123.303598,48.469657],[-123.303556,48.469599],[-123.303466,48.469542],[-123.303426,48.469459],[-123.303393,48.469371],[-123.303409,48.469329],[-123.303417,48.469295],[-123.30341,48.469242],[-123.303437,48.469164],[-123.303479,48.469107],[-123.303492,48.469032],[-123.303474,48.46894]]}},{"type":"Feature","properties":{},"geometry":{"type":"LineString","coordinates":[[-123.303054,48.469776],[-123.302932,48.469738],[-123.302793,48.469707],[-123.302625,48.469672],[-123.30253,48.469633],[-123.302485,48.469615],[-123.302412,48.469585],[-123.302307,48.469555],[-123.302226,48.469516],[-123.302209,48.469491],[-123.302164,48.46946],[-123.302126,48.469396],[-123.302081,48.469363],[-123.301979,48.469316],[-123.301861,48.469297],[-123.301739,48.469224],[-123.301706,48.469172],[-123.301592,48.469124],[-123.301449,48.469038],[-123.301344,48.468977],[-123.301304,48.468935],[-123.301172,48.468865],[-123.301109,48.468803],[-123.301005,48.468681]]}},{"type":"Feature","properties":{},"geometry":{"type":"LineString","coordinates":[[-123.303333,48.469047],[-123.303406,48.469],[-123.303474,48.46894]]}},{"type":"Feature","properties":{},"geometry":{"type":"LineString","coordinates":[[-123.302485,48.469615],[-123.302383,48.469671],[-123.302338,48.469705],[-123.302287,48.46973]]}},{"type":"Feature","properties":{},"geometry":{"type":"LineString","coordinates":[[-123.303556,48.469599],[-123.303456,48.469655],[-123.303384,48.469702],[-123.30332,48.469718],[-123.303243,48.469725],[-123.303145,48.469748],[-123.303054,48.469776],[-123.303021,48.469786],[-123.302892,48.469827],[-123.302848,48.469857],[-123.302838,48.469875],[-123.302867,48.469916],[-123.302848,48.46995],[-123.302786,48.469986],[-123.302702,48.469991],[-123.302626,48.469971],[-123.302502,48.469925],[-123.302426,48.469883],[-123.302392,48.469798],[-123.302336,48.469764],[-123.302287,48.46973],[-123.302213,48.469705],[-123.302146,48.469701],[-123.302065,48.469638],[-123.301975,48.469601],[-123.301926,48.46958],[-123.301884,48.469543],[-123.301849,48.469485],[-123.30184,48.469437],[-123.301784,48.469383],[-123.301713,48.469364],[-123.301628,48.469356],[-123.301555,48.469358],[-123.301437,48.469344],[-123.301374,48.469333],[-123.301324,48.469301],[-123.301282,48.469283],[-123.301201,48.469266],[-123.30114,48.469234],[-123.301118,48.469206]]}},{"type":"Feature","properties":{},"geometry":{"type":"LineString","coordinates":[[-123.303773,48.469986],[-123.303671,48.469932],[-123.303613,48.469937],[-123.30352,48.46991],[-123.303451,48.469882],[-123.303396,48.469835],[-123.30331,48.469772],[-123.303243,48.469725]]}},{"type":"Feature","properties":{},"geometry":{"type":"LineString","coordinates":[[-123.302126,48.469396],[-123.302218,48.469354],[-123.302272,48.469319],[-123.302369,48.469292],[-123.302449,48.46925],[-123.302487,48.469221],[-123.302494,48.469187],[-123.30248,48.469131],[-123.302524,48.46905]]}},{"type":"Feature","properties":{},"geometry":{"type":"LineString","coordinates":[[-123.304045,48.469278],[-123.304148,48.469227],[-123.304173,48.469206],[-123.304196,48.469167],[-123.304225,48.469134],[-123.304246,48.469095],[-123.30428,48.469088],[-123.304333,48.469057],[-123.304392,48.469048]]}},{"type":"Feature","properties":{},"geometry":{"type":"LineString","coordinates":[[-123.299516,48.466422],[-123.299577,48.46646],[-123.299594,48.466482],[-123.299583,48.466506],[-123.299582,48.466524],[-123.299605,48.466548],[-123.29967,48.466592],[-123.299757,48.466637],[-123.299853,48.466715],[-123.299897,48.466741],[-123.299946,48.46677],[-123.300114,48.466873],[-123.300171,48.466886],[-123.300274,48.466946],[-123.300373,48.467022],[-123.30046,48.467111],[-123.30059,48.467275],[-123.300645,48.467315],[-123.300679,48.467384],[-123.300679,48.467429],[-123.300704,48.467471],[-123.300756,48.467534],[-123.300757,48.467583],[-123.300761,48.467653],[-123.300784,48.4677],[-123.30083,48.46774],[-123.300843,48.467775],[-123.300873,48.467829],[-123.300894,48.467868],[-123.300928,48.46797],[-123.300924,48.467997],[-123.30097,48.468136],[-123.300984,48.468166],[-123.300974,48.468254],[-123.300976,48.468293],[-123.301002,48.468319],[-123.301067,48.468368],[-123.301099,48.468424],[-123.301158,48.468466],[-123.301229,48.468495],[-123.301299,48.468533],[-123.301347,48.468552],[-123.301431,48.468578],[-123.301518,48.468606],[-123.301585,48.468639],[-123.301661,48.468681],[-123.301714,48.468712],[-123.301839,48.468735],[-123.3019,48.468757],[-123.30201,48.468765],[-123.302048,48.468783],[-123.302148,48.468847],[-123.302177,48.46886],[-123.302216,48.468919],[-123.302255,48.46894],[-123.30231,48.468958],[-123.302364,48.468999],[-123.302441,48.469004],[-123.302476,48.469016],[-123.302524,48.46905],[-123.302559,48.469078],[-123.302636,48.469094],[-123.302701,48.469113],[-123.302786,48.46912],[-123.302859,48.469117],[-123.302974,48.469108],[-123.303007,48.469113],[-123.303159,48.469081],[-123.303235,48.469058],[-123.303333,48.469047],[-123.303414,48.469077],[-123.303479,48.469107],[-123.303493,48.469114],[-123.303598,48.469132],[-123.303644,48.469151],[-123.303697,48.469174],[-123.303815,48.469196],[-123.30391,48.469218],[-123.303982,48.469237],[-123.304034,48.469271],[-123.304045,48.469278],[-123.304085,48.469304],[-123.30417,48.469339],[-123.304214,48.469323],[-123.304282,48.46932],[-123.304416,48.46933],[-123.30451,48.469328],[-123.304566,48.469343],[-123.304605,48.469343],[-123.304645,48.469362],[-123.304697,48.46939]]}},{"type":"Feature","properties":{},"geometry":{"type":"LineString","coordinates":[[-123.317448,48.460079],[-123.317461,48.460133],[-123.317477,48.460162],[-123.317504,48.460185],[-123.317562,48.460205],[-123.317594,48.460222],[-123.317638,48.460256],[-123.317664,48.460287],[-123.317711,48.460312],[-123.317764,48.460353]]}},{"type":"Feature","properties":{},"geometry":{"type":"LineString","coordinates":[[-123.317072,48.459681],[-123.316922,48.459709],[-123.316775,48.459733],[-123.316628,48.459747],[-123.316464,48.459757],[-123.316388,48.459757],[-123.316334,48.459761],[-123.316264,48.459787],[-123.316202,48.459814],[-123.316176,48.459836],[-123.316154,48.459896],[-123.316145,48.45995]]}},{"type":"Feature","properties":{},"geometry":{"type":"LineString","coordinates":[[-123.315742,48.460019],[-123.315692,48.459956],[-123.315653,48.459925],[-123.315607,48.45991],[-123.31556,48.459904],[-123.315433,48.459882],[-123.315354,48.459866],[-123.315293,48.459843],[-123.315232,48.459809],[-123.315163,48.459771],[-123.315137,48.45975],[-123.315105,48.459723],[-123.315057,48.459703]]}},{"type":"Feature","properties":{},"geometry":{"type":"LineString","coordinates":[[-123.315765,48.460774],[-123.315783,48.46074],[-123.315792,48.460694],[-123.315793,48.460652],[-123.31578,48.460618],[-123.315735,48.460588],[-123.315679,48.460566],[-123.315664,48.460543],[-123.315659,48.460515],[-123.315655,48.460477],[-123.315653,48.460467],[-123.315633,48.460439],[-123.315578,48.460406],[-123.315518,48.460366],[-123.315487,48.460311]]}},{"type":"Feature","properties":{},"geometry":{"type":"LineString","coordinates":[[-123.316255,48.460466],[-123.316336,48.460406],[-123.316363,48.460384],[-123.316375,48.460347],[-123.316387,48.460309],[-123.316379,48.460261],[-123.31635,48.460216],[-123.316325,48.4602],[-123.316303,48.460185],[-123.31623,48.460148],[-123.316165,48.460129],[-123.316115,48.460127],[-123.316066,48.460143],[-123.316012,48.460165],[-123.315974,48.460177]]}},{"type":"Feature","properties":{},"geometry":{"type":"LineString","coordinates":[[-123.315294,48.460383],[-123.315358,48.460359],[-123.31541,48.460335],[-123.315487,48.460311],[-123.315531,48.460272],[-123.315587,48.460234],[-123.315654,48.460199],[-123.31569,48.460177],[-123.315715,48.460134],[-123.31573,48.46007],[-123.315742,48.460019],[-123.315745,48.460003],[-123.315773,48.459938],[-123.315803,48.459867],[-123.315835,48.459783],[-123.315843,48.459772]]}},{"type":"Feature","properties":{},"geometry":{"type":"LineString","coordinates":[[-123.317364,48.459628],[-123.317282,48.459628],[-123.317257,48.45963],[-123.317218,48.459633],[-123.31714,48.45965],[-123.317073,48.459678],[-123.317072,48.459681],[-123.317044,48.459725],[-123.317015,48.459771],[-123.316945,48.45985],[-123.31693,48.459881],[-123.316888,48.459964],[-123.316784,48.460107],[-123.316711,48.460198],[-123.316674,48.460245],[-123.316618,48.460307],[-123.316556,48.46036],[-123.316532,48.4604],[-123.316531,48.460494]]}},{"type":"Feature","properties":{},"geometry":{"type":"LineString","coordinates":[[-123.316902,48.460473],[-123.316926,48.460416],[-123.316932,48.460384],[-123.316925,48.46036],[-123.316917,48.460328],[-123.316897,48.460291],[-123.316858,48.460274],[-123.316826,48.460275],[-123.316761,48.460309],[-123.316717,48.460344],[-123.316707,48.460365],[-123.316716,48.46039],[-123.316744,48.460404],[-123.316779,48.460407],[-123.316816,48.460401],[-123.316892,48.460365],[-123.316925,48.46036]]}},{"type":"Feature","properties":{},"geometry":{"type":"LineString","coordinates":[[-123.316197,48.46045],[-123.316147,48.460502],[-123.316127,48.460525],[-123.316106,48.46055],[-123.316085,48.460576],[-123.316064,48.460604],[-123.316056,48.460657],[-123.316063,48.460715],[-123.316057,48.460768],[-123.316017,48.460798],[-123.315955,48.460816],[-123.31589,48.460817],[-123.315835,48.460809],[-123.315781,48.460782],[-123.315765,48.460774],[-123.315709,48.460752],[-123.315614,48.460717],[-123.315552,48.460698],[-123.315453,48.460683]]}},{"type":"Feature","properties":{},"geometry":{"type":"LineString","coordinates":[[-123.316334,48.459761],[-123.316301,48.459757]]}},{"type":"Feature","properties":{},"geometry":{"type":"LineString","coordinates":[[-123.316714,48.460532],[-123.316722,48.460563],[-123.316741,48.460631]]}},{"type":"Feature","properties":{},"geometry":{"type":"LineString","coordinates":[[-123.31598,48.460573],[-123.315924,48.460589]]}},{"type":"Feature","properties":{},"geometry":{"type":"LineString","coordinates":[[-123.317066,48.460494],[-123.317068,48.460518]]}},{"type":"Feature","properties":{},"geometry":{"type":"LineString","coordinates":[[-123.316426,48.460917],[-123.316427,48.460936]]}},{"type":"Feature","properties":{},"geometry":{"type":"LineString","coordinates":[[-123.316085,48.460576],[-123.31598,48.460573]]}},{"type":"Feature","properties":{},"geometry":{"type":"LineString","coordinates":[[-123.315048,48.461149],[-123.315085,48.461115],[-123.315115,48.461089],[-123.315158,48.461031],[-123.315223,48.460963],[-123.315297,48.460878],[-123.315361,48.460826],[-123.315409,48.460785],[-123.315433,48.460746],[-123.315453,48.460683],[-123.315436,48.46064],[-123.315423,48.460617],[-123.315342,48.460599],[-123.315295,48.460582],[-123.315284,48.460558],[-123.315291,48.460464],[-123.315294,48.460383],[-123.315266,48.46034],[-123.315225,48.460293],[-123.315178,48.460247],[-123.315109,48.460207],[-123.315017,48.460173],[-123.314902,48.460142],[-123.314859,48.460131],[-123.314735,48.460085]]}},{"type":"Feature","properties":{},"geometry":{"type":"LineString","coordinates":[[-123.314576,48.460386],[-123.314698,48.460452],[-123.314787,48.460496],[-123.314915,48.460573],[-123.315045,48.460647],[-123.31517,48.460702],[-123.315282,48.460743],[-123.315409,48.460785],[-123.315482,48.460814],[-123.31557,48.460863],[-123.315621,48.460889],[-123.315737,48.460936],[-123.315835,48.460967],[-123.315892,48.46097],[-123.316013,48.46095],[-123.316072,48.460926],[-123.316126,48.46091],[-123.316215,48.460898],[-123.316262,48.460894],[-123.31632,48.460902],[-123.316383,48.460914],[-123.316426,48.460917],[-123.316473,48.460906],[-123.316546,48.460874],[-123.316646,48.460836],[-123.316768,48.4608]]}},{"type":"Feature","properties":{},"geometry":{"type":"LineString","coordinates":[[-123.317876,48.460179],[-123.317814,48.460158],[-123.317733,48.46014],[-123.317663,48.460122],[-123.317587,48.460107],[-123.317492,48.460095],[-123.317448,48.460079],[-123.317406,48.460048],[-123.317339,48.460024],[-123.317273,48.460013],[-123.317208,48.460021],[-123.31717,48.460033],[-123.317108,48.46006],[-123.317064,48.460081],[-123.317004,48.460104],[-123.316939,48.460119],[-123.316878,48.460128],[-123.316842,48.460125],[-123.316784,48.460107],[-123.316633,48.460075],[-123.316582,48.460052],[-123.316549,48.460017],[-123.316528,48.459986],[-123.316497,48.459967],[-123.316439,48.459958],[-123.31635,48.459956],[-123.316282,48.459969],[-123.316145,48.45995]]}},{"type":"Feature","properties":{},"geometry":{"type":"LineString","coordinates":[[-123.315057,48.459703],[-123.314938,48.459664],[-123.314769,48.459609]]}},{"type":"Feature","properties":{},"geometry":{"type":"LineString","coordinates":[[-123.316325,48.4602],[-123.316374,48.460148],[-123.316418,48.460096]]}},{"type":"Feature","properties":{},"geometry":{"type":"LineString","coordinates":[[-123.317273,48.460013],[-123.317258,48.459965],[-123.317254,48.459954],[-123.317238,48.459903],[-123.317203,48.459832],[-123.3172,48.459792],[-123.317227,48.459749],[-123.317286,48.459728],[-123.317363,48.459736],[-123.317468,48.459778],[-123.317573,48.4598],[-123.317825,48.459869],[-123.317994,48.45991],[-123.31803,48.459934],[-123.318043,48.459969],[-123.318032,48.460015],[-123.317995,48.460052],[-123.317936,48.460107],[-123.317876,48.460179],[-123.317857,48.460246],[-123.317806,48.46031],[-123.317764,48.460353],[-123.317763,48.460391],[-123.317742,48.460418],[-123.317679,48.460447],[-123.317643,48.460469],[-123.31761,48.460475],[-123.317573,48.460462],[-123.317548,48.460446],[-123.317521,48.46043],[-123.317441,48.460402]]}},{"type":"Feature","properties":{},"geometry":{"type":"LineString","coordinates":[[-123.317339,48.460024],[-123.317318,48.460068],[-123.317295,48.4601],[-123.317264,48.460136],[-123.317237,48.460164],[-123.317236,48.460191],[-123.31727,48.460225],[-123.31735,48.460296],[-123.317406,48.460336],[-123.31744,48.460377],[-123.317441,48.460402],[-123.317413,48.460433],[-123.317345,48.460471],[-123.31731,48.460483],[-123.317283,48.46048],[-123.317242,48.460451],[-123.317208,48.460438],[-123.317175,48.460437],[-123.317138,48.460452],[-123.317101,48.460483],[-123.317066,48.460494],[-123.31699,48.460482],[-123.316902,48.460473],[-123.316818,48.460495],[-123.316767,48.460519],[-123.316714,48.460532],[-123.316639,48.460514],[-123.316531,48.460494],[-123.316426,48.460493],[-123.31633,48.460481],[-123.316255,48.460466],[-123.316197,48.46045],[-123.31614,48.46039],[-123.316088,48.460319],[-123.316069,48.460297],[-123.316025,48.460243],[-123.315974,48.460177],[-123.31594,48.460152],[-123.315914,48.460133],[-123.31585,48.460103],[-123.315788,48.460081],[-123.31573,48.46007]]}},{"type":"Feature","properties":{},"geometry":{"type":"LineString","coordinates":[[-123.317663,48.460122],[-123.317721,48.460014],[-123.317752,48.459956],[-123.317786,48.459914],[-123.317825,48.459869]]}},{"type":"Feature","properties":{},"geometry":{"type":"LineString","coordinates":[[-123.31589,48.460817],[-123.315862,48.460853],[-123.315818,48.460873],[-123.315778,48.460872],[-123.315741,48.46086],[-123.315709,48.460817]]}},{"type":"Feature","properties":{},"geometry":{"type":"LineString","coordinates":[[-123.316099,48.459941],[-123.316079,48.46],[-123.316038,48.460055],[-123.315989,48.46011],[-123.315962,48.460134],[-123.31594,48.460152]]}},{"type":"Feature","properties":{},"geometry":{"type":"LineString","coordinates":[[-123.317548,48.460446],[-123.317568,48.460414],[-123.317571,48.460392],[-123.317564,48.460363],[-123.317567,48.460346],[-123.317597,48.460315]]}},{"type":"Feature","properties":{},"geometry":{"type":"LineString","coordinates":[[-123.317721,48.460014],[-123.317652,48.459971],[-123.317573,48.459937],[-123.317507,48.459922],[-123.317422,48.459922],[-123.317258,48.459965]]}},{"type":"Feature","properties":{},"geometry":{"type":"LineString","coordinates":[[-123.315781,48.460782],[-123.315749,48.460803],[-123.315709,48.460817],[-123.315653,48.460817],[-123.315623,48.460806],[-123.315608,48.46078],[-123.315614,48.460717]]}},{"type":"Feature","properties":{},"geometry":{"type":"LineString","coordinates":[[-123.315423,48.460617],[-123.31546,48.460589],[-123.315479,48.460553],[-123.315489,48.460514],[-123.315487,48.460457],[-123.315494,48.460418],[-123.315518,48.460366]]}},{"type":"Feature","properties":{},"geometry":{"type":"LineString","coordinates":[[-123.315655,48.460477],[-123.315678,48.460474],[-123.31574,48.460479],[-123.315796,48.460481],[-123.315848,48.460466],[-123.315878,48.460438],[-123.315901,48.46041],[-123.315932,48.460395],[-123.315976,48.460401],[-123.316004,48.460427],[-123.316028,48.460458],[-123.316061,48.460492],[-123.316127,48.460525],[-123.31619,48.460553],[-123.316265,48.460584]]}},{"type":"Feature","properties":{},"geometry":{"type":"LineString","coordinates":[[-123.316145,48.45995],[-123.316099,48.459941],[-123.315958,48.459888],[-123.315893,48.459871],[-123.315803,48.459867],[-123.315708,48.459869],[-123.31564,48.459881],[-123.31556,48.459904]]}},{"type":"Feature","properties":{},"geometry":{"type":"LineString","coordinates":[[-123.316282,48.459969],[-123.316312,48.460044],[-123.31633,48.46007],[-123.316356,48.460085],[-123.316389,48.460092],[-123.316418,48.460096],[-123.316495,48.460106],[-123.316601,48.460141],[-123.316711,48.460198]]}},{"type":"Feature","properties":{},"geometry":{"type":"LineString","coordinates":[[-123.302161,48.460966],[-123.302204,48.461007],[-123.302207,48.461054],[-123.302218,48.461078],[-123.302208,48.461116],[-123.302212,48.461137],[-123.3022,48.461163],[-123.302216,48.461201],[-123.302208,48.461229],[-123.302177,48.461257],[-123.302139,48.461298],[-123.302132,48.461328]]}},{"type":"Feature","properties":{},"geometry":{"type":"LineString","coordinates":[[-123.307906,48.459554],[-123.307912,48.459576],[-123.307905,48.459616],[-123.30788,48.459652],[-123.307867,48.459686],[-123.307833,48.459744],[-123.307835,48.459785],[-123.307834,48.459822],[-123.307827,48.459871],[-123.307811,48.4599],[-123.307815,48.459936],[-123.307837,48.459963]]}},{"type":"Feature","properties":{},"geometry":{"type":"LineString","coordinates":[[-123.305466,48.460547],[-123.305427,48.460555],[-123.305363,48.46058],[-123.305307,48.460591],[-123.305247,48.460596],[-123.305168,48.460599],[-123.305084,48.460607],[-123.305008,48.460614],[-123.304953,48.460628],[-123.304881,48.460657],[-123.304822,48.460664],[-123.304736,48.460667],[-123.30469,48.460677]]}},{"type":"Feature","properties":{},"geometry":{"type":"LineString","coordinates":[[-123.311693,48.459535],[-123.311729,48.4596],[-123.311764,48.459654],[-123.311776,48.459726],[-123.311782,48.459797],[-123.311752,48.459863],[-123.311748,48.459937],[-123.311754,48.459962],[-123.311765,48.460005],[-123.311786,48.46008],[-123.311784,48.46014],[-123.311739,48.460216],[-123.31173,48.460277],[-123.311712,48.460323]]}},{"type":"Feature","properties":{},"geometry":{"type":"LineString","coordinates":[[-123.307462,48.45941],[-123.30751,48.459407]]}},{"type":"Feature","properties":{},"geometry":{"type":"LineString","coordinates":[[-123.309857,48.460659],[-123.309913,48.460742]]}},{"type":"Feature","properties":{},"geometry":{"type":"LineString","coordinates":[[-123.307411,48.459339],[-123.307442,48.459376]]}},{"type":"Feature","properties":{},"geometry":{"type":"LineString","coordinates":[[-123.30469,48.460677],[-123.304665,48.460709]]}},{"type":"Feature","properties":{},"geometry":{"type":"LineString","coordinates":[[-123.305495,48.460556],[-123.305466,48.460547]]}},{"type":"Feature","properties":{},"geometry":{"type":"LineString","coordinates":[[-123.311754,48.459962],[-123.311836,48.459968],[-123.311876,48.459967],[-123.311927,48.459958],[-123.31199,48.459964],[-123.312048,48.45999],[-123.312103,48.459989],[-123.312145,48.459988],[-123.312209,48.459965],[-123.312246,48.459933],[-123.312312,48.459916],[-123.312407,48.459889],[-123.312437,48.459863],[-123.312486,48.459843],[-123.312505,48.459817],[-123.312519,48.459755],[-123.312545,48.459695],[-123.312568,48.459652],[-123.312609,48.459597],[-123.312628,48.459558],[-123.312658,48.459463]]}},{"type":"Feature","properties":{},"geometry":{"type":"LineString","coordinates":[[-123.310955,48.457362],[-123.310922,48.457437],[-123.310903,48.457465],[-123.31085,48.457534],[-123.310788,48.45757],[-123.310706,48.457615],[-123.310484,48.457788],[-123.310234,48.458003],[-123.310053,48.458145],[-123.309948,48.45825],[-123.309747,48.458449],[-123.309544,48.45862],[-123.309419,48.458726],[-123.309251,48.458852],[-123.309117,48.45897],[-123.308969,48.459074],[-123.308705,48.459267],[-123.308647,48.459334],[-123.308456,48.459534],[-123.308248,48.459691],[-123.308201,48.459726],[-123.307837,48.459963],[-123.307689,48.460084],[-123.307407,48.460268],[-123.307256,48.460381],[-123.307202,48.460466],[-123.307183,48.460497],[-123.307258,48.460601]]}},{"type":"Feature","properties":{},"geometry":{"type":"LineString","coordinates":[[-123.312322,48.45929],[-123.312264,48.459245],[-123.31218,48.459189]]}},{"type":"Feature","properties":{},"geometry":{"type":"LineString","coordinates":[[-123.312055,48.459298],[-123.312155,48.459217],[-123.31218,48.459189],[-123.312219,48.459146],[-123.312256,48.459075],[-123.312303,48.459002],[-123.312292,48.458918],[-123.31218,48.458808],[-123.312133,48.458731],[-123.312108,48.45866],[-123.312128,48.458628],[-123.312223,48.45858],[-123.312315,48.458534],[-123.312383,48.458521],[-123.312487,48.458547],[-123.312562,48.458574],[-123.312649,48.458553],[-123.312724,48.458502],[-123.312825,48.458449],[-123.312937,48.458411],[-123.313071,48.458392],[-123.313168,48.45838],[-123.313276,48.458367],[-123.313325,48.45834],[-123.31336,48.458301],[-123.313335,48.458234],[-123.313288,48.458166],[-123.312958,48.458067],[-123.312375,48.457898],[-123.312224,48.457849],[-123.311147,48.457515],[-123.310962,48.457454],[-123.310922,48.457437]]}},{"type":"Feature","properties":{},"geometry":{"type":"LineString","coordinates":[[-123.306894,48.459193],[-123.306855,48.459136],[-123.306838,48.45911],[-123.306758,48.45907]]}},{"type":"Feature","properties":{},"geometry":{"type":"LineString","coordinates":[[-123.302503,48.460548],[-123.302539,48.460511],[-123.302561,48.460487],[-123.30256,48.460458],[-123.302574,48.460443],[-123.302605,48.460441],[-123.302653,48.460442],[-123.302685,48.460443],[-123.302693,48.460435],[-123.302685,48.460418],[-123.302654,48.460394],[-123.302643,48.460365],[-123.302642,48.46033],[-123.302632,48.460295],[-123.302642,48.460271],[-123.302645,48.460241],[-123.30263,48.460217],[-123.302646,48.46019],[-123.302681,48.460166],[-123.302728,48.460152],[-123.302766,48.460118],[-123.302773,48.460086],[-123.302783,48.460049],[-123.302793,48.460021],[-123.302819,48.459986],[-123.302834,48.459967],[-123.302836,48.459912],[-123.302829,48.459898],[-123.302848,48.459866],[-123.302855,48.459846],[-123.302824,48.459822],[-123.30276,48.459794],[-123.30273,48.459775],[-123.302721,48.459741],[-123.302727,48.459716],[-123.302755,48.459692],[-123.302802,48.459679],[-123.302832,48.459644],[-123.302845,48.459612],[-123.302842,48.459548]]}},{"type":"Feature","properties":{},"geometry":{"type":"LineString","coordinates":[[-123.304953,48.460628],[-123.304955,48.460589],[-123.304928,48.46054],[-123.304908,48.460497],[-123.304893,48.46046],[-123.304885,48.460419],[-123.304885,48.460394],[-123.304862,48.460373],[-123.304864,48.460343],[-123.304877,48.460308],[-123.304879,48.460289],[-123.304922,48.460252],[-123.304935,48.460233],[-123.304968,48.46021],[-123.304979,48.460183],[-123.305011,48.460161],[-123.305092,48.460143],[-123.305119,48.460119],[-123.305162,48.460108],[-123.305205,48.46009],[-123.305246,48.460056],[-123.30532,48.460002],[-123.305357,48.459965],[-123.305391,48.459914],[-123.305427,48.459881],[-123.305473,48.459837],[-123.305538,48.459775],[-123.305579,48.459744],[-123.305605,48.459708],[-123.305635,48.459679],[-123.305662,48.459655],[-123.305681,48.459637],[-123.305681,48.459624],[-123.305646,48.459603],[-123.305614,48.459577],[-123.305583,48.459561],[-123.305562,48.459528],[-123.305551,48.459489],[-123.30556,48.459434],[-123.305579,48.459392],[-123.305604,48.459356],[-123.305628,48.459316]]}},{"type":"Feature","properties":{},"geometry":{"type":"LineString","coordinates":[[-123.307442,48.459376],[-123.307462,48.45941],[-123.307387,48.459436],[-123.307346,48.459465],[-123.30733,48.459486],[-123.307326,48.459504],[-123.307311,48.459514],[-123.307251,48.45951],[-123.307208,48.459523],[-123.307163,48.459563],[-123.307136,48.459592],[-123.307112,48.459632],[-123.307076,48.459667],[-123.30704,48.459722],[-123.307013,48.459744],[-123.306985,48.459746],[-123.306959,48.459732],[-123.306938,48.459741],[-123.306889,48.459762],[-123.306834,48.4598],[-123.306767,48.459835],[-123.306717,48.45985],[-123.306632,48.459893],[-123.306555,48.459924],[-123.306501,48.459942],[-123.306398,48.460006],[-123.306339,48.460023],[-123.306313,48.460032],[-123.306263,48.460033],[-123.306167,48.460013],[-123.306082,48.460032],[-123.306031,48.460033],[-123.305984,48.460049],[-123.305953,48.460077],[-123.305908,48.4601],[-123.305871,48.460112],[-123.305824,48.460139],[-123.305772,48.460159],[-123.305745,48.460186],[-123.305702,48.460242],[-123.305678,48.460308],[-123.305697,48.460336],[-123.305663,48.460408],[-123.305629,48.460424],[-123.305586,48.460466],[-123.305584,48.460493],[-123.305589,48.460512],[-123.305575,48.460532],[-123.305547,48.460548],[-123.305495,48.460556]]}},{"type":"Feature","properties":{},"geometry":{"type":"LineString","coordinates":[[-123.307411,48.459339],[-123.307438,48.459312],[-123.307442,48.459289],[-123.307453,48.459251],[-123.307486,48.459224],[-123.307536,48.459202],[-123.307575,48.459152],[-123.307618,48.459122],[-123.307644,48.459082],[-123.307657,48.459032],[-123.307668,48.45901],[-123.307702,48.45899],[-123.307758,48.458953],[-123.307796,48.458927],[-123.307866,48.458927],[-123.307896,48.458911],[-123.30792,48.458879],[-123.307952,48.458845],[-123.307988,48.458818],[-123.308029,48.45878],[-123.308057,48.458753],[-123.308061,48.458726],[-123.308067,48.458701],[-123.30806,48.458673],[-123.308042,48.458653],[-123.308038,48.458636],[-123.308049,48.458608],[-123.30805,48.458589],[-123.308033,48.458547],[-123.308032,48.458503],[-123.308051,48.458449],[-123.308069,48.458427],[-123.308079,48.458396],[-123.308135,48.458371],[-123.308182,48.458328],[-123.308211,48.458275],[-123.308229,48.458225],[-123.308247,48.458182],[-123.308237,48.458137],[-123.308232,48.458095],[-123.308298,48.458022],[-123.308339,48.457979],[-123.308349,48.457951],[-123.308381,48.457907],[-123.30839,48.457841],[-123.308383,48.457762],[-123.308374,48.457693],[-123.308374,48.457645],[-123.308399,48.457616],[-123.308419,48.457574],[-123.308454,48.457549],[-123.308521,48.457495]]}},{"type":"Feature","properties":{},"geometry":{"type":"LineString","coordinates":[[-123.300559,48.460948],[-123.300651,48.460963],[-123.300764,48.46099],[-123.300879,48.461041],[-123.300931,48.461076],[-123.300994,48.461179],[-123.301033,48.461235],[-123.301034,48.46128],[-123.301054,48.461348],[-123.301068,48.461434],[-123.301078,48.461478],[-123.301126,48.461527],[-123.301195,48.461553],[-123.301273,48.46159],[-123.301305,48.4616],[-123.301372,48.461589],[-123.301434,48.461588],[-123.30153,48.461574],[-123.30159,48.46157],[-123.301634,48.461577],[-123.301703,48.461562],[-123.301755,48.461544],[-123.301793,48.461513],[-123.30182,48.461473],[-123.301833,48.461429],[-123.301824,48.461371],[-123.301772,48.461318],[-123.301755,48.46129],[-123.301757,48.461244],[-123.301782,48.461217],[-123.301833,48.461204],[-123.301867,48.461176],[-123.301892,48.461133],[-123.301898,48.461103],[-123.301917,48.46107],[-123.301953,48.461042],[-123.301967,48.460997],[-123.301968,48.460951],[-123.301978,48.460935],[-123.30202,48.460939],[-123.30207,48.460957],[-123.302161,48.460966],[-123.302194,48.460942],[-123.302256,48.460939],[-123.302307,48.460919],[-123.302363,48.4609],[-123.302421,48.460882],[-123.302482,48.460882],[-123.302528,48.46085],[-123.302597,48.460833],[-123.302642,48.460822],[-123.302724,48.460805],[-123.302792,48.460785],[-123.302844,48.460758],[-123.302885,48.460744],[-123.302936,48.46074],[-123.303006,48.460733]]}},{"type":"Feature","properties":{},"geometry":{"type":"LineString","coordinates":[[-123.307411,48.459339],[-123.307342,48.459317],[-123.307201,48.459357],[-123.307043,48.459259],[-123.307036,48.459237],[-123.306913,48.459208],[-123.306894,48.459193]]}},{"type":"Feature","properties":{},"geometry":{"type":"LineString","coordinates":[[-123.30751,48.459407],[-123.307732,48.459354],[-123.307711,48.459388],[-123.30768,48.459513],[-123.307793,48.459496],[-123.307872,48.459511],[-123.307906,48.459554]]}},{"type":"Feature","properties":{},"geometry":{"type":"LineString","coordinates":[[-123.308614,48.460981],[-123.308684,48.461032],[-123.308746,48.461091],[-123.308783,48.461142],[-123.308773,48.461183],[-123.308759,48.461246],[-123.308755,48.461307],[-123.308746,48.461412]]}},{"type":"Feature","properties":{},"geometry":{"type":"LineString","coordinates":[[-123.304665,48.460709],[-123.304652,48.460718],[-123.304611,48.460714],[-123.304537,48.460718],[-123.304485,48.460727],[-123.304401,48.460762],[-123.304333,48.460788],[-123.304284,48.460787],[-123.304216,48.460767],[-123.30414,48.460766],[-123.304101,48.460759],[-123.30404,48.460732],[-123.303987,48.460726],[-123.303939,48.460711],[-123.3039,48.460715],[-123.30385,48.460742],[-123.303804,48.460768],[-123.303768,48.460766],[-123.303709,48.460751],[-123.303655,48.46075],[-123.303618,48.460741],[-123.303587,48.460725],[-123.303558,48.460723],[-123.303524,48.460742],[-123.30347,48.460783],[-123.303437,48.46081],[-123.303403,48.460819],[-123.303364,48.460838],[-123.303306,48.460835],[-123.303278,48.460835],[-123.303206,48.46082],[-123.303163,48.460801],[-123.303083,48.460784],[-123.303044,48.460762],[-123.303006,48.460733],[-123.302951,48.460715],[-123.302841,48.460684],[-123.30278,48.460676],[-123.302699,48.460658],[-123.302641,48.460636],[-123.302585,48.460598],[-123.302534,48.460569],[-123.302503,48.460548],[-123.302429,48.460544],[-123.302354,48.460545],[-123.302293,48.460536],[-123.302258,48.460521],[-123.30223,48.460474],[-123.302176,48.460432],[-123.302125,48.460381],[-123.302074,48.460342],[-123.302044,48.460321],[-123.301998,48.460295],[-123.301958,48.460277],[-123.30194,48.460267],[-123.30189,48.460238],[-123.301867,48.460215],[-123.30184,48.46018],[-123.301807,48.460157],[-123.301775,48.460151],[-123.301711,48.460155],[-123.301645,48.460165],[-123.30159,48.460162],[-123.30154,48.460173],[-123.301518,48.460185],[-123.301484,48.460185],[-123.301427,48.460209],[-123.301387,48.460237],[-123.301322,48.460254],[-123.301276,48.460274],[-123.301235,48.460298],[-123.301218,48.460337],[-123.301209,48.460392],[-123.301214,48.460431],[-123.301199,48.460473],[-123.301163,48.460537],[-123.3011,48.460602],[-123.301081,48.460623],[-123.301065,48.460656],[-123.301051,48.460684],[-123.301026,48.460699],[-123.300992,48.460723],[-123.300954,48.460754],[-123.300805,48.460807],[-123.300745,48.460827],[-123.300686,48.460855],[-123.300559,48.460948]]}},{"type":"Feature","properties":{},"geometry":{"type":"LineString","coordinates":[[-123.302724,48.460805],[-123.302704,48.460787],[-123.30264,48.460778],[-123.302614,48.46077],[-123.302594,48.460756],[-123.302607,48.460741],[-123.302638,48.460731],[-123.302668,48.460705],[-123.302699,48.460658]]}},{"type":"Feature","properties":{},"geometry":{"type":"LineString","coordinates":[[-123.309716,48.466819],[-123.309908,48.466943],[-123.310386,48.467211],[-123.310726,48.467179],[-123.310826,48.467163],[-123.310915,48.467158]]}},{"type":"Feature","properties":{},"geometry":{"type":"LineString","coordinates":[[-123.315074,48.459635],[-123.314977,48.459607]]}},{"type":"Feature","properties":{},"geometry":{"type":"LineString","coordinates":[[-123.31959,48.461503],[-123.319467,48.461525],[-123.319281,48.461533],[-123.319189,48.461632],[-123.3191,48.461655],[-123.318902,48.46168],[-123.318815,48.461699],[-123.318761,48.461696]]}},{"type":"Feature","properties":{},"geometry":{"type":"LineString","coordinates":[[-123.319526,48.465463],[-123.319514,48.465667]]}},{"type":"Feature","properties":{},"geometry":{"type":"LineString","coordinates":[[-123.317282,48.467404],[-123.317279,48.467404],[-123.317254,48.467412],[-123.317243,48.467419],[-123.317234,48.46743],[-123.317226,48.467446],[-123.317221,48.467491],[-123.317218,48.467526],[-123.317206,48.467642],[-123.317199,48.467729],[-123.317188,48.467792],[-123.317177,48.467914],[-123.317155,48.467995],[-123.317105,48.46809],[-123.317034,48.46816],[-123.316922,48.468232],[-123.316802,48.468284],[-123.316665,48.468334],[-123.316584,48.468369],[-123.31648,48.468395],[-123.316301,48.468427],[-123.316119,48.468453],[-123.31601,48.468465],[-123.315858,48.468481],[-123.315744,48.468493],[-123.315631,48.468501],[-123.315517,48.468504],[-123.315341,48.468505],[-123.315171,48.468505],[-123.315009,48.468504],[-123.314887,48.468505],[-123.314757,48.468513],[-123.314415,48.468554],[-123.314112,48.468572],[-123.313944,48.46858],[-123.313822,48.468589],[-123.313731,48.4686],[-123.313629,48.46862],[-123.313441,48.468672],[-123.313361,48.468691]]}},{"type":"Feature","properties":{},"geometry":{"type":"LineString","coordinates":[[-123.319328,48.468479],[-123.319328,48.468442],[-123.319328,48.468425],[-123.319325,48.468411],[-123.319318,48.468397],[-123.319302,48.468374],[-123.319286,48.468346],[-123.319275,48.468304],[-123.319273,48.468263],[-123.319285,48.468202],[-123.319296,48.468148],[-123.319304,48.468065],[-123.319303,48.468023],[-123.319146,48.467861],[-123.319053,48.46775],[-123.318916,48.467573],[-123.318736,48.467319],[-123.318631,48.467194],[-123.318477,48.46703],[-123.318458,48.467009],[-123.318418,48.466974],[-123.318381,48.466947],[-123.318328,48.466913],[-123.318246,48.466867],[-123.318087,48.466794],[-123.317994,48.466738],[-123.317953,48.466712],[-123.317878,48.466663],[-123.317815,48.466596]]}},{"type":"Feature","properties":{},"geometry":{"type":"LineString","coordinates":[[-123.320386,48.463546],[-123.320324,48.463544],[-123.320038,48.463536],[-123.319948,48.463514],[-123.319852,48.463481],[-123.319802,48.463456],[-123.319741,48.463445],[-123.319659,48.463436],[-123.319559,48.463431],[-123.319492,48.463426],[-123.319379,48.463407],[-123.319293,48.463388],[-123.31924,48.463372],[-123.319186,48.463348],[-123.319132,48.463327],[-123.319081,48.463309],[-123.318996,48.463285],[-123.318927,48.463271],[-123.318865,48.463266],[-123.318744,48.463267],[-123.318679,48.463262],[-123.318623,48.463254],[-123.318548,48.46324],[-123.318399,48.463204],[-123.318291,48.463176],[-123.318212,48.463157],[-123.318126,48.463151],[-123.318015,48.46315],[-123.317906,48.463153],[-123.317819,48.463164],[-123.317662,48.463196],[-123.317543,48.463211],[-123.317411,48.463216],[-123.317308,48.463207],[-123.317173,48.463199],[-123.31702,48.463205],[-123.316866,48.463225],[-123.316751,48.463255],[-123.316613,48.463295],[-123.316462,48.463323],[-123.316418,48.46333],[-123.316301,48.463333],[-123.316121,48.463351]]}},{"type":"Feature","properties":{},"geometry":{"type":"LineString","coordinates":[[-123.318487,48.463133],[-123.318683,48.463114],[-123.318769,48.463097],[-123.318927,48.463045],[-123.318956,48.463013]]}},{"type":"Feature","properties":{},"geometry":{"type":"LineString","coordinates":[[-123.308718,48.459832],[-123.308685,48.459832],[-123.308635,48.459809],[-123.308574,48.459793],[-123.308563,48.459791],[-123.308513,48.45978],[-123.308446,48.459753],[-123.308377,48.45972],[-123.308321,48.459706],[-123.308248,48.459691]]}},{"type":"Feature","properties":{},"geometry":{"type":"LineString","coordinates":[[-123.309147,48.459537],[-123.309139,48.459585],[-123.309132,48.459629],[-123.309113,48.459652],[-123.309045,48.45965],[-123.30897,48.459654],[-123.308876,48.459659],[-123.308806,48.459672],[-123.30871,48.459677],[-123.308661,48.4597],[-123.308628,48.459723],[-123.308577,48.459759],[-123.308563,48.459791]]}},{"type":"Feature","properties":{},"geometry":{"type":"LineString","coordinates":[[-123.309329,48.459067],[-123.309249,48.459053],[-123.309218,48.459031],[-123.309164,48.458999],[-123.309117,48.45897]]}},{"type":"Feature","properties":{},"geometry":{"type":"LineString","coordinates":[[-123.305602,48.464052],[-123.305616,48.464053]]}},{"type":"Feature","properties":{},"geometry":{"type":"LineString","coordinates":[[-123.305526,48.464225],[-123.305581,48.464222],[-123.305841,48.464204],[-123.305828,48.464136]]}},{"type":"Feature","properties":{},"geometry":{"type":"LineString","coordinates":[[-123.305455,48.463528],[-123.305486,48.46361],[-123.305488,48.463642],[-123.305479,48.463666],[-123.305469,48.463715],[-123.305465,48.463768],[-123.305488,48.46386],[-123.30551,48.463921],[-123.305536,48.46395],[-123.305557,48.464053],[-123.305581,48.464222],[-123.305588,48.464272],[-123.305598,48.464325]]}},{"type":"Feature","properties":{},"geometry":{"type":"LineString","coordinates":[[-123.305246,48.464031],[-123.305305,48.464342],[-123.305409,48.46499],[-123.305421,48.465034],[-123.305444,48.465074],[-123.305489,48.465107]]}},{"type":"Feature","properties":{},"geometry":{"type":"LineString","coordinates":[[-123.30589,48.464502],[-123.305851,48.464316]]}},{"type":"Feature","properties":{},"geometry":{"type":"LineString","coordinates":[[-123.306306,48.464279],[-123.30632,48.464278],[-123.306266,48.464283],[-123.305851,48.464316]]}},{"type":"Feature","properties":{},"geometry":{"type":"LineString","coordinates":[[-123.305493,48.464056],[-123.305557,48.464053]]}},{"type":"Feature","properties":{},"geometry":{"type":"LineString","coordinates":[[-123.305465,48.463768],[-123.305424,48.463774]]}},{"type":"Feature","properties":{},"geometry":{"type":"LineString","coordinates":[[-123.317316,48.46414],[-123.317301,48.464083],[-123.317292,48.464016],[-123.317159,48.464019],[-123.317073,48.464034],[-123.31701,48.464062],[-123.31696,48.464077],[-123.316912,48.464081],[-123.316843,48.464053],[-123.316753,48.464044],[-123.316674,48.46404],[-123.316597,48.46406],[-123.316537,48.464068],[-123.316443,48.464026],[-123.316328,48.464048],[-123.316161,48.464105]]}},{"type":"Feature","properties":{},"geometry":{"type":"LineString","coordinates":[[-123.305246,48.464031],[-123.305291,48.463972]]}},{"type":"Feature","properties":{},"geometry":{"type":"LineString","coordinates":[[-123.305291,48.463972],[-123.305289,48.463944]]}},{"type":"Feature","properties":{},"geometry":{"type":"LineString","coordinates":[[-123.305289,48.463944],[-123.305288,48.463916],[-123.305284,48.463882]]}},{"type":"Feature","properties":{},"geometry":{"type":"LineString","coordinates":[[-123.305284,48.463882],[-123.305277,48.463829]]}},{"type":"Feature","properties":{},"geometry":{"type":"LineString","coordinates":[[-123.304824,48.463839],[-123.305057,48.463828],[-123.305273,48.463814],[-123.305277,48.463829]]}},{"type":"Feature","properties":{},"geometry":{"type":"LineString","coordinates":[[-123.30551,48.463921],[-123.30549,48.46394],[-123.305471,48.463947],[-123.30546,48.463942],[-123.305425,48.463932],[-123.30538,48.463922],[-123.305288,48.463916],[-123.305211,48.463923],[-123.305134,48.463942],[-123.305111,48.463945],[-123.305087,48.463943],[-123.305065,48.463937],[-123.305046,48.463927],[-123.305034,48.463911],[-123.305036,48.463894],[-123.305057,48.463828]]}},{"type":"Feature","properties":{},"geometry":{"type":"LineString","coordinates":[[-123.306002,48.464146],[-123.305893,48.464159],[-123.305886,48.464139]]}},{"type":"Feature","properties":{},"geometry":{"type":"LineString","coordinates":[[-123.306266,48.464283],[-123.30629,48.46443],[-123.306417,48.464422],[-123.306441,48.464566],[-123.306316,48.464575]]}},{"type":"Feature","properties":{},"geometry":{"type":"LineString","coordinates":[[-123.306316,48.464575],[-123.306377,48.464907]]}},{"type":"Feature","properties":{},"geometry":{"type":"LineString","coordinates":[[-123.306989,48.467547],[-123.30606,48.468295],[-123.305738,48.468554],[-123.305256,48.46894],[-123.305178,48.469003],[-123.304944,48.469194],[-123.304899,48.46923]]}},{"type":"Feature","properties":{},"geometry":{"type":"LineString","coordinates":[[-123.307423,48.466995],[-123.307374,48.467083],[-123.307328,48.467155],[-123.307242,48.467261],[-123.307195,48.467314],[-123.307086,48.467425],[-123.307028,48.467481],[-123.306989,48.467547]]}},{"type":"Feature","properties":{},"geometry":{"type":"LineString","coordinates":[[-123.317565,48.468442],[-123.317543,48.468259],[-123.317515,48.468085]]}},{"type":"Feature","properties":{},"geometry":{"type":"LineString","coordinates":[[-123.310203,48.467789],[-123.31008,48.467721],[-123.30999,48.467668],[-123.309802,48.46756],[-123.309609,48.46745],[-123.309505,48.467397],[-123.309419,48.467345],[-123.309247,48.467248],[-123.308945,48.467078],[-123.308767,48.466976],[-123.309312,48.466506],[-123.309514,48.466609],[-123.3094,48.466701],[-123.308945,48.467078]]}},{"type":"Feature","properties":{},"geometry":{"type":"LineString","coordinates":[[-123.309819,48.468505],[-123.309951,48.468737]]}},{"type":"Feature","properties":{},"geometry":{"type":"LineString","coordinates":[[-123.308001,48.466597],[-123.307951,48.466647],[-123.307811,48.466796],[-123.307774,48.46683],[-123.307752,48.466844],[-123.307728,48.466855],[-123.307696,48.466865],[-123.307663,48.46687]]}},{"type":"Feature","properties":{},"geometry":{"type":"LineString","coordinates":[[-123.308312,48.466427],[-123.308543,48.466496],[-123.308587,48.466504],[-123.308632,48.466503],[-123.308675,48.466495],[-123.308713,48.466479],[-123.308949,48.466295],[-123.309403,48.465937],[-123.309426,48.465908],[-123.309439,48.465876],[-123.309444,48.465844],[-123.30944,48.465815],[-123.309428,48.465787],[-123.30941,48.46576],[-123.30927,48.465655]]}},{"type":"Feature","properties":{},"geometry":{"type":"LineString","coordinates":[[-123.30567,48.46426],[-123.305588,48.464272]]}},{"type":"Feature","properties":{},"geometry":{"type":"LineString","coordinates":[[-123.306108,48.462688],[-123.305845,48.462906],[-123.305588,48.462936],[-123.305504,48.462945],[-123.305344,48.462957],[-123.30525,48.46296],[-123.305178,48.462954],[-123.305111,48.462934],[-123.305041,48.462894]]}},{"type":"Feature","properties":{},"geometry":{"type":"LineString","coordinates":[[-123.307172,48.463578],[-123.307273,48.463612],[-123.307448,48.463679],[-123.307618,48.46373],[-123.307831,48.46379],[-123.307961,48.46382],[-123.308078,48.46384]]}},{"type":"Feature","properties":{},"geometry":{"type":"LineString","coordinates":[[-123.30704,48.462868],[-123.307083,48.463142],[-123.30711,48.463204],[-123.307169,48.463529],[-123.307172,48.463578]]}},{"type":"Feature","properties":{},"geometry":{"type":"LineString","coordinates":[[-123.306246,48.461922],[-123.306186,48.461968],[-123.305968,48.462135],[-123.305812,48.462254],[-123.305727,48.462294],[-123.305449,48.462368],[-123.305282,48.462393],[-123.305259,48.462392],[-123.305171,48.462388],[-123.304914,48.462348],[-123.304891,48.462345],[-123.30484,48.462344],[-123.304777,48.462357],[-123.304718,48.4624],[-123.304683,48.462428],[-123.30425,48.462768],[-123.304185,48.462819],[-123.30417,48.462841],[-123.304155,48.462864],[-123.304154,48.4629],[-123.304167,48.462925],[-123.304183,48.462957],[-123.304311,48.463162],[-123.304321,48.463178],[-123.304358,48.46328],[-123.304405,48.463561],[-123.304426,48.463662]]}},{"type":"Feature","properties":{},"geometry":{"type":"LineString","coordinates":[[-123.308326,48.462093],[-123.308266,48.462077],[-123.308152,48.462047],[-123.308028,48.461988],[-123.307915,48.46193],[-123.30769,48.461816],[-123.307473,48.461712]]}},{"type":"Feature","properties":{},"geometry":{"type":"LineString","coordinates":[[-123.312944,48.461684],[-123.312995,48.46167]]}},{"type":"Feature","properties":{},"geometry":{"type":"LineString","coordinates":[[-123.312995,48.46167],[-123.313039,48.46165]]}},{"type":"Feature","properties":{},"geometry":{"type":"LineString","coordinates":[[-123.311857,48.461264],[-123.311647,48.461278]]}},{"type":"Feature","properties":{},"geometry":{"type":"LineString","coordinates":[[-123.311647,48.461278],[-123.311651,48.461315]]}},{"type":"Feature","properties":{},"geometry":{"type":"LineString","coordinates":[[-123.311874,48.461342],[-123.311906,48.461365],[-123.311955,48.461405],[-123.312016,48.461727]]}},{"type":"Feature","properties":{},"geometry":{"type":"LineString","coordinates":[[-123.311651,48.461315],[-123.31166,48.461357]]}},{"type":"Feature","properties":{},"geometry":{"type":"LineString","coordinates":[[-123.314463,48.460781],[-123.314523,48.460738],[-123.314545,48.460692],[-123.314559,48.460659],[-123.31457,48.460524],[-123.314579,48.460419],[-123.314576,48.460386],[-123.314593,48.460336],[-123.314654,48.460244],[-123.314698,48.460137],[-123.314735,48.460085],[-123.314815,48.460001],[-123.314896,48.459902],[-123.314962,48.459814],[-123.315013,48.45974],[-123.315057,48.459703]]}},{"type":"Feature","properties":{},"geometry":{"type":"LineString","coordinates":[[-123.317943,48.468946],[-123.317943,48.468911],[-123.317959,48.46889],[-123.31798,48.468871],[-123.318006,48.468855],[-123.318039,48.468841],[-123.318076,48.468833],[-123.318114,48.46883],[-123.318148,48.468833],[-123.31818,48.468841],[-123.318208,48.468851],[-123.318234,48.468864],[-123.318268,48.46889],[-123.318292,48.468921],[-123.318304,48.468955],[-123.318304,48.468986],[-123.318293,48.469017],[-123.318273,48.469045],[-123.318104,48.469193],[-123.318077,48.469211],[-123.318048,48.469227],[-123.318015,48.469241],[-123.317975,48.469253],[-123.317932,48.469262],[-123.317865,48.469272],[-123.317799,48.46928],[-123.317725,48.469282],[-123.317653,48.469277],[-123.317581,48.469264],[-123.317513,48.469245],[-123.31745,48.469218],[-123.317313,48.469151],[-123.317127,48.469054],[-123.316972,48.468952],[-123.316945,48.468927],[-123.316921,48.468895],[-123.316896,48.468853],[-123.316883,48.468813],[-123.316879,48.468773],[-123.316877,48.468744],[-123.316874,48.468677]]}},{"type":"Feature","properties":{},"geometry":{"type":"LineString","coordinates":[[-123.316921,48.468895],[-123.317116,48.468888],[-123.317438,48.468875]]}},{"type":"Feature","properties":{},"geometry":{"type":"LineString","coordinates":[[-123.317127,48.469054],[-123.317273,48.469049]]}},{"type":"Feature","properties":{},"geometry":{"type":"LineString","coordinates":[[-123.315453,48.46139],[-123.315293,48.461261],[-123.315126,48.461141],[-123.315085,48.461115],[-123.314953,48.461032],[-123.314778,48.460931],[-123.314592,48.460841],[-123.314463,48.460781]]}},{"type":"Feature","properties":{},"geometry":{"type":"LineString","coordinates":[[-123.308977,48.464877],[-123.309097,48.46497],[-123.30924,48.465067],[-123.309418,48.465177]]}},{"type":"Feature","properties":{},"geometry":{"type":"LineString","coordinates":[[-123.31364,48.461716],[-123.313667,48.46172],[-123.313765,48.461733],[-123.313837,48.461742],[-123.313928,48.461735],[-123.313985,48.461711],[-123.314067,48.461648],[-123.314175,48.461582],[-123.31425,48.461518],[-123.314354,48.46148],[-123.314458,48.46148],[-123.314533,48.4615],[-123.314597,48.461511],[-123.314701,48.461494],[-123.314792,48.461455],[-123.314867,48.46142],[-123.314922,48.461377]]}},{"type":"Feature","properties":{},"geometry":{"type":"LineString","coordinates":[[-123.315048,48.461149],[-123.314926,48.461337],[-123.314922,48.461377]]}},{"type":"Feature","properties":{},"geometry":{"type":"LineString","coordinates":[[-123.315304,48.461598],[-123.315149,48.461568],[-123.315079,48.461538],[-123.315004,48.461494],[-123.314953,48.461449],[-123.314929,48.461412],[-123.314922,48.461377]]}},{"type":"Feature","properties":{},"geometry":{"type":"LineString","coordinates":[[-123.313765,48.461733],[-123.314078,48.46148],[-123.314345,48.461327],[-123.314662,48.461209],[-123.314751,48.461213],[-123.314859,48.46124],[-123.314926,48.461337]]}},{"type":"Feature","properties":{},"geometry":{"type":"LineString","coordinates":[[-123.319263,48.458822],[-123.318901,48.458677],[-123.318536,48.45855],[-123.317057,48.458177],[-123.316609,48.458096],[-123.316391,48.458065],[-123.316188,48.458051],[-123.315965,48.458036],[-123.315787,48.458037]]}},{"type":"Feature","properties":{},"geometry":{"type":"LineString","coordinates":[[-123.312129,48.463979],[-123.312239,48.46398]]}},{"type":"Feature","properties":{},"geometry":{"type":"LineString","coordinates":[[-123.314486,48.462181],[-123.314494,48.46221],[-123.314545,48.462517]]}},{"type":"Feature","properties":{},"geometry":{"type":"LineString","coordinates":[[-123.314578,48.462244],[-123.31459,48.462309],[-123.314555,48.462312],[-123.3146,48.462564]]}},{"type":"Feature","properties":{},"geometry":{"type":"LineString","coordinates":[[-123.318276,48.462566],[-123.318197,48.462579],[-123.318143,48.462638]]}},{"type":"Feature","properties":{},"geometry":{"type":"LineString","coordinates":[[-123.310893,48.464207],[-123.310617,48.464229],[-123.310565,48.464316],[-123.310428,48.464323],[-123.31005,48.464135]]}},{"type":"Feature","properties":{},"geometry":{"type":"LineString","coordinates":[[-123.313361,48.468691],[-123.313259,48.468699],[-123.313185,48.468703],[-123.31311,48.4687],[-123.313025,48.468704],[-123.312796,48.468723],[-123.312722,48.468748],[-123.312695,48.468778]]}},{"type":"Feature","properties":{},"geometry":{"type":"LineString","coordinates":[[-123.311046,48.468652],[-123.311141,48.468705],[-123.311202,48.468722],[-123.311275,48.468728],[-123.311336,48.468724],[-123.311384,48.468711],[-123.311479,48.468686],[-123.311522,48.468677],[-123.311536,48.468676],[-123.31159,48.468671],[-123.311642,48.46867],[-123.311681,48.468673],[-123.31174,48.46869],[-123.311798,48.468716],[-123.311839,48.468755],[-123.31186,48.468811],[-123.311898,48.468929],[-123.311915,48.469011]]}},{"type":"Feature","properties":{},"geometry":{"type":"LineString","coordinates":[[-123.311681,48.468673],[-123.311717,48.468582]]}},{"type":"Feature","properties":{},"geometry":{"type":"LineString","coordinates":[[-123.317466,48.468479],[-123.317414,48.468463],[-123.317343,48.468436],[-123.317198,48.468382],[-123.317121,48.468359],[-123.317056,48.468347],[-123.316962,48.468349],[-123.316871,48.468362],[-123.316814,48.468384],[-123.316686,48.468443],[-123.316617,48.46847],[-123.316541,48.468488],[-123.316452,48.468502],[-123.316368,48.468508],[-123.315733,48.468544],[-123.315,48.468593],[-123.314424,48.468634],[-123.314191,48.46865],[-123.314026,48.468655],[-123.313774,48.46865],[-123.313686,48.468651],[-123.313566,48.468666],[-123.313501,48.468684],[-123.313425,48.468712],[-123.313346,48.468731],[-123.313266,48.468744],[-123.312755,48.46879],[-123.312695,48.468778]]}},{"type":"Feature","properties":{},"geometry":{"type":"LineString","coordinates":[[-123.311536,48.468676],[-123.311485,48.468616],[-123.311431,48.468575],[-123.311261,48.468477]]}},{"type":"Feature","properties":{},"geometry":{"type":"LineString","coordinates":[[-123.312163,48.468565],[-123.31204,48.468563],[-123.31197,48.468584],[-123.311798,48.468716]]}},{"type":"Feature","properties":{},"geometry":{"type":"LineString","coordinates":[[-123.311717,48.468582],[-123.311654,48.468484],[-123.311149,48.468217],[-123.311385,48.46802],[-123.3115,48.468082],[-123.311645,48.468385],[-123.311654,48.468484]]}},{"type":"Feature","properties":{},"geometry":{"type":"LineString","coordinates":[[-123.308905,48.465952],[-123.30887,48.465853]]}},{"type":"Feature","properties":{},"geometry":{"type":"LineString","coordinates":[[-123.317515,48.468085],[-123.317485,48.467944]]}},{"type":"Feature","properties":{},"geometry":{"type":"LineString","coordinates":[[-123.317379,48.467507],[-123.317336,48.467394],[-123.317239,48.467167],[-123.31718,48.467061],[-123.317127,48.466969],[-123.316964,48.466733],[-123.316923,48.466682]]}},{"type":"Feature","properties":{},"geometry":{"type":"LineString","coordinates":[[-123.317485,48.467944],[-123.317441,48.467717],[-123.317414,48.467618],[-123.317379,48.467507]]}},{"type":"Feature","properties":{},"geometry":{"type":"LineString","coordinates":[[-123.30887,48.465853],[-123.308205,48.466392]]}},{"type":"Feature","properties":{},"geometry":{"type":"LineString","coordinates":[[-123.30887,48.465853],[-123.308692,48.465757],[-123.308658,48.465749],[-123.308623,48.465747],[-123.308593,48.465749],[-123.308561,48.465756],[-123.308539,48.465766],[-123.308516,48.465779],[-123.30791,48.466254],[-123.307898,48.466275],[-123.307894,48.466294],[-123.307896,48.466314],[-123.307906,48.466336],[-123.307923,48.466356],[-123.307946,48.466373],[-123.308129,48.466464]]}},{"type":"Feature","properties":{},"geometry":{"type":"LineString","coordinates":[[-123.308312,48.466427],[-123.308905,48.465952]]}},{"type":"Feature","properties":{},"geometry":{"type":"LineString","coordinates":[[-123.308217,48.466501],[-123.308312,48.466427]]}},{"type":"Feature","properties":{},"geometry":{"type":"LineString","coordinates":[[-123.308205,48.466392],[-123.308129,48.466464]]}},{"type":"Feature","properties":{},"geometry":{"type":"LineString","coordinates":[[-123.316923,48.466682],[-123.316804,48.466552],[-123.316677,48.466426],[-123.31644,48.466171],[-123.31634,48.466084],[-123.315892,48.465669],[-123.315393,48.465185],[-123.315302,48.465111],[-123.315249,48.465073],[-123.315148,48.465008]]}},{"type":"Feature","properties":{},"geometry":{"type":"LineString","coordinates":[[-123.315183,48.459306],[-123.315411,48.458981],[-123.315453,48.458776]]}},{"type":"Feature","properties":{},"geometry":{"type":"LineString","coordinates":[[-123.314913,48.459401],[-123.314769,48.459609],[-123.314331,48.460244],[-123.314281,48.4603]]}},{"type":"Feature","properties":{},"geometry":{"type":"LineString","coordinates":[[-123.31987,48.467971],[-123.319753,48.468067],[-123.319703,48.468108],[-123.319657,48.468155],[-123.319621,48.468203],[-123.319591,48.468254],[-123.319573,48.468297],[-123.319558,48.468331],[-123.319524,48.468444],[-123.31951,48.468578]]}},{"type":"Feature","properties":{},"geometry":{"type":"LineString","coordinates":[[-123.305722,48.468015],[-123.306001,48.468258],[-123.30606,48.468295]]}},{"type":"Feature","properties":{},"geometry":{"type":"LineString","coordinates":[[-123.31611,48.462718],[-123.316285,48.462709],[-123.316396,48.462702],[-123.316431,48.462861],[-123.316457,48.463106],[-123.316462,48.463323]]}},{"type":"Feature","properties":{},"geometry":{"type":"LineString","coordinates":[[-123.314781,48.469458],[-123.31403,48.469102],[-123.313668,48.468934]]}},{"type":"Feature","properties":{},"geometry":{"type":"LineString","coordinates":[[-123.315947,48.469048],[-123.315632,48.46932],[-123.315482,48.469359],[-123.315258,48.469557],[-123.315172,48.469641]]}},{"type":"Feature","properties":{},"geometry":{"type":"LineString","coordinates":[[-123.310804,48.470046],[-123.310861,48.470053],[-123.310902,48.470046],[-123.310932,48.470024],[-123.31094,48.469995],[-123.31093,48.469967],[-123.310898,48.469952],[-123.310843,48.469948],[-123.310775,48.469952],[-123.310669,48.46997]]}},{"type":"Feature","properties":{},"geometry":{"type":"LineString","coordinates":[[-123.316308,48.462857],[-123.316093,48.46287],[-123.315651,48.462905],[-123.31555,48.462973],[-123.315401,48.463085]]}},{"type":"Feature","properties":{},"geometry":{"type":"LineString","coordinates":[[-123.315378,48.463074],[-123.315351,48.463068],[-123.315323,48.463068],[-123.315296,48.463073],[-123.315274,48.463084],[-123.315257,48.4631],[-123.315248,48.463117],[-123.315248,48.463136],[-123.315257,48.463154],[-123.315274,48.463169],[-123.315299,48.463181],[-123.315329,48.463186],[-123.31536,48.463184],[-123.315389,48.463175],[-123.315411,48.463161],[-123.315424,48.463142],[-123.315427,48.463122],[-123.315419,48.463102],[-123.315401,48.463085],[-123.315378,48.463074]]}},{"type":"Feature","properties":{},"geometry":{"type":"LineString","coordinates":[[-123.317863,48.464438],[-123.317439,48.464216]]}},{"type":"Feature","properties":{},"geometry":{"type":"LineString","coordinates":[[-123.317463,48.464192],[-123.317467,48.464162],[-123.317447,48.464136],[-123.317411,48.464119],[-123.317366,48.464117],[-123.317326,48.46413],[-123.317316,48.46414],[-123.317301,48.464154],[-123.317298,48.464184],[-123.317318,48.46421],[-123.317354,48.464227],[-123.317399,48.464229],[-123.317439,48.464216],[-123.317463,48.464192]]}},{"type":"Feature","properties":{},"geometry":{"type":"LineString","coordinates":[[-123.305256,48.46894],[-123.306222,48.469464],[-123.306352,48.469497],[-123.306446,48.469507]]}},{"type":"Feature","properties":{},"geometry":{"type":"LineString","coordinates":[[-123.313678,48.462896],[-123.31354,48.462903]]}},{"type":"Feature","properties":{},"geometry":{"type":"LineString","coordinates":[[-123.310565,48.464316],[-123.310643,48.464333],[-123.310721,48.464329],[-123.310783,48.464345],[-123.31085,48.464332],[-123.310909,48.464301]]}},{"type":"Feature","properties":{},"geometry":{"type":"LineString","coordinates":[[-123.310783,48.464345],[-123.310802,48.464437],[-123.310856,48.464453],[-123.31094,48.464474]]}},{"type":"Feature","properties":{},"geometry":{"type":"LineString","coordinates":[[-123.316004,48.460427],[-123.316022,48.460409],[-123.316026,48.460355],[-123.316028,48.460331],[-123.316044,48.460308],[-123.316069,48.460297]]}},{"type":"Feature","properties":{},"geometry":{"type":"LineString","coordinates":[[-123.317108,48.459886],[-123.317069,48.459894],[-123.317022,48.459894],[-123.31693,48.459881]]}},{"type":"Feature","properties":{},"geometry":{"type":"LineString","coordinates":[[-123.317238,48.459903],[-123.317139,48.459895],[-123.317108,48.459886],[-123.317082,48.459793],[-123.317044,48.459725]]}},{"type":"Feature","properties":{},"geometry":{"type":"LineString","coordinates":[[-123.311886,48.464573],[-123.311869,48.464584]]}},{"type":"Feature","properties":{},"geometry":{"type":"LineString","coordinates":[[-123.312014,48.464478],[-123.31192,48.464546],[-123.311886,48.464573]]}},{"type":"Feature","properties":{},"geometry":{"type":"LineString","coordinates":[[-123.31204,48.46446],[-123.312014,48.464478]]}},{"type":"Feature","properties":{},"geometry":{"type":"LineString","coordinates":[[-123.312074,48.464435],[-123.31204,48.46446]]}},{"type":"Feature","properties":{},"geometry":{"type":"LineString","coordinates":[[-123.312239,48.46398],[-123.312313,48.463981]]}},{"type":"Feature","properties":{},"geometry":{"type":"LineString","coordinates":[[-123.313071,48.46326],[-123.312909,48.46338],[-123.312864,48.463413],[-123.312822,48.463465],[-123.312698,48.463621]]}},{"type":"Feature","properties":{},"geometry":{"type":"LineString","coordinates":[[-123.313126,48.463198],[-123.313071,48.46326]]}},{"type":"Feature","properties":{},"geometry":{"type":"LineString","coordinates":[[-123.31354,48.462903],[-123.313522,48.462905]]}},{"type":"Feature","properties":{},"geometry":{"type":"LineString","coordinates":[[-123.313736,48.462891],[-123.313678,48.462896]]}},{"type":"Feature","properties":{},"geometry":{"type":"LineString","coordinates":[[-123.314216,48.462888],[-123.314329,48.462896]]}},{"type":"Feature","properties":{},"geometry":{"type":"LineString","coordinates":[[-123.31419,48.46289],[-123.314216,48.462888]]}},{"type":"Feature","properties":{},"geometry":{"type":"LineString","coordinates":[[-123.314112,48.462897],[-123.31419,48.46289]]}},{"type":"Feature","properties":{},"geometry":{"type":"LineString","coordinates":[[-123.314072,48.4629],[-123.314112,48.462897]]}},{"type":"Feature","properties":{},"geometry":{"type":"LineString","coordinates":[[-123.304891,48.462345],[-123.3049,48.462299],[-123.304922,48.462161],[-123.304927,48.462113],[-123.304936,48.46204]]}},{"type":"Feature","properties":{},"geometry":{"type":"LineString","coordinates":[[-123.30403,48.462145],[-123.30397,48.461996],[-123.30391,48.461898]]}},{"type":"Feature","properties":{},"geometry":{"type":"LineString","coordinates":[[-123.303242,48.463363],[-123.303247,48.463286],[-123.303245,48.463274],[-123.303235,48.463257],[-123.303201,48.463225],[-123.303139,48.463176],[-123.303032,48.463121],[-123.303027,48.463115],[-123.303022,48.463105],[-123.303022,48.463075],[-123.30305,48.463029],[-123.303117,48.462965],[-123.303171,48.462923],[-123.303265,48.462851],[-123.303301,48.462822],[-123.303391,48.462736],[-123.303731,48.462459],[-123.30386,48.462406],[-123.304014,48.462331],[-123.304122,48.462295],[-123.304236,48.462279],[-123.304328,48.462282],[-123.304435,48.462293]]}},{"type":"Feature","properties":{},"geometry":{"type":"LineString","coordinates":[[-123.30425,48.462768],[-123.304138,48.462706],[-123.304028,48.462645],[-123.30391,48.462579],[-123.303814,48.462526],[-123.303788,48.46251],[-123.303731,48.462459],[-123.303726,48.462399],[-123.303739,48.46236],[-123.303974,48.46217],[-123.30403,48.462145],[-123.304101,48.462153],[-123.304272,48.462229],[-123.304435,48.462293],[-123.304563,48.462354],[-123.304683,48.462428]]}},{"type":"Feature","properties":{},"geometry":{"type":"LineString","coordinates":[[-123.303624,48.463061],[-123.303566,48.463072],[-123.303447,48.463175],[-123.303359,48.463264],[-123.303249,48.463357],[-123.303242,48.463363],[-123.303227,48.463374],[-123.3031,48.463476],[-123.303031,48.463526],[-123.302972,48.463542]]}},{"type":"Feature","properties":{},"geometry":{"type":"LineString","coordinates":[[-123.304167,48.462925],[-123.304026,48.462927],[-123.303886,48.462943],[-123.30375,48.462949],[-123.303594,48.46297]]}},{"type":"Feature","properties":{},"geometry":{"type":"LineString","coordinates":[[-123.313354,48.4659],[-123.313098,48.466125]]}},{"type":"Feature","properties":{},"geometry":{"type":"LineString","coordinates":[[-123.308129,48.466464],[-123.308217,48.466501]]}},{"type":"Feature","properties":{},"geometry":{"type":"LineString","coordinates":[[-123.315686,48.469687],[-123.31563,48.469733],[-123.315258,48.469557]]}},{"type":"Feature","properties":{},"geometry":{"type":"LineString","coordinates":[[-123.30228,48.46422],[-123.302647,48.463901],[-123.302656,48.463893],[-123.302663,48.463886],[-123.302683,48.463869]]}},{"type":"Feature","properties":{},"geometry":{"type":"LineString","coordinates":[[-123.3171,48.46152],[-123.318065,48.461447],[-123.318042,48.461283],[-123.318001,48.461063],[-123.317413,48.461106],[-123.317384,48.460942]]}},{"type":"Feature","properties":{},"geometry":{"type":"LineString","coordinates":[[-123.311937,48.465947],[-123.311997,48.46596],[-123.312059,48.465977],[-123.312089,48.465987]]}},{"type":"Feature","properties":{},"geometry":{"type":"LineString","coordinates":[[-123.315375,48.458554],[-123.315372,48.45858],[-123.315369,48.45862],[-123.315341,48.458662],[-123.315501,48.458712]]}},{"type":"Feature","properties":{},"geometry":{"type":"LineString","coordinates":[[-123.315615,48.457587],[-123.315636,48.457646],[-123.315677,48.457813],[-123.315687,48.457937],[-123.315685,48.458099],[-123.315678,48.458155],[-123.315667,48.458205],[-123.315634,48.458286],[-123.315593,48.458364],[-123.315556,48.458415],[-123.315494,48.458484],[-123.315441,48.458527],[-123.315375,48.458554],[-123.31528,48.458574],[-123.315192,48.458581],[-123.315116,48.458575],[-123.315043,48.458563],[-123.314974,48.458545],[-123.311166,48.457352],[-123.310434,48.457123],[-123.31041,48.457112],[-123.310393,48.457097],[-123.310389,48.457086]]}},{"type":"Feature","properties":{},"geometry":{"type":"LineString","coordinates":[[-123.305344,48.462957],[-123.305264,48.462899],[-123.30521,48.462853],[-123.305133,48.46281]]}},{"type":"Feature","properties":{},"geometry":{"type":"LineString","coordinates":[[-123.306751,48.462463],[-123.306748,48.462439],[-123.306871,48.462352]]}},{"type":"Feature","properties":{},"geometry":{"type":"LineString","coordinates":[[-123.3062,48.462477],[-123.306176,48.462488],[-123.306081,48.462494],[-123.306306,48.462588],[-123.306412,48.462638]]}},{"type":"Feature","properties":{},"geometry":{"type":"LineString","coordinates":[[-123.306939,48.462822],[-123.306892,48.462493],[-123.306878,48.462398],[-123.306872,48.462355],[-123.306871,48.462352],[-123.306812,48.462235]]}},{"type":"Feature","properties":{},"geometry":{"type":"LineString","coordinates":[[-123.308703,48.463981],[-123.308828,48.463973]]}},{"type":"Feature","properties":{},"geometry":{"type":"LineString","coordinates":[[-123.308883,48.464932],[-123.309012,48.465032],[-123.309073,48.465079],[-123.309322,48.465247],[-123.309382,48.465284],[-123.309431,48.465291]]}},{"type":"Feature","properties":{},"geometry":{"type":"LineString","coordinates":[[-123.308904,48.465494],[-123.30894,48.46548],[-123.309145,48.4654],[-123.30923,48.465367],[-123.309284,48.465345],[-123.309325,48.465326],[-123.309382,48.465295],[-123.309431,48.465291],[-123.309471,48.465291],[-123.309655,48.465379],[-123.30969,48.465415]]}},{"type":"Feature","properties":{},"geometry":{"type":"LineString","coordinates":[[-123.318228,48.461885],[-123.318374,48.461877],[-123.318489,48.461872],[-123.318632,48.461823],[-123.318761,48.461696]]}},{"type":"Feature","properties":{},"geometry":{"type":"LineString","coordinates":[[-123.318374,48.461877],[-123.318728,48.461933],[-123.318925,48.462024],[-123.319053,48.462087],[-123.319134,48.462124],[-123.319172,48.46214],[-123.319212,48.462156],[-123.319264,48.462174],[-123.319369,48.462194],[-123.31953,48.462206],[-123.31973,48.462214],[-123.320078,48.462217],[-123.320402,48.462219],[-123.32067,48.462222],[-123.320828,48.462225]]}},{"type":"Feature","properties":{},"geometry":{"type":"LineString","coordinates":[[-123.307123,48.462905],[-123.307469,48.462995],[-123.307553,48.463041],[-123.307695,48.46309],[-123.307895,48.463159],[-123.307915,48.463159],[-123.307939,48.463159],[-123.307985,48.463159],[-123.308045,48.463158]]}},{"type":"Feature","properties":{},"geometry":{"type":"LineString","coordinates":[[-123.305504,48.462945],[-123.305637,48.463065],[-123.305811,48.463222],[-123.305865,48.463233],[-123.306227,48.46331],[-123.306512,48.463394],[-123.306566,48.463419]]}},{"type":"Feature","properties":{},"geometry":{"type":"LineString","coordinates":[[-123.306634,48.463414],[-123.306611,48.463296],[-123.306582,48.463233],[-123.306517,48.463168],[-123.306449,48.463145]]}},{"type":"Feature","properties":{},"geometry":{"type":"LineString","coordinates":[[-123.308591,48.464528],[-123.308499,48.464565],[-123.308479,48.464573],[-123.308568,48.464659],[-123.308675,48.464757],[-123.308803,48.464872]]}},{"type":"Feature","properties":{},"geometry":{"type":"LineString","coordinates":[[-123.30704,48.462868],[-123.307123,48.462905]]}},{"type":"Feature","properties":{},"geometry":{"type":"LineString","coordinates":[[-123.310486,48.466337],[-123.310483,48.466313]]}},{"type":"Feature","properties":{},"geometry":{"type":"LineString","coordinates":[[-123.310487,48.466348],[-123.310486,48.466337]]}},{"type":"Feature","properties":{},"geometry":{"type":"LineString","coordinates":[[-123.31057,48.466312],[-123.310591,48.466323]]}},{"type":"Feature","properties":{},"geometry":{"type":"LineString","coordinates":[[-123.310524,48.466287],[-123.310556,48.466304]]}},{"type":"Feature","properties":{},"geometry":{"type":"LineString","coordinates":[[-123.310519,48.46655],[-123.310558,48.466621]]}},{"type":"Feature","properties":{},"geometry":{"type":"LineString","coordinates":[[-123.310512,48.466507],[-123.310519,48.46655]]}},{"type":"Feature","properties":{},"geometry":{"type":"LineString","coordinates":[[-123.310818,48.467047],[-123.310803,48.466962]]}},{"type":"Feature","properties":{},"geometry":{"type":"LineString","coordinates":[[-123.307036,48.465381],[-123.306877,48.46552]]}},{"type":"Feature","properties":{},"geometry":{"type":"LineString","coordinates":[[-123.30722,48.465478],[-123.307134,48.465497],[-123.306877,48.46552],[-123.306555,48.465556]]}},{"type":"Feature","properties":{},"geometry":{"type":"LineString","coordinates":[[-123.306956,48.465002],[-123.307016,48.465356],[-123.307029,48.465376],[-123.307036,48.465381],[-123.307047,48.465389],[-123.30722,48.465478]]}},{"type":"Feature","properties":{},"geometry":{"type":"LineString","coordinates":[[-123.305183,48.469328],[-123.307219,48.47047]]}},{"type":"Feature","properties":{},"geometry":{"type":"LineString","coordinates":[[-123.30957,48.468292],[-123.309653,48.468218],[-123.310203,48.467789],[-123.310668,48.467422]]}},{"type":"Feature","properties":{},"geometry":{"type":"LineString","coordinates":[[-123.310668,48.467422],[-123.31071,48.467406],[-123.310979,48.467192]]}},{"type":"Feature","properties":{},"geometry":{"type":"LineString","coordinates":[[-123.310979,48.467192],[-123.310944,48.467173],[-123.310915,48.467158]]}},{"type":"Feature","properties":{},"geometry":{"type":"LineString","coordinates":[[-123.311853,48.466399],[-123.311925,48.466253],[-123.311986,48.46613],[-123.312034,48.46603],[-123.312059,48.465977]]}},{"type":"Feature","properties":{},"geometry":{"type":"LineString","coordinates":[[-123.308485,48.465038],[-123.308825,48.465014]]}},{"type":"Feature","properties":{},"geometry":{"type":"LineString","coordinates":[[-123.308113,48.464688],[-123.308568,48.464659]]}},{"type":"Feature","properties":{},"geometry":{"type":"LineString","coordinates":[[-123.308623,48.461872],[-123.308413,48.461989],[-123.308381,48.46201]]}},{"type":"Feature","properties":{},"geometry":{"type":"LineString","coordinates":[[-123.307915,48.46193],[-123.307823,48.461974],[-123.307741,48.461992],[-123.307608,48.462004],[-123.307486,48.462006],[-123.307389,48.461988],[-123.307202,48.461925]]}},{"type":"Feature","properties":{},"geometry":{"type":"LineString","coordinates":[[-123.306891,48.46217],[-123.307303,48.462387],[-123.307317,48.462409]]}},{"type":"Feature","properties":{},"geometry":{"type":"LineString","coordinates":[[-123.305693,48.463023],[-123.305637,48.463065]]}},{"type":"Feature","properties":{},"geometry":{"type":"LineString","coordinates":[[-123.30581,48.462933],[-123.305693,48.463023]]}},{"type":"Feature","properties":{},"geometry":{"type":"LineString","coordinates":[[-123.305845,48.462906],[-123.30581,48.462933]]}},{"type":"Feature","properties":{},"geometry":{"type":"LineString","coordinates":[[-123.306081,48.462494],[-123.306064,48.462495],[-123.305957,48.462501]]}},{"type":"Feature","properties":{},"geometry":{"type":"LineString","coordinates":[[-123.31402,48.464714],[-123.31401,48.464659]]}},{"type":"Feature","properties":{},"geometry":{"type":"LineString","coordinates":[[-123.31401,48.464659],[-123.314007,48.464642],[-123.314029,48.46464]]}},{"type":"Feature","properties":{},"geometry":{"type":"LineString","coordinates":[[-123.315009,48.465042],[-123.31505,48.465071],[-123.31511,48.465108]]}},{"type":"Feature","properties":{},"geometry":{"type":"LineString","coordinates":[[-123.314168,48.464638],[-123.314183,48.464726]]}},{"type":"Feature","properties":{},"geometry":{"type":"LineString","coordinates":[[-123.306878,48.462398],[-123.306846,48.462443],[-123.306806,48.462495],[-123.306767,48.462527],[-123.306658,48.462555],[-123.306523,48.462591],[-123.306412,48.462638]]}},{"type":"Feature","properties":{},"geometry":{"type":"LineString","coordinates":[[-123.31084,48.463901],[-123.310832,48.463859],[-123.310826,48.463816]]}},{"type":"Feature","properties":{},"geometry":{"type":"LineString","coordinates":[[-123.307389,48.461988],[-123.30741,48.462018]]}},{"type":"Feature","properties":{},"geometry":{"type":"LineString","coordinates":[[-123.306998,48.46284],[-123.307099,48.462833]]}},{"type":"Feature","properties":{},"geometry":{"type":"LineString","coordinates":[[-123.306892,48.462493],[-123.306918,48.462492]]}},{"type":"Feature","properties":{},"geometry":{"type":"LineString","coordinates":[[-123.308156,48.462073],[-123.308064,48.462106],[-123.307877,48.462181],[-123.30777,48.462238],[-123.307694,48.462297],[-123.307637,48.46235],[-123.307639,48.462366]]}},{"type":"Feature","properties":{},"geometry":{"type":"LineString","coordinates":[[-123.307741,48.462736],[-123.307819,48.462656],[-123.307886,48.462575],[-123.307947,48.46249],[-123.30804,48.462326],[-123.308156,48.462073],[-123.308152,48.462047]]}},{"type":"Feature","properties":{},"geometry":{"type":"LineString","coordinates":[[-123.307915,48.463159],[-123.307867,48.463049],[-123.30783,48.46296],[-123.307771,48.462824],[-123.307746,48.462755],[-123.307741,48.462736],[-123.30772,48.46266],[-123.307683,48.462554],[-123.307666,48.462517]]}},{"type":"Feature","properties":{},"geometry":{"type":"LineString","coordinates":[[-123.305549,48.462613],[-123.305571,48.462631]]}},{"type":"Feature","properties":{},"geometry":{"type":"LineString","coordinates":[[-123.306064,48.462495],[-123.30602,48.462549],[-123.305972,48.462589],[-123.305945,48.462596],[-123.305875,48.462611],[-123.305571,48.462631],[-123.305577,48.462695],[-123.305546,48.462728],[-123.305588,48.462936]]}},{"type":"Feature","properties":{},"geometry":{"type":"LineString","coordinates":[[-123.306484,48.463113],[-123.306301,48.463007]]}},{"type":"Feature","properties":{},"geometry":{"type":"LineString","coordinates":[[-123.306168,48.462616],[-123.306148,48.462637],[-123.306153,48.462685]]}},{"type":"Feature","properties":{},"geometry":{"type":"LineString","coordinates":[[-123.306306,48.462588],[-123.306182,48.462602],[-123.306168,48.462616]]}},{"type":"Feature","properties":{},"geometry":{"type":"LineString","coordinates":[[-123.306108,48.462688],[-123.306153,48.462685],[-123.306222,48.462681]]}},{"type":"Feature","properties":{},"geometry":{"type":"LineString","coordinates":[[-123.305812,48.462254],[-123.306062,48.4624],[-123.306081,48.462494]]}},{"type":"Feature","properties":{},"geometry":{"type":"LineString","coordinates":[[-123.306081,48.462494],[-123.306108,48.462688]]}},{"type":"Feature","properties":{},"geometry":{"type":"LineString","coordinates":[[-123.31644,48.466171],[-123.3165,48.46614],[-123.316527,48.466125],[-123.316583,48.466095],[-123.316597,48.466042],[-123.316595,48.466015],[-123.316593,48.465997],[-123.316539,48.465906],[-123.316532,48.465859]]}},{"type":"Feature","properties":{},"geometry":{"type":"LineString","coordinates":[[-123.316532,48.465859],[-123.316577,48.465807],[-123.316687,48.465712],[-123.316776,48.465675],[-123.316934,48.465629],[-123.317077,48.465601],[-123.317274,48.465586],[-123.31758,48.465574],[-123.317666,48.465533]]}},{"type":"Feature","properties":{},"geometry":{"type":"LineString","coordinates":[[-123.319106,48.462032],[-123.319053,48.462087],[-123.319033,48.462108],[-123.318961,48.46223],[-123.318892,48.462503],[-123.318794,48.462692],[-123.318697,48.462833],[-123.318627,48.462907],[-123.318554,48.462976],[-123.318463,48.46305],[-123.318374,48.463111],[-123.318291,48.463176]]}},{"type":"Feature","properties":{},"geometry":{"type":"LineString","coordinates":[[-123.319106,48.462032],[-123.319028,48.46199],[-123.318957,48.461942],[-123.318895,48.461889],[-123.318842,48.461829],[-123.318801,48.461764],[-123.318761,48.461696],[-123.318651,48.461488],[-123.318592,48.461413],[-123.318548,48.461374],[-123.318495,48.461341],[-123.318435,48.461313],[-123.318367,48.461291],[-123.318295,48.461277],[-123.318221,48.461271],[-123.318153,48.461275],[-123.318086,48.461282]]}},{"type":"Feature","properties":{},"geometry":{"type":"LineString","coordinates":[[-123.307423,48.466995],[-123.30733,48.467114],[-123.307281,48.467141],[-123.307246,48.467185],[-123.307168,48.467283],[-123.307077,48.467377],[-123.306978,48.46747],[-123.30687,48.467559],[-123.306455,48.467893],[-123.306001,48.468258],[-123.305116,48.468969],[-123.30489,48.469165],[-123.304846,48.469203]]}},{"type":"Feature","properties":{},"geometry":{"type":"LineString","coordinates":[[-123.304846,48.469203],[-123.304805,48.469235],[-123.304645,48.469362],[-123.303817,48.470011],[-123.303086,48.470594],[-123.303053,48.470609],[-123.303014,48.470615],[-123.303004,48.470622],[-123.302941,48.470665]]}},{"type":"Feature","properties":{},"geometry":{"type":"LineString","coordinates":[[-123.304846,48.469203],[-123.304899,48.46923]]}},{"type":"Feature","properties":{},"geometry":{"type":"LineString","coordinates":[[-123.307739,48.467253],[-123.3075,48.467213],[-123.307421,48.467184],[-123.307328,48.467155],[-123.307281,48.467141],[-123.307262,48.467133],[-123.307315,48.466828],[-123.307378,48.466809],[-123.307468,48.466763],[-123.307514,48.466731],[-123.307734,48.466768],[-123.307811,48.466796],[-123.307896,48.466819],[-123.307965,48.466834]]}},{"type":"Feature","properties":{},"geometry":{"type":"LineString","coordinates":[[-123.308238,48.467399],[-123.308082,48.467277],[-123.307992,48.467205],[-123.307935,48.467148]]}},{"type":"Feature","properties":{},"geometry":{"type":"LineString","coordinates":[[-123.30532,48.465461],[-123.3053,48.46545],[-123.304673,48.465955],[-123.304643,48.466014]]}},{"type":"Feature","properties":{},"geometry":{"type":"LineString","coordinates":[[-123.304643,48.466014],[-123.304558,48.466188],[-123.304548,48.466222],[-123.304545,48.466256],[-123.304549,48.466291],[-123.30456,48.466327],[-123.304579,48.466361],[-123.304604,48.466393],[-123.304735,48.466556]]}},{"type":"Feature","properties":{},"geometry":{"type":"LineString","coordinates":[[-123.307863,48.467362],[-123.308011,48.467377]]}},{"type":"Feature","properties":{},"geometry":{"type":"LineString","coordinates":[[-123.307514,48.466731],[-123.30745,48.466684],[-123.307397,48.466646],[-123.307309,48.466566],[-123.307237,48.46648],[-123.307137,48.466348],[-123.306997,48.466278],[-123.306811,48.466231]]}},{"type":"Feature","properties":{},"geometry":{"type":"LineString","coordinates":[[-123.302752,48.46381],[-123.304158,48.464595],[-123.304944,48.465036],[-123.305347,48.465262],[-123.305966,48.465611],[-123.306625,48.465985],[-123.306776,48.466074],[-123.306815,48.466095]]}},{"type":"Feature","properties":{},"geometry":{"type":"LineString","coordinates":[[-123.303714,48.463599],[-123.303627,48.463614],[-123.303577,48.46362],[-123.303473,48.46363],[-123.30327,48.463668],[-123.303079,48.463712],[-123.302959,48.463734],[-123.302858,48.463724]]}},{"type":"Feature","properties":{},"geometry":{"type":"LineString","coordinates":[[-123.303577,48.46362],[-123.303545,48.463705],[-123.303531,48.463727],[-123.303565,48.46377],[-123.303602,48.463814],[-123.303679,48.463875],[-123.303685,48.463886],[-123.303717,48.463892],[-123.303763,48.463885]]}},{"type":"Feature","properties":{},"geometry":{"type":"LineString","coordinates":[[-123.303685,48.463886],[-123.303609,48.463917],[-123.303554,48.463956],[-123.30352,48.463989],[-123.303477,48.464039]]}},{"type":"Feature","properties":{},"geometry":{"type":"LineString","coordinates":[[-123.303531,48.463727],[-123.303525,48.463754],[-123.303466,48.463801]]}},{"type":"Feature","properties":{},"geometry":{"type":"LineString","coordinates":[[-123.303627,48.463614],[-123.303549,48.463578],[-123.303515,48.463547],[-123.303417,48.463479],[-123.303319,48.463426],[-123.303227,48.463374]]}},{"type":"Feature","properties":{},"geometry":{"type":"LineString","coordinates":[[-123.303027,48.463115],[-123.30294,48.463143],[-123.302886,48.463188],[-123.302868,48.463206],[-123.302874,48.463239],[-123.302866,48.463324],[-123.302855,48.463426]]}},{"type":"Feature","properties":{},"geometry":{"type":"LineString","coordinates":[[-123.302752,48.46381],[-123.301918,48.463352],[-123.301271,48.462987],[-123.301052,48.462859],[-123.300455,48.462514],[-123.300037,48.462279],[-123.299363,48.461906],[-123.29891,48.461633],[-123.298531,48.461429],[-123.297827,48.461048]]}},{"type":"Feature","properties":{},"geometry":{"type":"LineString","coordinates":[[-123.303257,48.46297],[-123.303171,48.462923],[-123.303081,48.462855]]}},{"type":"Feature","properties":{},"geometry":{"type":"LineString","coordinates":[[-123.303714,48.463599],[-123.304405,48.463561],[-123.304429,48.463561],[-123.304467,48.463566],[-123.304506,48.463585],[-123.304544,48.46359]]}},{"type":"Feature","properties":{},"geometry":{"type":"LineString","coordinates":[[-123.304544,48.46359],[-123.304736,48.463555],[-123.304955,48.463528],[-123.305046,48.463519],[-123.305089,48.46349],[-123.305103,48.463469],[-123.305147,48.463461]]}},{"type":"Feature","properties":{},"geometry":{"type":"LineString","coordinates":[[-123.304875,48.463038],[-123.305031,48.463101]]}},{"type":"Feature","properties":{},"geometry":{"type":"LineString","coordinates":[[-123.305005,48.462874],[-123.304955,48.462907],[-123.304917,48.462931],[-123.304883,48.462938],[-123.304772,48.462942],[-123.304664,48.462939],[-123.304605,48.462927],[-123.304589,48.462924],[-123.304513,48.462907],[-123.304481,48.462891],[-123.304304,48.462797],[-123.30425,48.462768]]}},{"type":"Feature","properties":{},"geometry":{"type":"LineString","coordinates":[[-123.304832,48.463159],[-123.30477,48.463097],[-123.304731,48.463058],[-123.304694,48.463012],[-123.30465,48.462968],[-123.304605,48.462927]]}},{"type":"Feature","properties":{},"geometry":{"type":"LineString","coordinates":[[-123.305041,48.462894],[-123.305005,48.462874],[-123.305041,48.462847],[-123.305052,48.46281],[-123.30504,48.462751],[-123.305026,48.462688],[-123.304998,48.462635],[-123.304965,48.462594],[-123.30495,48.462581],[-123.304926,48.46256],[-123.304912,48.462551],[-123.304814,48.462499],[-123.304683,48.462428]]}},{"type":"Feature","properties":{},"geometry":{"type":"LineString","coordinates":[[-123.30495,48.462581],[-123.30494,48.462542],[-123.304931,48.46246],[-123.304914,48.462348]]}},{"type":"Feature","properties":{},"geometry":{"type":"LineString","coordinates":[[-123.304138,48.462706],[-123.304057,48.462768]]}},{"type":"Feature","properties":{},"geometry":{"type":"LineString","coordinates":[[-123.304028,48.462645],[-123.303944,48.462705]]}},{"type":"Feature","properties":{},"geometry":{"type":"LineString","coordinates":[[-123.30391,48.462579],[-123.303828,48.46264]]}},{"type":"Feature","properties":{},"geometry":{"type":"LineString","coordinates":[[-123.303814,48.462526],[-123.303744,48.462576]]}},{"type":"Feature","properties":{},"geometry":{"type":"LineString","coordinates":[[-123.30417,48.462841],[-123.304089,48.462833]]}},{"type":"Feature","properties":{},"geometry":{"type":"LineString","coordinates":[[-123.303043,48.46232],[-123.303031,48.462353],[-123.30301,48.462387],[-123.302959,48.462425],[-123.3027,48.462621],[-123.302521,48.462771]]}},{"type":"Feature","properties":{},"geometry":{"type":"LineString","coordinates":[[-123.305968,48.462135],[-123.305826,48.462057],[-123.305729,48.462004],[-123.305569,48.461916]]}},{"type":"Feature","properties":{},"geometry":{"type":"LineString","coordinates":[[-123.305222,48.462141],[-123.305231,48.462197],[-123.305241,48.46228],[-123.305259,48.462392]]}},{"type":"Feature","properties":{},"geometry":{"type":"LineString","coordinates":[[-123.305222,48.462141],[-123.305214,48.462032],[-123.305211,48.461958]]}},{"type":"Feature","properties":{},"geometry":{"type":"LineString","coordinates":[[-123.304927,48.462113],[-123.305063,48.462111],[-123.305222,48.462141]]}},{"type":"Feature","properties":{},"geometry":{"type":"LineString","coordinates":[[-123.304311,48.463162],[-123.304143,48.463164],[-123.304017,48.463165],[-123.30379,48.463172],[-123.303773,48.463173],[-123.303695,48.463177],[-123.303645,48.463182]]}},{"type":"Feature","properties":{},"geometry":{"type":"LineString","coordinates":[[-123.30375,48.462949],[-123.30379,48.463172]]}},{"type":"Feature","properties":{},"geometry":{"type":"LineString","coordinates":[[-123.303572,48.462921],[-123.303535,48.46293],[-123.303514,48.462929],[-123.303484,48.462915],[-123.303402,48.462883],[-123.303357,48.46288],[-123.303333,48.46288],[-123.303315,48.462877],[-123.303265,48.462851]]}},{"type":"Feature","properties":{},"geometry":{"type":"LineString","coordinates":[[-123.302683,48.463869],[-123.302729,48.463829],[-123.302752,48.46381],[-123.302858,48.463724],[-123.302961,48.46364],[-123.302983,48.463579],[-123.302972,48.463542],[-123.302899,48.463475],[-123.302855,48.463426],[-123.302749,48.463307]]}},{"type":"Feature","properties":{},"geometry":{"type":"LineString","coordinates":[[-123.308668,48.461512],[-123.308544,48.461575],[-123.308406,48.461712],[-123.308295,48.461865],[-123.308207,48.461996],[-123.308152,48.462047]]}},{"type":"Feature","properties":{},"geometry":{"type":"LineString","coordinates":[[-123.308618,48.461703],[-123.308528,48.461708]]}},{"type":"Feature","properties":{},"geometry":{"type":"LineString","coordinates":[[-123.314361,48.460835],[-123.314459,48.460822],[-123.314581,48.460877],[-123.314836,48.461015],[-123.314988,48.46111],[-123.315048,48.461149],[-123.315133,48.461204],[-123.315254,48.461292],[-123.315382,48.461394],[-123.315529,48.461524],[-123.315607,48.461605],[-123.31563,48.461638],[-123.31564,48.461695],[-123.315658,48.46174],[-123.315695,48.461809],[-123.315712,48.461827],[-123.315813,48.461934],[-123.315833,48.461964],[-123.315845,48.461987],[-123.315848,48.46202],[-123.315918,48.462085],[-123.315974,48.462146],[-123.316007,48.462209],[-123.316037,48.462274],[-123.316083,48.462382],[-123.316111,48.462488],[-123.316126,48.46262],[-123.31611,48.462718],[-123.316093,48.462804],[-123.316093,48.46287],[-123.316099,48.462905],[-123.316129,48.463039],[-123.316158,48.463106],[-123.316168,48.463191],[-123.316153,48.463273],[-123.316121,48.463351],[-123.316076,48.463486],[-123.316067,48.463606],[-123.316073,48.463689],[-123.316081,48.463784],[-123.316057,48.463853],[-123.316042,48.463885],[-123.31599,48.463993],[-123.315918,48.464103],[-123.315845,48.464219],[-123.315816,48.464269],[-123.315773,48.464338],[-123.315751,48.464373],[-123.315677,48.464464]]}},{"type":"Feature","properties":{},"geometry":{"type":"LineString","coordinates":[[-123.315104,48.465121],[-123.315112,48.465143],[-123.315123,48.465178],[-123.315154,48.465325]]}},{"type":"Feature","properties":{},"geometry":{"type":"LineString","coordinates":[[-123.313515,48.465759],[-123.313376,48.465875],[-123.313354,48.4659],[-123.313153,48.465928],[-123.312963,48.465935],[-123.312841,48.465931],[-123.312753,48.465934],[-123.312626,48.465951],[-123.312465,48.465951],[-123.31221,48.465963],[-123.312124,48.465971]]}},{"type":"Feature","properties":{},"geometry":{"type":"LineString","coordinates":[[-123.314322,48.465537],[-123.314184,48.465591],[-123.313959,48.46566],[-123.313894,48.465658],[-123.313596,48.465735],[-123.313515,48.465759]]}},{"type":"Feature","properties":{},"geometry":{"type":"LineString","coordinates":[[-123.312124,48.465971],[-123.312089,48.465987],[-123.312087,48.466018],[-123.312088,48.466038],[-123.31211,48.466068],[-123.312101,48.466086],[-123.312089,48.466105],[-123.311997,48.466286],[-123.311985,48.46631],[-123.311961,48.466321],[-123.311939,48.466336],[-123.311916,48.46641]]}},{"type":"Feature","properties":{},"geometry":{"type":"LineString","coordinates":[[-123.310226,48.4657],[-123.310427,48.465801],[-123.31056,48.465804],[-123.310688,48.465797],[-123.310875,48.465786]]}},{"type":"Feature","properties":{},"geometry":{"type":"LineString","coordinates":[[-123.309097,48.466336],[-123.309335,48.466459],[-123.309655,48.466615],[-123.309705,48.466658],[-123.309716,48.466819]]}},{"type":"Feature","properties":{},"geometry":{"type":"LineString","coordinates":[[-123.307734,48.466768],[-123.307672,48.466721],[-123.307674,48.466699],[-123.307716,48.466602],[-123.30788,48.46643],[-123.307946,48.466373]]}},{"type":"Feature","properties":{},"geometry":{"type":"LineString","coordinates":[[-123.308032,48.466779],[-123.308035,48.466663]]}},{"type":"Feature","properties":{},"geometry":{"type":"LineString","coordinates":[[-123.308035,48.466663],[-123.308148,48.46656],[-123.308155,48.466554],[-123.308217,48.466501]]}},{"type":"Feature","properties":{},"geometry":{"type":"LineString","coordinates":[[-123.307932,48.466601],[-123.307811,48.466716],[-123.307734,48.466768]]}},{"type":"Feature","properties":{},"geometry":{"type":"LineString","coordinates":[[-123.308129,48.466464],[-123.308079,48.466512],[-123.308065,48.466527],[-123.308001,48.466597]]}},{"type":"Feature","properties":{},"geometry":{"type":"LineString","coordinates":[[-123.30779,48.466099],[-123.307552,48.466298],[-123.307529,48.466315],[-123.307501,48.466326],[-123.307469,48.466331],[-123.30743,48.466329],[-123.307404,48.466324],[-123.307314,48.466304],[-123.307209,48.466279],[-123.307118,48.466236]]}},{"type":"Feature","properties":{},"geometry":{"type":"LineString","coordinates":[[-123.30788,48.46643],[-123.307806,48.4664],[-123.307767,48.466376],[-123.307737,48.466342],[-123.307727,48.466299],[-123.307735,48.466262],[-123.307749,48.466242],[-123.307765,48.466228],[-123.307788,48.466208],[-123.307792,48.466204]]}},{"type":"Feature","properties":{},"geometry":{"type":"LineString","coordinates":[[-123.307636,48.466054],[-123.307849,48.466038]]}},{"type":"Feature","properties":{},"geometry":{"type":"LineString","coordinates":[[-123.30788,48.46643],[-123.307961,48.466466],[-123.307993,48.466489],[-123.307995,48.466505]]}},{"type":"Feature","properties":{},"geometry":{"type":"LineString","coordinates":[[-123.308001,48.466597],[-123.307932,48.466601]]}},{"type":"Feature","properties":{},"geometry":{"type":"LineString","coordinates":[[-123.312695,48.468778],[-123.312641,48.468807],[-123.312194,48.468846],[-123.312033,48.468861],[-123.312009,48.468882],[-123.312015,48.468918]]}},{"type":"Feature","properties":{},"geometry":{"type":"LineString","coordinates":[[-123.317466,48.468479],[-123.31742,48.468477],[-123.317381,48.468477],[-123.317336,48.468479],[-123.317293,48.468485],[-123.317176,48.468507],[-123.316999,48.468544]]}},{"type":"Feature","properties":{},"geometry":{"type":"LineString","coordinates":[[-123.32004,48.467854],[-123.31987,48.467971]]}},{"type":"Feature","properties":{},"geometry":{"type":"LineString","coordinates":[[-123.311948,48.469224],[-123.312058,48.469237],[-123.312168,48.469244],[-123.312223,48.469239],[-123.312449,48.469188],[-123.312509,48.469172],[-123.312573,48.469144],[-123.312604,48.469128],[-123.312674,48.469098],[-123.31271,48.469086],[-123.312747,48.469077],[-123.31282,48.469067],[-123.312901,48.469064],[-123.312984,48.469066],[-123.313049,48.469072],[-123.313134,48.469088],[-123.313602,48.469226],[-123.313663,48.469238],[-123.313734,48.469238],[-123.313802,48.46923],[-123.313871,48.469211],[-123.313937,48.469177],[-123.31403,48.469102]]}},{"type":"Feature","properties":{},"geometry":{"type":"LineString","coordinates":[[-123.312702,48.469919],[-123.312609,48.469953],[-123.312472,48.469987],[-123.312383,48.470001],[-123.312291,48.470014],[-123.312209,48.470025],[-123.312133,48.470041],[-123.311103,48.470275]]}},{"type":"Feature","properties":{},"geometry":{"type":"LineString","coordinates":[[-123.311602,48.469491],[-123.311435,48.469204]]}},{"type":"Feature","properties":{},"geometry":{"type":"LineString","coordinates":[[-123.308618,48.461703],[-123.308688,48.461656],[-123.308779,48.461568],[-123.308879,48.461467],[-123.308998,48.461367],[-123.309102,48.461288],[-123.309162,48.461242],[-123.309309,48.461146],[-123.309508,48.461027],[-123.309644,48.460944],[-123.309734,48.460901],[-123.309879,48.460829],[-123.309934,48.460807],[-123.310065,48.460748],[-123.310209,48.460705],[-123.310305,48.460667],[-123.310361,48.460643],[-123.310447,48.460621],[-123.310573,48.460565],[-123.310701,48.460531],[-123.310861,48.4605],[-123.311015,48.460475],[-123.311165,48.460436],[-123.311324,48.460412],[-123.311393,48.460403],[-123.311459,48.460396],[-123.311658,48.460378],[-123.31178,48.460371],[-123.311824,48.460382]]}},{"type":"Feature","properties":{},"geometry":{"type":"LineString","coordinates":[[-123.311824,48.460382],[-123.312045,48.460375],[-123.312238,48.460376],[-123.312431,48.460381],[-123.312592,48.46039],[-123.312845,48.460414],[-123.313059,48.460443],[-123.313228,48.46047],[-123.313426,48.460509],[-123.313602,48.460551],[-123.313709,48.46058],[-123.313796,48.460604],[-123.313832,48.46062],[-123.313902,48.460664],[-123.313946,48.460685],[-123.314162,48.460763],[-123.314361,48.460835]]}},{"type":"Feature","properties":{},"geometry":{"type":"LineString","coordinates":[[-123.308051,48.465291],[-123.307891,48.465214],[-123.30783,48.465207]]}},{"type":"Feature","properties":{},"geometry":{"type":"LineString","coordinates":[[-123.308098,48.465296],[-123.308083,48.465288],[-123.308051,48.465291]]}},{"type":"Feature","properties":{},"geometry":{"type":"LineString","coordinates":[[-123.306812,48.462235],[-123.306621,48.46213],[-123.306425,48.462022],[-123.306246,48.461922],[-123.306042,48.461809],[-123.305857,48.461706]]}},{"type":"Feature","properties":{},"geometry":{"type":"LineString","coordinates":[[-123.314266,48.460909],[-123.314176,48.461059],[-123.314094,48.461186],[-123.314027,48.461294],[-123.313971,48.461385],[-123.313918,48.461451],[-123.313866,48.461514],[-123.313817,48.461559],[-123.313768,48.461603],[-123.313698,48.461655],[-123.313654,48.461693],[-123.31364,48.461716],[-123.31359,48.461795],[-123.313555,48.461845],[-123.313493,48.461902],[-123.313186,48.462178],[-123.313112,48.462202]]}},{"type":"Feature","properties":{},"geometry":{"type":"LineString","coordinates":[[-123.314266,48.460909],[-123.314361,48.460835],[-123.314463,48.460781]]}},{"type":"Feature","properties":{},"geometry":{"type":"LineString","coordinates":[[-123.313994,48.461119],[-123.314051,48.461074],[-123.314195,48.460954],[-123.314266,48.460909]]}},{"type":"Feature","properties":{},"geometry":{"type":"LineString","coordinates":[[-123.315154,48.465325],[-123.314711,48.465532],[-123.314536,48.465498],[-123.314493,48.465475]]}},{"type":"Feature","properties":{},"geometry":{"type":"LineString","coordinates":[[-123.308016,48.466318],[-123.307946,48.466373]]}},{"type":"Feature","properties":{},"geometry":{"type":"LineString","coordinates":[[-123.309188,48.464183],[-123.30911,48.464188]]}},{"type":"Feature","properties":{},"geometry":{"type":"LineString","coordinates":[[-123.309148,48.463973],[-123.309074,48.463979]]}},{"type":"Feature","properties":{},"geometry":{"type":"LineString","coordinates":[[-123.319737,48.468747],[-123.319761,48.468761],[-123.319784,48.468775]]}},{"type":"Feature","properties":{},"geometry":{"type":"LineString","coordinates":[[-123.314493,48.465475],[-123.31451,48.465442],[-123.314522,48.465424],[-123.314535,48.46541],[-123.314559,48.4654],[-123.314589,48.465386],[-123.314626,48.46537],[-123.314734,48.465317],[-123.314794,48.465286],[-123.314861,48.46525],[-123.314931,48.465212],[-123.314984,48.46518],[-123.315037,48.465151],[-123.315072,48.465131],[-123.315104,48.465121],[-123.315123,48.465117]]}},{"type":"Feature","properties":{},"geometry":{"type":"LineString","coordinates":[[-123.313364,48.462649],[-123.313346,48.462531],[-123.313256,48.462468],[-123.31325,48.462458],[-123.31325,48.462389],[-123.313244,48.462361],[-123.313234,48.462314],[-123.313228,48.462285]]}},{"type":"Feature","properties":{},"geometry":{"type":"LineString","coordinates":[[-123.310092,48.465236],[-123.310125,48.465264],[-123.310144,48.465287],[-123.310161,48.465316],[-123.31017,48.465344],[-123.310174,48.465377]]}},{"type":"Feature","properties":{},"geometry":{"type":"LineString","coordinates":[[-123.308949,48.464605],[-123.308912,48.464636]]}},{"type":"Feature","properties":{},"geometry":{"type":"LineString","coordinates":[[-123.312083,48.462557],[-123.311836,48.462688],[-123.311728,48.462746]]}},{"type":"Feature","properties":{},"geometry":{"type":"LineString","coordinates":[[-123.307539,48.468323],[-123.307733,48.468427],[-123.308164,48.468657],[-123.30865,48.468261],[-123.308955,48.468019],[-123.309016,48.467982]]}},{"type":"Feature","properties":{},"geometry":{"type":"LineString","coordinates":[[-123.30606,48.468295],[-123.30677,48.468677],[-123.306959,48.468784],[-123.307141,48.468896],[-123.307508,48.46911],[-123.307645,48.46919]]}},{"type":"Feature","properties":{},"geometry":{"type":"LineString","coordinates":[[-123.305948,48.467408],[-123.305907,48.467496],[-123.305819,48.467688]]}},{"type":"Feature","properties":{},"geometry":{"type":"LineString","coordinates":[[-123.305111,48.467772],[-123.304852,48.467759],[-123.304582,48.46779],[-123.304303,48.467842],[-123.304246,48.467851],[-123.304182,48.467861],[-123.303923,48.467907],[-123.303556,48.468023]]}},{"type":"Feature","properties":{},"geometry":{"type":"LineString","coordinates":[[-123.308752,48.465708],[-123.308692,48.465757],[-123.308614,48.465823]]}},{"type":"Feature","properties":{},"geometry":{"type":"LineString","coordinates":[[-123.308515,48.465663],[-123.308561,48.465756],[-123.308598,48.465827]]}},{"type":"Feature","properties":{},"geometry":{"type":"LineString","coordinates":[[-123.319069,48.468951],[-123.319296,48.469065]]}},{"type":"Feature","properties":{},"geometry":{"type":"LineString","coordinates":[[-123.318997,48.468915],[-123.319069,48.468951]]}},{"type":"Feature","properties":{},"geometry":{"type":"LineString","coordinates":[[-123.317681,48.465781],[-123.3177,48.465757],[-123.317715,48.465731],[-123.317727,48.465698],[-123.317732,48.465665],[-123.317721,48.465608],[-123.317666,48.465533]]}},{"type":"Feature","properties":{},"geometry":{"type":"LineString","coordinates":[[-123.314951,48.462299],[-123.314889,48.462303]]}},{"type":"Feature","properties":{},"geometry":{"type":"LineString","coordinates":[[-123.314965,48.462311],[-123.314963,48.462298],[-123.314951,48.462299]]}},{"type":"Feature","properties":{},"geometry":{"type":"LineString","coordinates":[[-123.31495,48.462178],[-123.314945,48.462144]]}},{"type":"Feature","properties":{},"geometry":{"type":"LineString","coordinates":[[-123.314953,48.462196],[-123.31495,48.462178]]}},{"type":"Feature","properties":{},"geometry":{"type":"LineString","coordinates":[[-123.314956,48.462217],[-123.314953,48.462196]]}},{"type":"Feature","properties":{},"geometry":{"type":"LineString","coordinates":[[-123.31496,48.462244],[-123.314956,48.462217]]}},{"type":"Feature","properties":{},"geometry":{"type":"LineString","coordinates":[[-123.314965,48.462275],[-123.31496,48.462244]]}},{"type":"Feature","properties":{},"geometry":{"type":"LineString","coordinates":[[-123.317077,48.461522],[-123.317046,48.461358]]}},{"type":"Feature","properties":{},"geometry":{"type":"LineString","coordinates":[[-123.314543,48.468432],[-123.315006,48.468308],[-123.315029,48.468302],[-123.315048,48.468296]]}},{"type":"Feature","properties":{},"geometry":{"type":"LineString","coordinates":[[-123.314343,48.468451],[-123.314543,48.468432]]}},{"type":"Feature","properties":{},"geometry":{"type":"LineString","coordinates":[[-123.313612,48.468444],[-123.313642,48.468481],[-123.313668,48.468494],[-123.313705,48.4685],[-123.314343,48.468451]]}},{"type":"Feature","properties":{},"geometry":{"type":"LineString","coordinates":[[-123.313704,48.463879],[-123.313716,48.463968],[-123.313745,48.464148],[-123.313774,48.464333],[-123.313792,48.464467],[-123.313778,48.4645]]}},{"type":"Feature","properties":{},"geometry":{"type":"LineString","coordinates":[[-123.313663,48.463585],[-123.313449,48.463601],[-123.313455,48.463698],[-123.313502,48.463732],[-123.313704,48.463879]]}},{"type":"Feature","properties":{},"geometry":{"type":"LineString","coordinates":[[-123.310013,48.463802],[-123.309447,48.463843],[-123.309353,48.463813],[-123.309159,48.463828],[-123.308399,48.463886],[-123.308228,48.46386],[-123.308211,48.463857],[-123.308146,48.463849]]}},{"type":"Feature","properties":{},"geometry":{"type":"LineString","coordinates":[[-123.308417,48.462604],[-123.308439,48.462604],[-123.308482,48.462605],[-123.308689,48.46261],[-123.308853,48.462614],[-123.308917,48.462617],[-123.308944,48.462615],[-123.309251,48.462591],[-123.309691,48.462557]]}},{"type":"Feature","properties":{},"geometry":{"type":"LineString","coordinates":[[-123.314618,48.462887],[-123.314668,48.462835]]}},{"type":"Feature","properties":{},"geometry":{"type":"LineString","coordinates":[[-123.314294,48.462929],[-123.314276,48.462967],[-123.314274,48.463006],[-123.314289,48.463045],[-123.314321,48.463079],[-123.314364,48.463105],[-123.314405,48.463119],[-123.31445,48.463127],[-123.314496,48.463128],[-123.314541,48.463123],[-123.314588,48.463109],[-123.314628,48.463088],[-123.314667,48.463052],[-123.314687,48.463009],[-123.314685,48.462964],[-123.314661,48.462921],[-123.314618,48.462887],[-123.314569,48.462865],[-123.314512,48.462854],[-123.314453,48.462854],[-123.314396,48.462864],[-123.314346,48.462885],[-123.314329,48.462896],[-123.314294,48.462929]]}},{"type":"Feature","properties":{},"geometry":{"type":"LineString","coordinates":[[-123.310061,48.463797],[-123.310027,48.4638],[-123.310013,48.463802]]}},{"type":"Feature","properties":{},"geometry":{"type":"LineString","coordinates":[[-123.312265,48.463714],[-123.312273,48.463763],[-123.312274,48.46377],[-123.312309,48.463941],[-123.312313,48.463981],[-123.312341,48.464126],[-123.312343,48.464143],[-123.312346,48.464162],[-123.312388,48.464412],[-123.312424,48.464584],[-123.312458,48.464775]]}},{"type":"Feature","properties":{},"geometry":{"type":"LineString","coordinates":[[-123.317925,48.469712],[-123.318321,48.469917]]}},{"type":"Feature","properties":{},"geometry":{"type":"LineString","coordinates":[[-123.317925,48.469712],[-123.317797,48.469829],[-123.317816,48.469886],[-123.318164,48.470055]]}},{"type":"Feature","properties":{},"geometry":{"type":"LineString","coordinates":[[-123.317925,48.469712],[-123.317653,48.469571]]}},{"type":"Feature","properties":{},"geometry":{"type":"LineString","coordinates":[[-123.317865,48.469272],[-123.317918,48.469252],[-123.317954,48.469232],[-123.317979,48.469208],[-123.317997,48.469183],[-123.318007,48.469158],[-123.318012,48.469131],[-123.318005,48.469108],[-123.317988,48.469085]]}},{"type":"Feature","properties":{},"geometry":{"type":"LineString","coordinates":[[-123.317855,48.468949],[-123.317943,48.468946],[-123.318012,48.468945],[-123.318014,48.468975],[-123.318022,48.468975],[-123.318037,48.469043],[-123.318038,48.469051],[-123.318035,48.469059],[-123.318029,48.469066],[-123.31802,48.469072],[-123.317988,48.469085],[-123.31793,48.469108],[-123.317915,48.469098],[-123.317898,48.46909],[-123.31788,48.469084],[-123.31786,48.469081],[-123.317794,48.469082],[-123.317789,48.468985],[-123.317857,48.468983],[-123.317855,48.468949]]}},{"type":"Feature","properties":{},"geometry":{"type":"LineString","coordinates":[[-123.317514,48.46909],[-123.317385,48.469094],[-123.317369,48.469095],[-123.317354,48.469099],[-123.317343,48.469105],[-123.317335,48.469113],[-123.317295,48.469102],[-123.317287,48.469099],[-123.317281,48.469095],[-123.317277,48.469089],[-123.317276,48.469083],[-123.317273,48.469049],[-123.317267,48.468969],[-123.317494,48.468961],[-123.317497,48.469],[-123.317507,48.469],[-123.317514,48.46909]]}},{"type":"Feature","properties":{},"geometry":{"type":"LineString","coordinates":[[-123.309892,48.464036],[-123.309929,48.464015]]}},{"type":"Feature","properties":{},"geometry":{"type":"LineString","coordinates":[[-123.309754,48.464116],[-123.309892,48.464036]]}},{"type":"Feature","properties":{},"geometry":{"type":"LineString","coordinates":[[-123.308535,48.463451],[-123.308558,48.46345]]}},{"type":"Feature","properties":{},"geometry":{"type":"LineString","coordinates":[[-123.308496,48.463452],[-123.30851,48.463452],[-123.308522,48.463451],[-123.308535,48.463451]]}},{"type":"Feature","properties":{},"geometry":{"type":"LineString","coordinates":[[-123.308466,48.463453],[-123.308496,48.463452]]}},{"type":"Feature","properties":{},"geometry":{"type":"LineString","coordinates":[[-123.313413,48.462645],[-123.31339,48.462647],[-123.313364,48.462649],[-123.313308,48.462651]]}},{"type":"Feature","properties":{},"geometry":{"type":"LineString","coordinates":[[-123.313431,48.462644],[-123.313413,48.462645]]}},{"type":"Feature","properties":{},"geometry":{"type":"LineString","coordinates":[[-123.313493,48.46264],[-123.313431,48.462644]]}},{"type":"Feature","properties":{},"geometry":{"type":"LineString","coordinates":[[-123.310799,48.46556],[-123.310767,48.465651]]}},{"type":"Feature","properties":{},"geometry":{"type":"LineString","coordinates":[[-123.31107,48.465706],[-123.311112,48.465713],[-123.311133,48.465717],[-123.311314,48.465573],[-123.311336,48.465546],[-123.311355,48.465519],[-123.311362,48.465484],[-123.311361,48.465473],[-123.31136,48.465447],[-123.311333,48.465276],[-123.311332,48.465272],[-123.311325,48.465245],[-123.311309,48.465218],[-123.311286,48.465198],[-123.31126,48.46518],[-123.31121,48.465151],[-123.311205,48.465149],[-123.311183,48.465139],[-123.311153,48.465131],[-123.311117,48.465126],[-123.311081,48.465126],[-123.310214,48.465191],[-123.310189,48.465192],[-123.310171,48.465191],[-123.310154,48.465185],[-123.310141,48.465179],[-123.310127,48.465172],[-123.310115,48.465159],[-123.310106,48.465144],[-123.310068,48.465149],[-123.310072,48.465159],[-123.310074,48.465162],[-123.310083,48.465177],[-123.3101,48.465192],[-123.310122,48.465205],[-123.310152,48.465215],[-123.310185,48.465219],[-123.310218,48.465218],[-123.311079,48.465152],[-123.311108,48.465154],[-123.311135,48.46516],[-123.311159,48.465167],[-123.311181,48.465177],[-123.311185,48.465179],[-123.311228,48.465203],[-123.311249,48.465217],[-123.311266,48.465234],[-123.311279,48.465255],[-123.311286,48.465277],[-123.311313,48.465447],[-123.311311,48.465478],[-123.311301,48.465507],[-123.311288,48.46553],[-123.311269,48.465552],[-123.311154,48.46565],[-123.311134,48.465665],[-123.311113,48.465679],[-123.311092,48.465693],[-123.31107,48.465706]]}},{"type":"Feature","properties":{},"geometry":{"type":"LineString","coordinates":[[-123.305557,48.464053],[-123.305602,48.464052]]}},{"type":"Feature","properties":{},"geometry":{"type":"LineString","coordinates":[[-123.309767,48.462704],[-123.309374,48.462739],[-123.309251,48.462591],[-123.309239,48.462577]]}},{"type":"Feature","properties":{},"geometry":{"type":"LineString","coordinates":[[-123.318399,48.463204],[-123.318487,48.463133],[-123.318661,48.462992],[-123.318724,48.462938],[-123.318782,48.462878],[-123.31884,48.462817],[-123.318899,48.462719],[-123.318942,48.462624],[-123.319009,48.46246],[-123.319036,48.46234],[-123.319073,48.462228],[-123.319108,48.462175],[-123.319172,48.46214]]}},{"type":"Feature","properties":{},"geometry":{"type":"LineString","coordinates":[[-123.314789,48.463499],[-123.315075,48.463611],[-123.315241,48.463663],[-123.315341,48.463708],[-123.315447,48.463753],[-123.315586,48.463792],[-123.315693,48.463799],[-123.315806,48.463819],[-123.315946,48.463836],[-123.316057,48.463853],[-123.316146,48.463868],[-123.316274,48.463892]]}},{"type":"Feature","properties":{},"geometry":{"type":"LineString","coordinates":[[-123.314321,48.467089],[-123.314287,48.467102],[-123.314215,48.467119]]}},{"type":"Feature","properties":{},"geometry":{"type":"LineString","coordinates":[[-123.314459,48.46702],[-123.314436,48.466982],[-123.314296,48.46702],[-123.315048,48.468296],[-123.315065,48.468324],[-123.315019,48.468333],[-123.315006,48.468308],[-123.314988,48.468271],[-123.314983,48.468266],[-123.31489,48.468111],[-123.314887,48.468105],[-123.314884,48.468099],[-123.314791,48.467944],[-123.314786,48.467938],[-123.314781,48.467933],[-123.314689,48.467777],[-123.314688,48.467769],[-123.314675,48.467739],[-123.314611,48.467631],[-123.314592,48.4676],[-123.314589,48.467594],[-123.314495,48.467439],[-123.31449,48.467433],[-123.314483,48.467426],[-123.31439,48.467271],[-123.314388,48.467266],[-123.314386,48.46726],[-123.314287,48.467102],[-123.314234,48.466998],[-123.314343,48.466971],[-123.314661,48.466711],[-123.314829,48.46666],[-123.314889,48.466651],[-123.315052,48.466646],[-123.315448,48.466682],[-123.315464,48.466677],[-123.31544,48.466632],[-123.315471,48.466624],[-123.315501,48.466616],[-123.315552,48.466603],[-123.315565,48.466625],[-123.315599,48.466662],[-123.315654,48.466693],[-123.315664,48.46671],[-123.315406,48.466769],[-123.315263,48.466713],[-123.315165,48.466689],[-123.315057,48.466677],[-123.314947,48.466679],[-123.314829,48.466699],[-123.314729,48.466732],[-123.314627,48.466787],[-123.314561,48.466844],[-123.314497,48.466939],[-123.314459,48.46702]]}},{"type":"Feature","properties":{},"geometry":{"type":"LineString","coordinates":[[-123.314926,48.468287],[-123.314988,48.468271],[-123.315008,48.468266]]}},{"type":"Feature","properties":{},"geometry":{"type":"LineString","coordinates":[[-123.314826,48.468121],[-123.314887,48.468105],[-123.314911,48.4681]]}},{"type":"Feature","properties":{},"geometry":{"type":"LineString","coordinates":[[-123.314708,48.467959],[-123.314786,48.467938],[-123.314812,48.467931]]}},{"type":"Feature","properties":{},"geometry":{"type":"LineString","coordinates":[[-123.314609,48.46779],[-123.314688,48.467769],[-123.314714,48.467763]]}},{"type":"Feature","properties":{},"geometry":{"type":"LineString","coordinates":[[-123.314412,48.467455],[-123.31449,48.467433],[-123.314517,48.467426]]}},{"type":"Feature","properties":{},"geometry":{"type":"LineString","coordinates":[[-123.314313,48.467286],[-123.314388,48.467266],[-123.31442,48.467258]]}},{"type":"Feature","properties":{},"geometry":{"type":"LineString","coordinates":[[-123.314215,48.467119],[-123.314313,48.467286],[-123.314412,48.467455],[-123.31451,48.467621],[-123.314609,48.46779],[-123.314708,48.467959],[-123.314727,48.467992]]}},{"type":"Feature","properties":{},"geometry":{"type":"LineString","coordinates":[[-123.314616,48.467594],[-123.314592,48.4676],[-123.31451,48.467621]]}},{"type":"Feature","properties":{},"geometry":{"type":"LineString","coordinates":[[-123.315029,48.468302],[-123.315008,48.468266],[-123.314911,48.4681],[-123.314812,48.467931],[-123.314714,48.467763],[-123.314616,48.467594],[-123.314517,48.467426],[-123.31442,48.467258],[-123.314321,48.467089],[-123.314272,48.467005],[-123.314397,48.466969],[-123.314547,48.466819],[-123.31468,48.466729],[-123.314833,48.466677],[-123.314969,48.466667],[-123.315144,48.46667],[-123.315477,48.466717],[-123.315531,48.466705]]}},{"type":"Feature","properties":{},"geometry":{"type":"LineString","coordinates":[[-123.315523,48.466572],[-123.315501,48.466616],[-123.315531,48.466705]]}},{"type":"Feature","properties":{},"geometry":{"type":"LineString","coordinates":[[-123.317308,48.463207],[-123.317273,48.463287]]}},{"type":"Feature","properties":{},"geometry":{"type":"LineString","coordinates":[[-123.307995,48.466505],[-123.308065,48.466527],[-123.308071,48.466529],[-123.308148,48.46656],[-123.308271,48.466611]]}},{"type":"Feature","properties":{},"geometry":{"type":"LineString","coordinates":[[-123.307985,48.463159],[-123.307989,48.463221],[-123.308019,48.463436],[-123.308051,48.463566],[-123.308084,48.463678],[-123.308146,48.463849],[-123.308186,48.46393],[-123.308215,48.463998],[-123.308233,48.46403],[-123.308286,48.464125],[-123.308359,48.464238],[-123.308469,48.464388],[-123.308591,48.464528],[-123.308703,48.464644],[-123.308815,48.464748],[-123.308882,48.464808],[-123.308977,48.464877]]}},{"type":"Feature","properties":{},"geometry":{"type":"LineString","coordinates":[[-123.308704,48.461528],[-123.308665,48.461566],[-123.308603,48.461626],[-123.308528,48.461708],[-123.308405,48.461867],[-123.308297,48.462022],[-123.308266,48.462077],[-123.308203,48.462195],[-123.308149,48.462313],[-123.308096,48.46245],[-123.308061,48.462563]]}},{"type":"Feature","properties":{},"geometry":{"type":"LineString","coordinates":[[-123.308061,48.462563],[-123.30802,48.462727],[-123.307995,48.462884],[-123.307987,48.463065],[-123.307986,48.463143],[-123.307985,48.463159]]}},{"type":"Feature","properties":{},"geometry":{"type":"LineString","coordinates":[[-123.315632,48.461552],[-123.31558,48.461502],[-123.315516,48.461446],[-123.315513,48.461443],[-123.315453,48.46139]]}},{"type":"Feature","properties":{},"geometry":{"type":"LineString","coordinates":[[-123.315923,48.465126],[-123.315937,48.4652],[-123.315905,48.46528],[-123.315953,48.465393],[-123.315964,48.465504],[-123.315938,48.465576],[-123.315909,48.465592]]}},{"type":"Feature","properties":{},"geometry":{"type":"LineString","coordinates":[[-123.30927,48.465655],[-123.309321,48.465614],[-123.309403,48.465548]]}},{"type":"Feature","properties":{},"geometry":{"type":"LineString","coordinates":[[-123.309097,48.466336],[-123.309066,48.466363],[-123.308855,48.466552],[-123.308821,48.466572],[-123.308768,48.466591],[-123.308672,48.466601],[-123.308548,48.466587],[-123.308459,48.466579],[-123.308376,48.466577],[-123.308301,48.466593],[-123.308271,48.466611]]}},{"type":"Feature","properties":{},"geometry":{"type":"LineString","coordinates":[[-123.308032,48.466779],[-123.307979,48.466813],[-123.307965,48.466834],[-123.307934,48.46688],[-123.3079,48.466968],[-123.307892,48.467027],[-123.307908,48.467097],[-123.307926,48.467132],[-123.307935,48.467148],[-123.307876,48.467172],[-123.307782,48.467219],[-123.307739,48.467253]]}},{"type":"Feature","properties":{},"geometry":{"type":"LineString","coordinates":[[-123.306815,48.466095],[-123.306957,48.466172],[-123.307118,48.466236]]}},{"type":"Feature","properties":{},"geometry":{"type":"LineString","coordinates":[[-123.307315,48.466828],[-123.307285,48.466806],[-123.307249,48.46679],[-123.307221,48.466781],[-123.307198,48.466766],[-123.307026,48.466638]]}},{"type":"Feature","properties":{},"geometry":{"type":"LineString","coordinates":[[-123.319328,48.468425],[-123.319251,48.46842],[-123.319209,48.468409],[-123.319124,48.468396],[-123.319086,48.468394],[-123.319007,48.468393],[-123.318623,48.468388],[-123.318473,48.468387],[-123.318368,48.468382],[-123.318357,48.468384],[-123.318345,48.468388],[-123.318333,48.468394],[-123.318321,48.468398],[-123.318298,48.4684],[-123.31823,48.468399],[-123.31819,48.468398],[-123.318146,48.468393],[-123.318087,48.468385],[-123.318032,48.468374],[-123.317985,48.468363],[-123.317966,48.468358],[-123.317948,48.468353],[-123.317902,48.468337],[-123.317854,48.468313],[-123.317817,48.468294],[-123.317802,48.468283],[-123.317756,48.468249],[-123.317721,48.46821],[-123.31769,48.468172],[-123.317664,48.468117],[-123.317643,48.468019],[-123.317613,48.467899],[-123.317586,48.467801],[-123.317548,48.467678],[-123.317519,48.467569],[-123.317481,48.467428],[-123.317461,48.467373],[-123.31744,48.467326],[-123.317408,48.467264],[-123.317339,48.467146],[-123.31726,48.46701],[-123.317178,48.466884],[-123.317071,48.466742],[-123.316947,48.4666],[-123.316848,48.466495],[-123.316739,48.466379],[-123.316698,48.466335],[-123.31669,48.466323],[-123.316674,48.466287],[-123.316664,48.466274],[-123.316651,48.466256],[-123.316612,48.466213],[-123.316558,48.466161]]}},{"type":"Feature","properties":{},"geometry":{"type":"LineString","coordinates":[[-123.315297,48.465044],[-123.315249,48.465073],[-123.315195,48.465106]]}},{"type":"Feature","properties":{},"geometry":{"type":"LineString","coordinates":[[-123.314493,48.465475],[-123.314433,48.465509],[-123.314373,48.465542],[-123.314348,48.465538],[-123.314322,48.465537]]}},{"type":"Feature","properties":{},"geometry":{"type":"LineString","coordinates":[[-123.319328,48.468479],[-123.319302,48.468474],[-123.319264,48.468466],[-123.319218,48.46846],[-123.318913,48.468456],[-123.318361,48.468448],[-123.31823,48.468445],[-123.318171,48.468441],[-123.318099,48.468431],[-123.318005,48.468411],[-123.317991,48.468407],[-123.317942,48.468392],[-123.317906,48.468379],[-123.31783,48.468345],[-123.317767,48.468305],[-123.317743,48.468284],[-123.317725,48.468267],[-123.317685,48.468224],[-123.317668,48.468199],[-123.317655,48.468178],[-123.317643,48.468153],[-123.317631,48.468123],[-123.317589,48.467946],[-123.317555,48.467816],[-123.317435,48.467401],[-123.317427,48.467379],[-123.317419,48.467357],[-123.3174,48.467319],[-123.317345,48.467221],[-123.317258,48.46707],[-123.31723,48.467021],[-123.317178,48.466941],[-123.317155,48.466907],[-123.317124,48.466864],[-123.31708,48.466805],[-123.317024,48.466738],[-123.31696,48.46666],[-123.316904,48.4666],[-123.316809,48.466497],[-123.31675,48.466433],[-123.3167,48.466379],[-123.316689,48.466366],[-123.316677,48.466352],[-123.316666,48.466338],[-123.316656,48.466323],[-123.316647,48.466306],[-123.316632,48.466283],[-123.316611,48.466257],[-123.316586,48.466229],[-123.316537,48.466182]]}},{"type":"Feature","properties":{},"geometry":{"type":"LineString","coordinates":[[-123.316297,48.466103],[-123.31634,48.466084],[-123.316373,48.46607],[-123.316414,48.466051],[-123.316431,48.466043]]}},{"type":"Feature","properties":{},"geometry":{"type":"LineString","coordinates":[[-123.317991,48.468407],[-123.317942,48.468434],[-123.317927,48.46844],[-123.317908,48.468445],[-123.317894,48.468447],[-123.317867,48.468447],[-123.31775,48.468448],[-123.317685,48.46845]]}},{"type":"Feature","properties":{},"geometry":{"type":"LineString","coordinates":[[-123.317966,48.468358],[-123.317942,48.468392],[-123.317928,48.468409],[-123.317918,48.468418],[-123.317909,48.468424],[-123.317897,48.468427],[-123.31788,48.468428],[-123.317667,48.468428]]}},{"type":"Feature","properties":{},"geometry":{"type":"LineString","coordinates":[[-123.311948,48.46585],[-123.311995,48.465937],[-123.311997,48.46596],[-123.312002,48.466003],[-123.311999,48.466035],[-123.31189,48.466246],[-123.311762,48.466494],[-123.311644,48.466604],[-123.310944,48.467173],[-123.310651,48.467412]]}},{"type":"Feature","properties":{},"geometry":{"type":"LineString","coordinates":[[-123.304944,48.469194],[-123.305021,48.469237],[-123.305183,48.469328]]}},{"type":"Feature","properties":{},"geometry":{"type":"LineString","coordinates":[[-123.304944,48.469194],[-123.30489,48.469165]]}},{"type":"Feature","properties":{},"geometry":{"type":"LineString","coordinates":[[-123.304805,48.469235],[-123.304859,48.469262],[-123.304924,48.469294],[-123.304943,48.469281],[-123.304973,48.46928],[-123.305021,48.469237]]}},{"type":"Feature","properties":{},"geometry":{"type":"LineString","coordinates":[[-123.312083,48.46905],[-123.312127,48.469105],[-123.312162,48.469203],[-123.312168,48.469244],[-123.312133,48.469332],[-123.312081,48.469387],[-123.312028,48.469434],[-123.311935,48.469506],[-123.311623,48.469736],[-123.311288,48.469982],[-123.311205,48.470069],[-123.311154,48.470147],[-123.311121,48.470213],[-123.311102,48.470236]]}},{"type":"Feature","properties":{},"geometry":{"type":"LineString","coordinates":[[-123.312015,48.468918],[-123.312035,48.469002],[-123.312083,48.46905]]}},{"type":"Feature","properties":{},"geometry":{"type":"LineString","coordinates":[[-123.305767,48.463478],[-123.306498,48.463423],[-123.306566,48.463419],[-123.306634,48.463414]]}},{"type":"Feature","properties":{},"geometry":{"type":"LineString","coordinates":[[-123.306634,48.463414],[-123.306666,48.463632],[-123.306723,48.464013],[-123.306744,48.464155]]}},{"type":"Feature","properties":{},"geometry":{"type":"LineString","coordinates":[[-123.30567,48.46426],[-123.306586,48.464171],[-123.306744,48.464155],[-123.307606,48.464092],[-123.308025,48.464059],[-123.308164,48.46404]]}},{"type":"Feature","properties":{},"geometry":{"type":"LineString","coordinates":[[-123.306956,48.465002],[-123.306932,48.464925],[-123.306806,48.464872],[-123.306704,48.46486],[-123.306694,48.464777],[-123.306672,48.46463],[-123.306653,48.464537],[-123.306586,48.464171]]}},{"type":"Feature","properties":{},"geometry":{"type":"LineString","coordinates":[[-123.312083,48.46905],[-123.312036,48.469109],[-123.312036,48.469159],[-123.312047,48.469196],[-123.312058,48.469237],[-123.31207,48.469284],[-123.312051,48.469313],[-123.312008,48.469357],[-123.311945,48.469415],[-123.311871,48.469477],[-123.311583,48.469696],[-123.311288,48.469933],[-123.311186,48.470031],[-123.311138,48.470092],[-123.311108,48.470143],[-123.311097,48.470173],[-123.311102,48.470236]]}},{"type":"Feature","properties":{},"geometry":{"type":"LineString","coordinates":[[-123.312374,48.468593],[-123.312365,48.468652],[-123.312337,48.468712],[-123.312293,48.468762],[-123.312251,48.468794],[-123.312218,48.46882],[-123.312202,48.468836],[-123.312194,48.468846]]}},{"type":"Feature","properties":{},"geometry":{"type":"LineString","coordinates":[[-123.312695,48.468778],[-123.312637,48.468742],[-123.312564,48.468707],[-123.312481,48.468684],[-123.312467,48.468677],[-123.312418,48.468653],[-123.312386,48.468623],[-123.312374,48.468593]]}},{"type":"Feature","properties":{},"geometry":{"type":"LineString","coordinates":[[-123.305606,48.467771],[-123.305551,48.467784],[-123.305447,48.467809]]}},{"type":"Feature","properties":{},"geometry":{"type":"LineString","coordinates":[[-123.305551,48.467784],[-123.305401,48.467638],[-123.305262,48.467552]]}},{"type":"Feature","properties":{},"geometry":{"type":"LineString","coordinates":[[-123.305262,48.467552],[-123.305233,48.467509],[-123.3052,48.467459],[-123.305132,48.467376],[-123.305046,48.467274],[-123.304958,48.46717],[-123.304867,48.467064],[-123.305033,48.467002],[-123.305191,48.466943],[-123.305254,48.46692]]}},{"type":"Feature","properties":{},"geometry":{"type":"LineString","coordinates":[[-123.305201,48.46726],[-123.305172,48.467225],[-123.305094,48.467131]]}},{"type":"Feature","properties":{},"geometry":{"type":"LineString","coordinates":[[-123.304958,48.46717],[-123.304863,48.467207],[-123.304791,48.467234],[-123.304734,48.467256],[-123.304532,48.467333],[-123.30451,48.467342],[-123.304266,48.46707]]}},{"type":"Feature","properties":{},"geometry":{"type":"LineString","coordinates":[[-123.304532,48.467333],[-123.304555,48.467359],[-123.304634,48.467445],[-123.304694,48.467511],[-123.304883,48.467509],[-123.304999,48.467519],[-123.305098,48.467538],[-123.305233,48.467509]]}},{"type":"Feature","properties":{},"geometry":{"type":"LineString","coordinates":[[-123.304555,48.467359],[-123.304358,48.467428]]}},{"type":"Feature","properties":{},"geometry":{"type":"LineString","coordinates":[[-123.305296,48.467101],[-123.305319,48.467092],[-123.305375,48.467072],[-123.305531,48.467014],[-123.305561,48.467053]]}},{"type":"Feature","properties":{},"geometry":{"type":"LineString","coordinates":[[-123.305274,48.46716],[-123.305405,48.46711],[-123.305375,48.467072],[-123.305254,48.46692],[-123.305152,48.466785],[-123.305096,48.466722],[-123.305051,48.466711],[-123.304977,48.466726],[-123.304893,48.466757],[-123.304799,48.466788]]}},{"type":"Feature","properties":{},"geometry":{"type":"LineString","coordinates":[[-123.305033,48.467002],[-123.305128,48.467126]]}},{"type":"Feature","properties":{},"geometry":{"type":"LineString","coordinates":[[-123.305408,48.465513],[-123.305421,48.465693],[-123.305436,48.465761],[-123.305443,48.465798],[-123.305515,48.465881],[-123.305607,48.46598],[-123.305742,48.466028],[-123.305818,48.466084],[-123.305928,48.466166],[-123.306097,48.466273],[-123.306165,48.466338],[-123.306049,48.466427],[-123.306179,48.466521],[-123.306159,48.466572],[-123.306177,48.466654],[-123.306151,48.466741],[-123.306099,48.466821],[-123.306036,48.466896]]}},{"type":"Feature","properties":{},"geometry":{"type":"LineString","coordinates":[[-123.305818,48.466084],[-123.305772,48.466113],[-123.305744,48.466131],[-123.305691,48.466185]]}},{"type":"Feature","properties":{},"geometry":{"type":"LineString","coordinates":[[-123.306179,48.466521],[-123.306315,48.466433],[-123.306165,48.466338]]}},{"type":"Feature","properties":{},"geometry":{"type":"LineString","coordinates":[[-123.305443,48.465798],[-123.305192,48.465971],[-123.305128,48.466002],[-123.305055,48.466034],[-123.305019,48.466067],[-123.304989,48.466124],[-123.304951,48.466203],[-123.304905,48.46628],[-123.304835,48.466355],[-123.304837,48.466414],[-123.304873,48.466517],[-123.304735,48.466556],[-123.304679,48.466573]]}},{"type":"Feature","properties":{},"geometry":{"type":"LineString","coordinates":[[-123.305361,48.466569],[-123.305374,48.466494],[-123.305381,48.466408],[-123.305362,48.466355],[-123.305348,48.466328],[-123.305286,48.466299]]}},{"type":"Feature","properties":{},"geometry":{"type":"LineString","coordinates":[[-123.307246,48.467185],[-123.307013,48.46722],[-123.306734,48.467212],[-123.30666,48.467183],[-123.306333,48.467031],[-123.306086,48.466933],[-123.306036,48.466896]]}},{"type":"Feature","properties":{},"geometry":{"type":"LineString","coordinates":[[-123.313668,48.468934],[-123.313769,48.468931],[-123.314518,48.468866],[-123.314724,48.468837],[-123.314897,48.468808],[-123.315156,48.46879],[-123.315783,48.468765],[-123.316274,48.468759],[-123.316725,48.468754],[-123.316877,48.468744],[-123.317044,48.468735],[-123.317592,48.468722],[-123.318739,48.468703],[-123.318826,48.46869],[-123.31894,48.468686],[-123.319208,48.468683],[-123.319243,48.468686],[-123.319269,48.468693],[-123.319292,48.468702],[-123.319311,48.468713],[-123.319318,48.468719],[-123.319327,48.468726],[-123.319338,48.468741],[-123.319348,48.468759],[-123.319353,48.468778],[-123.319351,48.4688]]}},{"type":"Feature","properties":{},"geometry":{"type":"LineString","coordinates":[[-123.308045,48.463158],[-123.308915,48.463102],[-123.309327,48.463074],[-123.309638,48.463055],[-123.309904,48.46304],[-123.310054,48.46303]]}},{"type":"Feature","properties":{},"geometry":{"type":"LineString","coordinates":[[-123.310054,48.46303],[-123.310119,48.463387],[-123.310191,48.463785],[-123.310204,48.463855]]}},{"type":"Feature","properties":{},"geometry":{"type":"LineString","coordinates":[[-123.310061,48.463797],[-123.310191,48.463785]]}},{"type":"Feature","properties":{},"geometry":{"type":"LineString","coordinates":[[-123.310204,48.463855],[-123.310207,48.463862],[-123.310826,48.463816],[-123.310851,48.463814],[-123.311118,48.463798],[-123.311758,48.463751],[-123.312265,48.463714],[-123.312285,48.463712],[-123.312908,48.463667],[-123.313026,48.463658],[-123.313449,48.463601]]}},{"type":"Feature","properties":{},"geometry":{"type":"LineString","coordinates":[[-123.312737,48.462688],[-123.312739,48.462695],[-123.312774,48.462898],[-123.312815,48.463135],[-123.312864,48.463413],[-123.312908,48.463667]]}},{"type":"Feature","properties":{},"geometry":{"type":"LineString","coordinates":[[-123.313308,48.462651],[-123.3132,48.462659],[-123.313064,48.462669],[-123.312739,48.462695],[-123.312121,48.462743],[-123.311774,48.462769],[-123.311668,48.462778],[-123.310863,48.462838],[-123.310682,48.462854],[-123.310225,48.462888],[-123.31004,48.462904],[-123.310054,48.46303]]}},{"type":"Feature","properties":{},"geometry":{"type":"LineString","coordinates":[[-123.310682,48.462854],[-123.310694,48.462935],[-123.310759,48.463292],[-123.310766,48.46333],[-123.310851,48.463814]]}},{"type":"Feature","properties":{},"geometry":{"type":"LineString","coordinates":[[-123.310766,48.46333],[-123.31045,48.463358],[-123.310119,48.463387],[-123.30996,48.463386]]}},{"type":"Feature","properties":{},"geometry":{"type":"LineString","coordinates":[[-123.312121,48.462743],[-123.312161,48.462982],[-123.312285,48.463712]]}},{"type":"Feature","properties":{},"geometry":{"type":"LineString","coordinates":[[-123.315501,48.458712],[-123.315664,48.458766],[-123.315625,48.458831]]}},{"type":"Feature","properties":{},"geometry":{"type":"LineString","coordinates":[[-123.315664,48.458766],[-123.315748,48.458773]]}},{"type":"Feature","properties":{},"geometry":{"type":"LineString","coordinates":[[-123.308479,48.464573],[-123.308471,48.464566],[-123.308456,48.464554],[-123.308445,48.464543],[-123.308431,48.464529],[-123.30842,48.464518],[-123.308408,48.464501],[-123.3084,48.464493],[-123.308392,48.464485],[-123.308381,48.464472],[-123.308368,48.464458],[-123.308357,48.464442],[-123.308345,48.464428],[-123.308332,48.464413],[-123.308327,48.464406],[-123.30832,48.464396],[-123.308315,48.464388],[-123.308309,48.464381],[-123.308301,48.464368],[-123.308294,48.464357],[-123.308287,48.464347],[-123.308277,48.464336],[-123.308267,48.464317],[-123.308253,48.464301],[-123.308245,48.46429],[-123.308237,48.464274],[-123.308223,48.464254],[-123.308205,48.464229],[-123.308197,48.464218],[-123.308191,48.464207],[-123.308184,48.46419],[-123.308174,48.464171],[-123.308168,48.464154],[-123.308161,48.464138],[-123.308155,48.464125],[-123.308148,48.464115],[-123.308144,48.464107],[-123.308142,48.464099],[-123.308139,48.464095],[-123.308131,48.464088],[-123.308129,48.464087],[-123.308142,48.46407],[-123.308152,48.46406],[-123.308164,48.464049],[-123.308167,48.464047],[-123.308164,48.46404],[-123.308159,48.464027],[-123.308151,48.464007],[-123.308139,48.46398],[-123.308129,48.463957],[-123.308119,48.463938],[-123.308109,48.463915],[-123.308096,48.463883],[-123.308078,48.46384]]}},{"type":"Feature","properties":{},"geometry":{"type":"LineString","coordinates":[[-123.307993,48.463565],[-123.307992,48.46356],[-123.307992,48.463557],[-123.307991,48.463555],[-123.307991,48.463553],[-123.307991,48.463551],[-123.30799,48.463547],[-123.307989,48.463542],[-123.307988,48.463538],[-123.307987,48.463533],[-123.307987,48.46353],[-123.307986,48.463527],[-123.307985,48.463523],[-123.307983,48.463518],[-123.307982,48.463513],[-123.30798,48.463507],[-123.307979,48.463503],[-123.307977,48.463498],[-123.307976,48.463493],[-123.307976,48.46349],[-123.307974,48.463484],[-123.307972,48.463478],[-123.307972,48.463475],[-123.307971,48.463469],[-123.307969,48.463461],[-123.307968,48.463451],[-123.307966,48.463442],[-123.307964,48.463434],[-123.307963,48.46343],[-123.307962,48.463427],[-123.307961,48.463425],[-123.307961,48.463423],[-123.30796,48.463421],[-123.30796,48.46342],[-123.30796,48.463417],[-123.307959,48.463416],[-123.307959,48.463414],[-123.307959,48.463413],[-123.307958,48.463412],[-123.307958,48.46341],[-123.307958,48.463409],[-123.307958,48.463408],[-123.307957,48.463405],[-123.307956,48.463397],[-123.307955,48.463391],[-123.307954,48.463386],[-123.307953,48.46338],[-123.307952,48.463375],[-123.307951,48.463365],[-123.30795,48.463355],[-123.307949,48.463344],[-123.307947,48.463329],[-123.307946,48.463318],[-123.307945,48.463307],[-123.307945,48.463298],[-123.307946,48.463292],[-123.307946,48.463283],[-123.307944,48.46327],[-123.307943,48.463258],[-123.307944,48.463249],[-123.307945,48.463236],[-123.307946,48.46323],[-123.307946,48.463224],[-123.307946,48.463214],[-123.307945,48.463204],[-123.307942,48.463187],[-123.30794,48.463169],[-123.307939,48.463163],[-123.307939,48.463159]]}},{"type":"Feature","properties":{},"geometry":{"type":"LineString","coordinates":[[-123.308078,48.46384],[-123.308078,48.463839],[-123.308077,48.463837],[-123.308076,48.463835],[-123.308075,48.463833],[-123.308075,48.463831],[-123.308074,48.463829],[-123.308073,48.463826],[-123.308072,48.463825],[-123.308071,48.463824],[-123.30807,48.463821],[-123.30807,48.463819],[-123.30807,48.463818],[-123.308068,48.463816],[-123.308067,48.463813],[-123.308066,48.46381],[-123.308066,48.463808],[-123.308064,48.463805],[-123.308063,48.463801],[-123.308061,48.463795],[-123.308058,48.463789],[-123.308056,48.463781],[-123.308053,48.463773],[-123.308051,48.463766],[-123.308049,48.463759],[-123.308047,48.463752],[-123.308044,48.463743],[-123.308042,48.463735],[-123.308039,48.463726],[-123.308038,48.463719],[-123.308037,48.463717],[-123.308036,48.463714],[-123.308034,48.46371],[-123.308033,48.463708],[-123.308032,48.463705],[-123.30803,48.4637],[-123.308028,48.463694],[-123.308028,48.463692],[-123.308027,48.46369],[-123.308026,48.463688],[-123.308025,48.463686],[-123.308024,48.463684],[-123.308023,48.463682],[-123.308023,48.463681],[-123.308022,48.463678],[-123.308022,48.463676],[-123.308021,48.463673],[-123.308021,48.463672],[-123.30802,48.46367],[-123.30802,48.463669],[-123.308019,48.463666],[-123.308019,48.463663],[-123.308018,48.46366],[-123.308018,48.463657],[-123.308018,48.463654],[-123.308017,48.463651],[-123.308017,48.46365],[-123.308016,48.463646],[-123.308015,48.463643],[-123.308014,48.463639],[-123.308013,48.463635],[-123.308012,48.463632],[-123.308011,48.46363],[-123.30801,48.463628],[-123.308009,48.463625],[-123.308009,48.463622],[-123.308007,48.463619],[-123.308006,48.463615],[-123.308006,48.463613],[-123.308005,48.46361],[-123.308004,48.463607],[-123.308003,48.463603],[-123.308002,48.463599],[-123.308,48.463595],[-123.307998,48.46359],[-123.307997,48.463585],[-123.307996,48.463582],[-123.307996,48.463578],[-123.307994,48.463572],[-123.307993,48.463565]]}},{"type":"Feature","properties":{},"geometry":{"type":"LineString","coordinates":[[-123.319687,48.468827],[-123.320396,48.469273],[-123.320446,48.469287],[-123.320576,48.469286]]}},{"type":"Feature","properties":{},"geometry":{"type":"LineString","coordinates":[[-123.307995,48.466505],[-123.307996,48.466511],[-123.307984,48.466531],[-123.307956,48.466555],[-123.307932,48.466601]]}},{"type":"Feature","properties":{},"geometry":{"type":"LineString","coordinates":[[-123.308271,48.466611],[-123.308211,48.466649],[-123.308095,48.46674],[-123.308032,48.466779]]}},{"type":"Feature","properties":{},"geometry":{"type":"LineString","coordinates":[[-123.30722,48.465478],[-123.307426,48.465585],[-123.307617,48.465687],[-123.307651,48.465699]]}},{"type":"Feature","properties":{},"geometry":{"type":"LineString","coordinates":[[-123.307113,48.465719],[-123.307079,48.46571],[-123.306955,48.465673],[-123.306706,48.465589],[-123.306555,48.465556]]}},{"type":"Feature","properties":{},"geometry":{"type":"LineString","coordinates":[[-123.308217,48.465735],[-123.308202,48.465726],[-123.308161,48.465708],[-123.308126,48.465699],[-123.308076,48.46569],[-123.308024,48.46569],[-123.307848,48.465707],[-123.307782,48.465711],[-123.307717,48.465709],[-123.307651,48.465699]]}},{"type":"Feature","properties":{},"geometry":{"type":"LineString","coordinates":[[-123.308217,48.465735],[-123.308238,48.46575],[-123.30781,48.46609],[-123.30783,48.46611],[-123.307835,48.466152],[-123.307825,48.466182],[-123.307792,48.466204]]}},{"type":"Feature","properties":{},"geometry":{"type":"LineString","coordinates":[[-123.315057,48.459703],[-123.315074,48.459635]]}},{"type":"Feature","properties":{},"geometry":{"type":"LineString","coordinates":[[-123.311942,48.46906],[-123.312083,48.46905],[-123.312121,48.46905],[-123.313295,48.468946]]}},{"type":"Feature","properties":{},"geometry":{"type":"LineString","coordinates":[[-123.311915,48.469011],[-123.311942,48.46906]]}},{"type":"Feature","properties":{},"geometry":{"type":"LineString","coordinates":[[-123.307514,48.466731],[-123.307475,48.466644],[-123.307458,48.466586],[-123.30743,48.46653],[-123.30734,48.466436],[-123.307268,48.46636],[-123.307209,48.466279]]}},{"type":"Feature","properties":{},"geometry":{"type":"LineString","coordinates":[[-123.302647,48.463901],[-123.303382,48.464296],[-123.303846,48.464554],[-123.304355,48.464846],[-123.305005,48.465222],[-123.305104,48.465275],[-123.305162,48.465321],[-123.305219,48.465369],[-123.3053,48.46545]]}},{"type":"Feature","properties":{},"geometry":{"type":"LineString","coordinates":[[-123.307026,48.466638],[-123.306762,48.466438],[-123.306576,48.466323],[-123.306302,48.466084],[-123.30567,48.46566],[-123.305549,48.465595],[-123.305408,48.465513],[-123.30532,48.465461],[-123.305352,48.465435],[-123.305401,48.465396]]}},{"type":"Feature","properties":{},"geometry":{"type":"LineString","coordinates":[[-123.307739,48.467253],[-123.307791,48.467299],[-123.307863,48.467362]]}},{"type":"Feature","properties":{},"geometry":{"type":"LineString","coordinates":[[-123.317569,48.468523],[-123.317566,48.468466],[-123.317565,48.468442]]}},{"type":"Feature","properties":{},"geometry":{"type":"LineString","coordinates":[[-123.317685,48.46845],[-123.317566,48.468466],[-123.317466,48.468479]]}},{"type":"Feature","properties":{},"geometry":{"type":"LineString","coordinates":[[-123.305561,48.467053],[-123.305753,48.466991]]}},{"type":"Feature","properties":{},"geometry":{"type":"LineString","coordinates":[[-123.305561,48.467053],[-123.305586,48.467073],[-123.305631,48.467103],[-123.305686,48.467139],[-123.30572,48.467157],[-123.305757,48.467177],[-123.305797,48.467195]]}},{"type":"Feature","properties":{},"geometry":{"type":"LineString","coordinates":[[-123.305887,48.467057],[-123.305871,48.4671],[-123.305851,48.467142],[-123.305797,48.467195],[-123.305727,48.467249],[-123.305488,48.467385],[-123.305302,48.467473],[-123.305233,48.467509]]}},{"type":"Feature","properties":{},"geometry":{"type":"LineString","coordinates":[[-123.304958,48.46717],[-123.305094,48.467131],[-123.305128,48.467126],[-123.305231,48.467115],[-123.305264,48.467112]]}},{"type":"Feature","properties":{},"geometry":{"type":"LineString","coordinates":[[-123.305264,48.467112],[-123.305296,48.467101]]}},{"type":"Feature","properties":{},"geometry":{"type":"LineString","coordinates":[[-123.305191,48.466943],[-123.305319,48.467092]]}},{"type":"Feature","properties":{},"geometry":{"type":"LineString","coordinates":[[-123.305274,48.46716],[-123.305231,48.467115]]}},{"type":"Feature","properties":{},"geometry":{"type":"LineString","coordinates":[[-123.305405,48.46711],[-123.305436,48.467144]]}},{"type":"Feature","properties":{},"geometry":{"type":"LineString","coordinates":[[-123.305046,48.467274],[-123.305172,48.467225]]}},{"type":"Feature","properties":{},"geometry":{"type":"LineString","coordinates":[[-123.304918,48.46727],[-123.304863,48.467207]]}},{"type":"Feature","properties":{},"geometry":{"type":"LineString","coordinates":[[-123.304785,48.467309],[-123.304734,48.467256]]}},{"type":"Feature","properties":{},"geometry":{"type":"LineString","coordinates":[[-123.304791,48.467234],[-123.304739,48.467176]]}},{"type":"Feature","properties":{},"geometry":{"type":"LineString","coordinates":[[-123.304437,48.467522],[-123.304634,48.467445]]}},{"type":"Feature","properties":{},"geometry":{"type":"LineString","coordinates":[[-123.303451,48.467795],[-123.303462,48.467823],[-123.303475,48.467865],[-123.30348,48.467883],[-123.303476,48.467895],[-123.303466,48.467907],[-123.303442,48.467926],[-123.303391,48.467963],[-123.303378,48.467981],[-123.303371,48.467995],[-123.303369,48.468011],[-123.30337,48.468025],[-123.303377,48.468032],[-123.303546,48.468143],[-123.303563,48.46815]]}},{"type":"Feature","properties":{},"geometry":{"type":"LineString","coordinates":[[-123.303563,48.46815],[-123.303606,48.468121],[-123.303875,48.468037],[-123.304041,48.467998],[-123.304167,48.467973],[-123.304285,48.467955],[-123.304417,48.467935],[-123.304582,48.467896],[-123.304831,48.467865],[-123.304928,48.467853],[-123.305045,48.467851],[-123.305207,48.467845],[-123.305447,48.467809]]}},{"type":"Feature","properties":{},"geometry":{"type":"LineString","coordinates":[[-123.303563,48.46815],[-123.30349,48.468219],[-123.303401,48.468264],[-123.303361,48.468285],[-123.303332,48.468301],[-123.303316,48.468319]]}},{"type":"Feature","properties":{},"geometry":{"type":"LineString","coordinates":[[-123.307172,48.463578],[-123.306939,48.463603],[-123.306666,48.463632]]}},{"type":"Feature","properties":{},"geometry":{"type":"LineString","coordinates":[[-123.306939,48.463603],[-123.307001,48.463993],[-123.306723,48.464013]]}},{"type":"Feature","properties":{},"geometry":{"type":"LineString","coordinates":[[-123.32067,48.461401],[-123.320537,48.46145],[-123.320132,48.461491],[-123.319958,48.461496],[-123.31986,48.461488],[-123.319746,48.461483],[-123.31968,48.461475]]}},{"type":"Feature","properties":{},"geometry":{"type":"LineString","coordinates":[[-123.310077,48.461694],[-123.310072,48.461659]]}},{"type":"Feature","properties":{},"geometry":{"type":"LineString","coordinates":[[-123.313449,48.463601],[-123.313404,48.463374],[-123.313351,48.463105],[-123.313315,48.46292],[-123.313304,48.462865],[-123.313244,48.462869],[-123.312927,48.462887]]}},{"type":"Feature","properties":{},"geometry":{"type":"LineString","coordinates":[[-123.313404,48.463374],[-123.313629,48.463361]]}},{"type":"Feature","properties":{},"geometry":{"type":"LineString","coordinates":[[-123.313505,48.462373],[-123.313469,48.462375],[-123.313402,48.462378]]}},{"type":"Feature","properties":{},"geometry":{"type":"LineString","coordinates":[[-123.312908,48.462888],[-123.312774,48.462898]]}},{"type":"Feature","properties":{},"geometry":{"type":"LineString","coordinates":[[-123.312927,48.462887],[-123.312908,48.462888]]}},{"type":"Feature","properties":{},"geometry":{"type":"LineString","coordinates":[[-123.313188,48.463116],[-123.312993,48.463123],[-123.312966,48.463122]]}},{"type":"Feature","properties":{},"geometry":{"type":"LineString","coordinates":[[-123.312941,48.463121],[-123.312815,48.463135]]}},{"type":"Feature","properties":{},"geometry":{"type":"LineString","coordinates":[[-123.312966,48.463122],[-123.312941,48.463121]]}},{"type":"Feature","properties":{},"geometry":{"type":"LineString","coordinates":[[-123.313888,48.465281],[-123.31384,48.465285]]}},{"type":"Feature","properties":{},"geometry":{"type":"LineString","coordinates":[[-123.297705,48.461152],[-123.298062,48.46135],[-123.298101,48.461372],[-123.298686,48.461702],[-123.29899,48.461868],[-123.299303,48.462039],[-123.300106,48.462477],[-123.30015,48.462502],[-123.300613,48.462759],[-123.300809,48.462868],[-123.301702,48.463366],[-123.302647,48.463901]]}},{"type":"Feature","properties":{},"geometry":{"type":"LineString","coordinates":[[-123.305937,48.465696],[-123.30597,48.465796],[-123.306213,48.465942],[-123.306405,48.466051],[-123.306532,48.466142],[-123.306721,48.466297],[-123.306894,48.466455],[-123.307011,48.466565],[-123.307026,48.466638]]}},{"type":"Feature","properties":{},"geometry":{"type":"LineString","coordinates":[[-123.306999,48.466491],[-123.307011,48.466565]]}},{"type":"Feature","properties":{},"geometry":{"type":"LineString","coordinates":[[-123.310051,48.463995],[-123.309974,48.4639]]}},{"type":"Feature","properties":{},"geometry":{"type":"LineString","coordinates":[[-123.308752,48.462984],[-123.308506,48.462999],[-123.308439,48.462604]]}},{"type":"Feature","properties":{},"geometry":{"type":"LineString","coordinates":[[-123.308944,48.462615],[-123.308999,48.462968],[-123.308752,48.462984],[-123.308689,48.46261]]}},{"type":"Feature","properties":{},"geometry":{"type":"LineString","coordinates":[[-123.319488,48.468181],[-123.319303,48.468023]]}},{"type":"Feature","properties":{},"geometry":{"type":"LineString","coordinates":[[-123.319488,48.468181],[-123.319472,48.468206],[-123.319456,48.468234],[-123.31944,48.468266],[-123.319428,48.468295],[-123.319411,48.468337],[-123.319398,48.468375],[-123.319388,48.4684],[-123.319379,48.468413],[-123.319371,48.46842],[-123.31936,48.468426],[-123.319346,48.468434],[-123.319328,48.468442]]}},{"type":"Feature","properties":{},"geometry":{"type":"LineString","coordinates":[[-123.319687,48.468461],[-123.319592,48.468451],[-123.319524,48.468444],[-123.319393,48.468429]]}},{"type":"Feature","properties":{},"geometry":{"type":"LineString","coordinates":[[-123.319702,48.468689],[-123.319713,48.468583],[-123.319723,48.46849]]}},{"type":"Feature","properties":{},"geometry":{"type":"LineString","coordinates":[[-123.319328,48.468479],[-123.319328,48.468527],[-123.319328,48.468608]]}},{"type":"Feature","properties":{},"geometry":{"type":"LineString","coordinates":[[-123.319659,48.468716],[-123.319495,48.468715],[-123.319328,48.468715]]}},{"type":"Feature","properties":{},"geometry":{"type":"LineString","coordinates":[[-123.319328,48.468608],[-123.319328,48.468715]]}},{"type":"Feature","properties":{},"geometry":{"type":"LineString","coordinates":[[-123.319393,48.468429],[-123.31936,48.468426],[-123.319328,48.468425]]}},{"type":"Feature","properties":{},"geometry":{"type":"LineString","coordinates":[[-123.319328,48.468715],[-123.319318,48.468719]]}},{"type":"Feature","properties":{},"geometry":{"type":"LineString","coordinates":[[-123.319702,48.468689],[-123.319701,48.468696],[-123.319698,48.468701],[-123.319691,48.468708],[-123.319683,48.468713],[-123.319673,48.468715],[-123.319659,48.468716]]}},{"type":"Feature","properties":{},"geometry":{"type":"LineString","coordinates":[[-123.319737,48.468747],[-123.319691,48.468708]]}},{"type":"Feature","properties":{},"geometry":{"type":"LineString","coordinates":[[-123.319687,48.468461],[-123.319702,48.468465],[-123.319713,48.468471],[-123.31972,48.46848],[-123.319723,48.46849]]}},{"type":"Feature","properties":{},"geometry":{"type":"LineString","coordinates":[[-123.319713,48.468471],[-123.319743,48.468459],[-123.319768,48.468449],[-123.319793,48.468439],[-123.319821,48.468427],[-123.31985,48.468414],[-123.319905,48.468386]]}},{"type":"Feature","properties":{},"geometry":{"type":"LineString","coordinates":[[-123.319905,48.468386],[-123.319937,48.468372],[-123.319978,48.468354]]}},{"type":"Feature","properties":{},"geometry":{"type":"LineString","coordinates":[[-123.317667,48.468428],[-123.317565,48.468442],[-123.317487,48.468453]]}},{"type":"Feature","properties":{},"geometry":{"type":"LineString","coordinates":[[-123.317487,48.468453],[-123.317414,48.468463]]}},{"type":"Feature","properties":{},"geometry":{"type":"LineString","coordinates":[[-123.316501,48.466095],[-123.316477,48.466071],[-123.316443,48.466037],[-123.316404,48.466002],[-123.316385,48.46599],[-123.316358,48.465975],[-123.316337,48.465961],[-123.31601,48.465646],[-123.315938,48.465576],[-123.315859,48.4655],[-123.315636,48.465285],[-123.315581,48.465233],[-123.315544,48.465193],[-123.315462,48.465166]]}},{"type":"Feature","properties":{},"geometry":{"type":"LineString","coordinates":[[-123.316558,48.466161],[-123.316527,48.466125],[-123.316501,48.466095]]}},{"type":"Feature","properties":{},"geometry":{"type":"LineString","coordinates":[[-123.316465,48.466101],[-123.316414,48.466051],[-123.316386,48.466025],[-123.316355,48.466004],[-123.316311,48.465975],[-123.316156,48.465828],[-123.316091,48.465765],[-123.315909,48.465592],[-123.315818,48.465503],[-123.315722,48.465412],[-123.315462,48.465166]]}},{"type":"Feature","properties":{},"geometry":{"type":"LineString","coordinates":[[-123.316537,48.466182],[-123.3165,48.46614],[-123.316465,48.466101]]}},{"type":"Feature","properties":{},"geometry":{"type":"LineString","coordinates":[[-123.319514,48.465667],[-123.319437,48.465704],[-123.31938,48.465734],[-123.319299,48.465802],[-123.319218,48.465872],[-123.319185,48.465909],[-123.319145,48.465964],[-123.319103,48.466013],[-123.319047,48.466056],[-123.318981,48.46607],[-123.318909,48.466057],[-123.318698,48.466002],[-123.31857,48.465975],[-123.31847,48.465969],[-123.318353,48.465991],[-123.318294,48.466022],[-123.318262,48.46606],[-123.318252,48.466104],[-123.318251,48.466151],[-123.318236,48.466206],[-123.318211,48.466252],[-123.318178,48.466299],[-123.31817,48.466323],[-123.318185,48.466355],[-123.318209,48.466386],[-123.318225,48.466436],[-123.318223,48.466484],[-123.318181,48.466525],[-123.31812,48.466568],[-123.318048,48.466618],[-123.317995,48.466666],[-123.317953,48.466712],[-123.317848,48.466833],[-123.317761,48.466949],[-123.317662,48.467092],[-123.31759,48.467213],[-123.31755,48.467266],[-123.317477,48.467326],[-123.317474,48.46733],[-123.317472,48.467336],[-123.317473,48.467361],[-123.317472,48.467367],[-123.317471,48.46737],[-123.317467,48.467372],[-123.317461,48.467373],[-123.317449,48.467375]]}},{"type":"Feature","properties":{},"geometry":{"type":"LineString","coordinates":[[-123.317449,48.467375],[-123.317427,48.467379],[-123.317336,48.467394],[-123.317282,48.467404]]}},{"type":"Feature","properties":{},"geometry":{"type":"LineString","coordinates":[[-123.316477,48.466071],[-123.316496,48.466067],[-123.316512,48.466063],[-123.316525,48.466057],[-123.316532,48.466052],[-123.31654,48.466041],[-123.316542,48.466031],[-123.316539,48.46602],[-123.316556,48.466019]]}},{"type":"Feature","properties":{},"geometry":{"type":"LineString","coordinates":[[-123.316556,48.466019],[-123.316595,48.466015],[-123.31668,48.466026]]}},{"type":"Feature","properties":{},"geometry":{"type":"LineString","coordinates":[[-123.316443,48.466037],[-123.316431,48.466043]]}},{"type":"Feature","properties":{},"geometry":{"type":"LineString","coordinates":[[-123.316297,48.466103],[-123.316282,48.46611],[-123.316289,48.46612],[-123.316293,48.466131],[-123.316296,48.466142],[-123.316295,48.466155],[-123.316287,48.466165],[-123.316274,48.466175],[-123.316256,48.466181],[-123.316219,48.466193],[-123.316195,48.466202]]}},{"type":"Feature","properties":{},"geometry":{"type":"LineString","coordinates":[[-123.316195,48.466202],[-123.316142,48.466297]]}},{"type":"Feature","properties":{},"geometry":{"type":"LineString","coordinates":[[-123.315606,48.464738],[-123.315554,48.464785],[-123.315475,48.46485],[-123.315379,48.464926],[-123.315324,48.464983],[-123.315319,48.465011],[-123.315322,48.465031],[-123.315334,48.465043],[-123.31536,48.46507],[-123.315393,48.465101],[-123.315417,48.465124],[-123.315462,48.465166]]}},{"type":"Feature","properties":{},"geometry":{"type":"LineString","coordinates":[[-123.315322,48.465031],[-123.315297,48.465044]]}},{"type":"Feature","properties":{},"geometry":{"type":"LineString","coordinates":[[-123.315195,48.465106],[-123.315183,48.465114],[-123.31516,48.465113],[-123.315134,48.465114],[-123.315123,48.465117]]}},{"type":"Feature","properties":{},"geometry":{"type":"LineString","coordinates":[[-123.31511,48.465108],[-123.315123,48.465117]]}},{"type":"Feature","properties":{},"geometry":{"type":"LineString","coordinates":[[-123.315606,48.464738],[-123.315555,48.464681],[-123.315504,48.464662]]}},{"type":"Feature","properties":{},"geometry":{"type":"LineString","coordinates":[[-123.319265,48.469411],[-123.319023,48.4693]]}},{"type":"Feature","properties":{},"geometry":{"type":"LineString","coordinates":[[-123.318952,48.469691],[-123.318716,48.469569]]}},{"type":"Feature","properties":{},"geometry":{"type":"LineString","coordinates":[[-123.318608,48.469663],[-123.318848,48.469781]]}},{"type":"Feature","properties":{},"geometry":{"type":"LineString","coordinates":[[-123.319784,48.468775],[-123.319897,48.468768],[-123.32014,48.468703],[-123.320523,48.468704],[-123.320933,48.468704],[-123.321183,48.468704]]}},{"type":"Feature","properties":{},"geometry":{"type":"LineString","coordinates":[[-123.315559,48.46506],[-123.315558,48.465044],[-123.315558,48.464988],[-123.315579,48.464946],[-123.315621,48.464912],[-123.315621,48.464897],[-123.315524,48.464904],[-123.315474,48.46494],[-123.315479,48.46498],[-123.315504,48.465013],[-123.315558,48.465044]]}},{"type":"Feature","properties":{},"geometry":{"type":"LineString","coordinates":[[-123.315628,48.465175],[-123.315563,48.465123],[-123.315559,48.46506],[-123.315639,48.465012]]}},{"type":"Feature","properties":{},"geometry":{"type":"LineString","coordinates":[[-123.315905,48.46528],[-123.315811,48.465208],[-123.315736,48.46518],[-123.315628,48.465175],[-123.315544,48.465193]]}},{"type":"Feature","properties":{},"geometry":{"type":"LineString","coordinates":[[-123.315729,48.464732],[-123.315644,48.464749],[-123.315554,48.464785]]}},{"type":"Feature","properties":{},"geometry":{"type":"LineString","coordinates":[[-123.308803,48.464872],[-123.308883,48.464932]]}},{"type":"Feature","properties":{},"geometry":{"type":"LineString","coordinates":[[-123.308936,48.464899],[-123.308883,48.464932]]}},{"type":"Feature","properties":{},"geometry":{"type":"LineString","coordinates":[[-123.309021,48.464851],[-123.308977,48.464877],[-123.308936,48.464899]]}}]}